i,label,generator,swapped_from,swapped_to,statement,evidence,label_correct,config_hash,seed
1,CONTRADICTED,entity,ডাম্বলডোরের,বিভিন্য,উপন্যাসের শেষে ভল্ডেমর্টের মুখোমুখি হওয়া হ্যারি সেডরিক ডিগরির মৃতদেহটি জড়িয়ে ধরে ফিরে এলে বিভিন্য ভয়ের কারণটি বোঝা যায়।,হ্যারি পটার অ্যান্ড দ্য গবলেট অফ ফায়ার উপন্যাসে ডাম্বলডোর ট্রাইউইজার্ড টুর্নামেন্ট সম্পর্কে সকলকে অবহিত করেন। তিনি এই প্রতিযোগিতার বিচারকের পদটিও অলংকৃত করেন। গবলেট অফ ফায়ার থেকে হ্যারির নাম বেরিয়ে এলে ডাম্বলডোর রেগে না গিয়ে শান্তভাবেই হ্যারিকে জিজ্ঞাসা করেন সে নিজে অথবা কোনো বড়ো ছাত্রকে দিয়ে তার নাম গবলেটে প্রদান করেছিল কিনা। হ্যারি উত্তরে জানায় যে সে সেরকম কিছুই করেনি। ডাম্বলডোর তাকে বিশ্বাস করেন। উপন্যাসের শেষে ভল্ডেমর্টের মুখোমুখি হওয়া হ্যারি সেডরিক ডিগরির মৃতদেহটি জড়িয়ে ধরে ফিরে এলে ডাম্বলডোরের ভয়ের কারণটি বোঝা যায়। অ্যালাস্টার মুডি (প্রকৃতপক্ষে পলিজ্যুস পোশন ব্যবহার করা বার্টি ক্রাউচ জুনিয়র) হ্যারিকে ডাম্বলডোরের কাছ থেকে বিচ্ছিন্ন করে দুর্গের মধ্যে তার অফিসে নিয়ে যান। ডাম্বলডোরের তৎক্ষণাৎ সন্দেহ হয়। তিনি মিনার্ভা ম্যাকগোনাগল ও সেভেরাস স্নেইপকে নিয়ে হ্যারিকে উদ্ধার করতে উপস্থিত হন। ক্রাউচকে জেরা করে তিনি প্রকৃত ঘটনা জানতে পারেন। এরপর ডাম্বলডোর হ্যারির কাছ থেকে ভল্ডেমর্টের প্রত্যাবর্তনের প্রত্যক্ষ বিবরণ শোনেন। কয়েক ঘণ্টা পর হ্যারি ঘুম থেকে জেগে উঠে শোনে যে উইং-এ জাদুমন্ত্রী কর্নেলিয়াস ফাজের সঙ্গে ম্যাকগোনাগল ও ডাম্বলডোরের তর্কবিতর্ক চলছে। ডাম্বলডোর ও ফাজের মধ্যে মতানৈক্য হয় এবং ফাজ ভল্ডেমর্টের প্রত্যাবর্তনের কথা সম্পূর্ণ অস্বীকার করেন।,,773e1b820203,1337
2,CONTRADICTED,unit,ফারেনহাইট,সপ্তাহ,জুলাই মাসে এই অঞ্চলের গড় তাপমাত্রা থাকে 70-85° সপ্তাহ ও জানুয়ারিতে 50-70° ফারেনহাইট।,"সিন্ধু বদ্বীপ পাকিস্তানে সিন্ধু নদ ও আরবসাগরের মোহনায় অবস্থিত। এই বদ্বীপ অঞ্চলের আয়তন 16,000 বর্গমাইল (41,440 বর্গকিলোমিটার) এবং সমুদ্র-বরাবর এর প্রস্থ প্রায় 130 কিলোমিটার। সিন্ধু বদ্বীপের মৃত্তিকাগত বৈশিষ্ট্য খুব কম বদ্বীপেই লক্ষিত হয় - এই অঞ্চল কাদা ও অন্যান্য অনুর্বর মাটিতে গঠিত এবং জলাভূমিময়। এই অঞ্চলের স্বাভাবিক বার্ষিক বৃষ্টিপাতের হার 10-20 ইঞ্চি। পাকিস্তানের পঞ্চম বৃহত্তম নগরী হায়দ্রাবাদ সিন্ধুর মোহনার 130 মাইল উত্তরে অবস্থিত। সমগ্র বদ্বীপ অঞ্চলে অনেক ছোটোখাটো মফস্বল শহর দেখা গেলেও, হায়দ্রাবাদের দক্ষিণে কোনো বড় শহর পাওয়া যায় না। পাকিস্তানের বৃহত্তম শহর করাচি বদ্বীপের দক্ষিণে আরবসাগরের উপকূলে অবস্থিত। জুলাই মাসে এই অঞ্চলের গড় তাপমাত্রা থাকে 70-85° ফারেনহাইট ও জানুয়ারিতে 50-70° ফারেনহাইট। এই বদ্বীপ অঞ্চলে প্রচুর পরিযায়ী পাখি ও মিষ্টিজলের প্রাণী দেখা যায়। ইলিশ, সিন্ধু বারিল, সিন্ধু গারুয়া (এক ধরনের ক্যাটফিস), দৈত্যাকার স্নেকহেড, সোনালি মহসির ও রিটা ক্যাটফিস প্রভৃতি মাছ এই অঞ্চলে প্রচুর মেলে। 2002 সালের 5 নভেম্বর সিন্ধু বদ্বীপ অঞ্চল রামসর স্থান ঘোষিত হয়েছে।",,773e1b820203,1337
3,SUPPORTED,gold,,,প্রত্নতাত্ত্বিকরা এই মাজারের সমাধি কক্ষগুলোর মধ্যে প্রাচীনতম তিনটি সমাধি কক্ষের সময়কাল খ্রিস্টপূর্ব প্রথম শতাব্দী নির্ধারণ করেছেন যা ইহুদি সূত্রের সাথে সাংঘর্ষিক।,"পয়গম্বরদের মাজার জেরুজালেমের জলপাই পর্বতে অবস্থিত একটি প্রাচীন সমাধিসৌধ। মধ্যযুগীয় ইহুদি সূত্রানুসারে এই জায়গাতে পারসিক যুগের তিন নবী হগয়, সখরিয় ও মালাখি শায়িত আছেন। প্রত্নতাত্ত্বিকরা এই মাজারের সমাধি কক্ষগুলোর মধ্যে প্রাচীনতম তিনটি সমাধি কক্ষের সময়কাল খ্রিস্টপূর্ব প্রথম শতাব্দী নির্ধারণ করেছেন যা ইহুদি সূত্রের সাথে সাংঘর্ষিক। মধ্যযুগ থেকে এই জায়গাটি ইহুদিদের দ্বারা পবিত্র হিসেবে বিবেচিত হওয়া সহ পবিত্র স্থান হিসেবে প্রায়ই দর্শন হয়ে আসছে। 1882 সালে আর্খিমান্দ্রাইট আন্টনিন (কাপুস্টিন) এই জায়গাটি রুশ অর্থোডক্স গির্জার জন্য নেওয়া হয়। তিনি এই জায়গায় একটি গির্জা নির্মাণের পরিকল্পনা করেন যার ফলে তিনি ইহুদিদের দ্বারা চরম প্রতিবাদে শিকার হন। অটোম্যান আদালত 1890 সালে রুশদের পক্ষে রায় দেয় তবে রুশরা অত্র স্থলে খ্রিস্ট ধর্মের চিহ্ন ক্রুশ অপ্রদর্শনে সম্মত হয় এবং সবধর্মের লোকদের এই গুহায় প্রবেশাধিকার থাকে।",,773e1b820203,1337
4,CONTRADICTED,entity,যাদবপুর,বতুতার,অমর্ত্য সেন মাত্র 23 বছর বয়সে বতুতার বিশ্ববিদ্যালয় এর অর্থনীতি বিভাগের প্রতিষ্ঠাতা এবং পূর্ণ অধ্যাপক হিসেবে নিযুক্ত হন।,"অমর্ত্য সেন মাত্র 23 বছর বয়সে যাদবপুর বিশ্ববিদ্যালয় এর অর্থনীতি বিভাগের প্রতিষ্ঠাতা এবং পূর্ণ অধ্যাপক হিসেবে নিযুক্ত হন। 1960-61 সালে ম্যাসাচুসেট্স ইনস্টিটিউট অফ টেকনোলজি, স্ট্যানফোর্ড বিশ্ববিদ্যালয়, কর্নেল বিশ্ববিদ্যালয়, ইউনিভার্সিটি অব ক্যালিফোর্নিয়া অ্যাট বার্কলেতে ভিজিটিং অধ্যাপক ছিলেন। বর্তমানে হার্ভার্ড বিশ্ববিদ্যালয়ের ল্যামন্ট প্রফেসর হিসেবে কর্মরত। 1972 সালে তিনি লন্ডন স্কুল অফ ইকোনমিক্স এ অধ্যাপক হিসেবে যোগ দেন। কেমব্রিজ বিশ্ববিদ্যালয় 1977 থেকে 1986 সাল পর্যন্ত তিনি অক্সফোর্ড বিশ্ববিদ্যালয়ে শিক্ষকতা করেছেন। অমর্ত্য সেনের লেখা গ্রন্থাবলি 30টিরও বেশি ভাষায় অনূদিত হয়েছে।",,773e1b820203,1337
5,CONTRADICTED,date,2005,2022,2022 এ ফ্লেচার পুনর্নির্বাচনের জন্য দাড়ান।,"2005 এ ফ্লেচার পুনর্নির্বাচনের জন্য দাড়ান। 2006 সালে গ্র্যান্ড জুরি ফ্লেচারকে দোষী সাব্যস্ত করলে লেফটেন্যান্ট গভর্নর পেন্স ঘোষণা দেন, তিনি এই পুনর্নির্বাচনে ফ্লেচারের সহযোদ্ধা হতে চান না। ফ্লেচার পেন্সের তাৎক্ষনিক পদত্যাগ চেয়েছিলেন। কিন্তু পেন্স তা করেন নি, তবে তিনি বিচার বিভাগীয় প্রধান পদ থেকে পদত্যাগ করেন। ফ্লেচার তার এক্সিকিউটিভ সেক্রেটারি (নির্বাহী সচিব), রবি রুডলফকে তার নতুন সহযোদ্ধা হিসেবে বেছে নেন। 

যদিও 2006 সালের শেষের দিকে স্টাম্বোর সাথে তদন্ত শেষ করা প্রসংগে চুক্তি হয়, তবুও এই কেলেঙ্কারী তার পুনর্নির্বাচনে যথেষ্ট প্রভাব ফেলে। তিনি এই নির্বাচনে দুজন নতুন প্রতিদ্বন্দ্বীর মুখোমুখি হন।- তৃতীয় জেলা সাবেক কংগ্রেস সদস্য অ্যানি নর্থআপ এবং পাডুকা শহরের বিখ্যাত ধনী ব্যবসায়ী বিলি হার্পার। কেন্টাকি রিপাবলিকান পার্টির নেতা সিনেটর মিচ ম্যাককনেল প্রাথমিক নির্বাচনে অনুমোদন দিতে অস্বীকার করলেও পরবর্তীতে স্বীকার করেন যে নর্থআপ তাদের জন্য শক্তিশালী প্রতিপক্ষ""।। নর্থআপ ফ্লেচার প্রশাসনে মেধা আইন কেলেংকারী নিয়ে জোর প্রচারণা চালান এবং দাবী করেন ফ্লেচার পুনর্নির্বাচনের অযোগ্য জিম বনিং, কেন্টাকি-র অন্যান্য রিপাবলিকান সিনেটর এবং লেফটেন্যান্ট গভর্নর পেন্স নর্থআপ কে সমর্থন করেন। প্রাথমিকভাবে, ফ্লেচার 50% এর বেশি ভোট পান এবং দলের মনোনয়ন পেয়ে যান। তার প্রতিদ্বন্দ্বী নর্থআপ এর তেমন পরিচিতি ন",,773e1b820203,1337
6,CONTRADICTED,entity,জন্মগ্রহণ,সাধিত,"অভিজিৎ বন্দ্যোপাধ্যায় 1961 সালে 21 ফেব্রুয়ারি, ভারতের মুম্বইতে সাধিত করেন।","অভিজিৎ বন্দ্যোপাধ্যায় 1961 সালে 21 ফেব্রুয়ারি, ভারতের মুম্বইতে জন্মগ্রহণ করেন। তার বাবা দীপক বন্দ্যোপাধ্যায় ছিলেন কলকাতা প্রেসিডেন্সি কলেজের অর্থনীতি বিভাগের প্রধান ও অধ্যাপক এবং তার মা নির্মলা বন্দ্যোপাধ্যায় ছিলেন সেন্টার ফর স্টাডিজ ইন সোশ্যাল সায়েন্সেস, কলকাতা এর অর্থনীতি বিভাগের একজন অধ্যাপক। তিনি সাউথ পয়েন্ট স্কুল এবং কলকাতার প্রেসিডেন্সি কলেজে লেখাপড়া করেন, যেখান থেকে 1981 সালে অর্থনীতিতে বি.এস ডিগ্রি অর্জন করেন। পরবর্তীতে তিনি 1983 সালে দিল্লীর জওহরলাল বিশ্ববিদ্যালয় থেকে অর্থনীতিতে এম.এ ডিগ্রি সম্পন্ন করেন। জেএনইউ তে পড়ার সময় তৎকালীন উপাচার্য পিএন শ্রীবাস্তব কে ঘেরাও করে বিদ্রোহ করার অপরাধে তাকে তিহার জেলে বন্দী করা হয়। পরবর্তীকালে তিনি জামিনে মুক্তি পান এবং ছাত্রদের উপর থেকে সমস্ত অভিযোগ তুলে নেওয়া হয়। [6] 1988 সালে তিনি অর্থনীতিতে পিএইচডিতে পড়াশুনার জন্য হার্ভার্ডে ভর্তি হন। অর্থনীতিতে পিএইচডি গবেষণায় তার বিষয়টি ছিলো ""এসেস ইন ইনফরমেশন ইকোনমিকস""",,773e1b820203,1337
7,CONTRADICTED,polarity,,না,"সম্পত পাল দেবী একজন প্রাক্তন সরকারী কর্মী এবং পাঁচ সন্তানের জননী, যিনি ভারতে বেড়ে ওঠার সময় তার নিজের সম্প্রদায়ের মধ্যে গার্হস্থ্য নির্যাতন এবং সহিংসতা লক্ষ্য করেন না।","প্রাক-ঔপনিবেশিক সামাজিক কাঠামোতে নারীদের ভূমিকা থেকে বুঝা যায় যে নারীবাদ পাশ্চাত্যের তুলনায় ভারতে ভিন্নভাবে ধারণা করা হয়। ভারতে নারীদের বিষয়গুলো প্রথম সমাধান করা শুরু হয় যখন রাষ্ট্র একদল নারীবাদী গবেষক এবং সক্রিয়কর্মীর কাছে নারীদের অবস্থা নিয়ে একটি প্রতিবেদন পেশ করে। এই প্রতিবেদনে স্বীকার করা হয়েছে যে ভারতে নারীদেরকে কাঠামোগত শ্রেণীবিন্যাস এবং অবিচারের অধীনে নিপীড়ন করা হয়েছে। এই সময়ে ভারতীয় নারীবাদীরা নারী নির্যাতন নিয়ে পরিচালিত পাশ্চাত্য বিতর্ক দ্বারা প্রভাবিত হয়। যাইহোক, ভারতের ঐতিহাসিক ও সামাজিক সংস্কৃতির পার্থক্যের কারণে, ভারতীয় নারীদের পক্ষে বিতর্ক সৃজনশীলভাবে পরিচালনা করতে হয়, এবং কিছু পাশ্চাত্য ধারণা প্রত্যাখ্যান করতে হয়। 1975-1985 সালের দশককে জাতিসংঘের নারী দশক হিসেবে ঘোষণা করা হলে নারী বিষয়ক বিষয়গুলো আন্তর্জাতিক খ্যাতি অর্জন করতে শুরু করে।

ভারতীয় নারীবাদীরা ভারতীয় সমাজে কিছু বাধার সম্মুখীন হয় যা পাশ্চাত্য সমাজে বিদ্যমান নয় বা প্রচলিত নয়। যদিও ভারতীয় নারীবাদীদের তাদের পশ্চিমা সহকর্মীদের মত একই চূড়ান্ত লক্ষ্য আছে, তাদের নারীবাদের সংস্করণ ভারতের আধুনিক পিতৃতান্ত্রিক সমাজে তারা যে ধরনের বিষয় এবং পরিস্থিতির সম্মুখীন হয় তা মোকাবেলা করার জন্য নানাভাবে ভিন্ন হতে পারে। ভারতীয় নারীবাদীরা তাদের সমাজের পিতৃতান্ত্রিক কাঠামোকে নানাভাবে চ্যালেঞ্জ করার চেষ্টা",,773e1b820203,1337
8,CONTRADICTED,relation_order,উৎপীড়ন->মুক্তিলাভভের,মুক্তিলাভভের->উৎপীড়ন,"ন্যায়যুদ্ধ তত্ত্ব এমন সব যুদ্ধের বৈধতা দান করে যেখুলো সর্বপ্রকার শোষণ, অত্যাচার, মুক্তিলাভভের থেকে উৎপীড়ন জন্য; বৈদেশিক আক্রমণ বৈদেশিক নিয়ন্ত্রণ থেকে আত্মরক্ষার জন্য এবং সাম্রাজ্যবাদের শৃঙ্খল থেকে পরাধীন দেশ ও উপনিবেশসমূহকে মুক্ত করার জন্য চালানো হয়।","ন্যায়যুদ্ধ তত্ত্ব এমন সব যুদ্ধের বৈধতা দান করে যেখুলো সর্বপ্রকার শোষণ, অত্যাচার, উৎপীড়ন থেকে মুক্তিলাভভের জন্য; বৈদেশিক আক্রমণ বৈদেশিক নিয়ন্ত্রণ থেকে আত্মরক্ষার জন্য এবং সাম্রাজ্যবাদের শৃঙ্খল থেকে পরাধীন দেশ ও উপনিবেশসমূহকে মুক্ত করার জন্য চালানো হয়। প্রাচীন রোমান দর্শন ও ক্যাথলিক চিন্তাধারা থেকে নীতিশাস্ত্রের এ বিশেষ তত্ত্বটির উদ্ভব হয়েছে। এ তত্ত্বটি মূলত ধর্মতাত্ত্বিক, নীতিশাস্ত্রবিদ ও আন্তর্জাতিক নীতিনির্ধারকগণ অনুশীলন ও চর্চা করেন। এ তত্ত্বমতে যুদ্ধকে অবশ্যই দর্শনগত, ধর্মীয় ও রাজনৈতিক নিয়মনীতি মেনে চলতে হবে।

প্রাচীন পুরাণ মহাভারতে সর্বপ্রথম ন্যায়যুদ্ধ সম্পর্কে লিখিত অভিমত পাওয়া যায়। পুরাণ মতে, রাজ্যশাসনকারী পাঁচ ভাইয়ের মধ্যে একজন জিজ্ঞেস করেন, যুদ্ধের ফলে যে ক্ষয়ক্ষতি ও দুর্দশার সৃষ্টি হয়, তাকে কোনভাবে যথাযোগ্য ""ন্যায়"" বলে ঘোষণা করা যায় কি না। পরবর্তীতে এ প্রশ্নের উপর ভিত্তি করে ভাইয়েদের মধ্যে ব্যাপক আলোচনার সূত্রপাত ঘটে এবং শেষে যুদ্ধের কিছু নিয়মকানুন সৃষ্টি করা হয়। যেমন সমতা (রথসমূহ অশ্বারোহী বাহিনীকে আক্রমণ করতে পারবে না, রথের সাথে কেবল রথের যুদ্ধ চলবে, বিপদাপন্ন ব্যক্তিকে আক্রমণ করা যাবে না), ন্যায় পদ্ধতি (বিষাক্ত ও কাঁটাওয়ালা তীর ব্যবহার করা যাবে না), ন্যায় কারণ (প্রতিহিংসাপরায়ন হয়ে যুদ্ধ করা যাবে না), এবং আহত ও যুদ্ধবন্দীদের সাথে সঠিক আচরণ।",,773e1b820203,1337
9,CONTRADICTED,polarity,,না,ইয়ালাট বন্দরটি 1947 সালে চালু হয়েছিল এবং বর্তমানে বন্দরটি পূর্ব-পূর্বের দেশগুলির সাথে বাণিজ্য করার জন্য প্রধানত ব্যবহৃত হয় না।,"ইয়ালাত বন্দর একমাত্র ইসরায়েলি সমুদ্র বন্দর, যা আকাবা উপসাগরের উপকূলের উত্তর দিকে অবস্থিত। ইয়ালাট বন্দরটি 1947 সালে চালু হয়েছিল এবং বর্তমানে বন্দরটি পূর্ব-পূর্বের দেশগুলির সাথে বাণিজ্য করার জন্য প্রধানত ব্যবহৃত হয়। এটা সুয়েজ খাল মাধ্যমে চালিত না হয়ে ইসরায়েল জাহাজ ভারতীয় মহাসাগর পৌঁছাতে পারবেন। মিশরীয় তিরিশের ত্রাণসামগ্রীর নৌবাহিনী যেগুলি ইয়ালাতের প্রবেশাধিকার নিয়ন্ত্রণ করে, সেগুলি প্রধানত দুটি প্রধান আরব-ইসরায়েলি দ্বন্দ্বের দিকে পরিচালিত করে: সিনাই যুদ্ধ এবং ছয় দিনের যুদ্ধ।
ইসরায়েলে এই বন্দরে জাহাজের চলাচল অপেক্ষাকৃত কম (ভূমধ্যসাগরীয় ইসরায়েল এর দুটি বড় সমুদ্র বন্দর তুলনায়)। এক কারণ হল যে ইয়ালাত বন্দর দেশটির কেন্দ্র থেকে যথেষ্ট দূরত্বে অবস্থিত। অন্য আরেকটি মূল কারণ দেশের অন্যান্য প্রধান সমুদ্রবন্দরগুলির তুলনায়, ইয়ালাতের এখনও রেললাইন (সর্বাধিক নিকটতম রেলপথ উত্তর দিকে শত কিলোমিটার দূরে অবস্থিত) দ্বারা পরিবেশন করা হয়নি। এছাড়াও, উপকূলীয় পর্যটন পোর্টের সুবিধা প্রসারিত করার কোন সম্ভাবনা সঙ্গে প্রতিদ্বন্দ্বিতা ব্যবহার করে। ইসরায়েলি নৌবাহিনীর প্যাট্রোল নৌকা স্কোয়াড্রন 915 এখানে অবস্থিত। বন্দরের উন্নয়নে আরোপিত সীমাবদ্ধতা দূর করতে সরকার এলাকাটির জন্য ""সাউদার্ন গেটওয়ে"" পরিকল্পনা প্রস্তাব করেছে। এই প্রস্তাবটি শহরের বৃহত্তর মরুভূমিতে অবস্থিত একটি বৃহৎ মিলিত আকাশ পথ-রে",,773e1b820203,1337
10,CONTRADICTED,relation_order,সিজিস্তান->আগত,আগত->সিজিস্তান,ইলিয়াস শাহ বাংলাদেশে ইরানের আগত হতে সিজিস্তান এক উদ্বাস্তু ছিলেন।,"ইলিয়াস শাহ বাংলাদেশে ইরানের সিজিস্তান হতে আগত এক উদ্বাস্তু ছিলেন। তিনি প্রাথমিক জীবনে বাংলায় নিযুক্ত দিল্লীর গভর্নর আলী শাহের সিলাহদার ছিলেন। কিন্তু পরবর্তীতে ক্ষমতা দখল করে নিজেকে বাংলার সুলতান হিসেবে ঘোষণা করেন। ইলিয়াস শাহ বাংলা, বিহার ও উড়িষ্যা দখল করে ভারতবর্ষের পূর্বাঞ্চলে এক বিশাল সাম্রাজ্য কায়েম করেন। তিনি উত্তর প্রদেশ ও নেপালেরও বিরাট অংশ দখল করে নেন। এর ফলে দিল্লীর সুলতান ফিরোজ শাহ তুঘলক আতঙ্কিত হয়ে ওঠেন। 1553 সালে তিনি বাংলা আক্রমণ করেন। ইলিয়াস শাহ বিহার ও উড়িষ্যা অঞ্চল দুটো হারিয়ে ফেলেন কিন্তু তিনি বাংলার স্বাধীনতা রক্ষা করতে সক্ষম হন।

ইলিয়াস শাহের পরে সিকান্দার শাহ বাংলার সিংহাসনে আসীন হন। ইতঃপূর্বে ফিরোজ শাহ তুঘলক বাংলা অক্রমণ করে বাংলা প্রদেশটি দখল করতে ব্যর্থ হন। ফলে প্রতিশোধ গ্রহণের জন্য তিনি পুনরায় বাংলা আক্রমণ করেন। সুদীর্ঘ দুই বৎসর ফিরোজ শাহ বাংলা অবরোধ করে রাখেন। কিন্তু শেষ পর্যন্ত সিকান্দার শাহের হাতে পরাজিত হন। সিকান্দার শাহ সাহিত্য ও স্থাপত্যের একজন একনিষ্ঠ পৃষ্ঠপোষক ছিলেন। তার সময়ে বিশেষ করে স্থাপত্য ও ইমারত শিল্প ব্যাপক উন্নতি লাভ করে। তার অমর কীর্তি হচ্ছে বিখ্যাত আদিনা মসজিদ নির্মাণ করা। এই মসজিদটি তৎকালীন ভারতবর্ষের বৃহত্তম মসজিদ (দিল্লীর চেয়েও বৃহৎ) ছিল।

সিকান্দার শাহের পর আজম শাহ সিংহাসনে আসীন হন। তার শাসনকাল ছিল শান্তিপূর্ণ এবং এ সময় তে",,773e1b820203,1337
11,CONTRADICTED,unit,মাস,সপ্তাহ,কিউরিওসিটি পৃথিবী থেকে মঙ্গল গ্রহে পৌঁছাতে সময় নিয়েছে নয় সপ্তাহ।,"কিউরিওসিটি রোভার 2012 খ্রিস্টাব্দে মঙ্গল গ্রহে নাসার প্রেরিত চতুর্থ রোবটযান। মঙ্গল গবেষণার ইতিহাসে এটিই এখন পর্যন্ত (2012) নাসার বিজ্ঞানীদের সবচেয়ে বড় সাফল্য। রোবটযানটির ওজন প্রায় 1 টন। এই প্রথম নাসা এত বেশি ওজনের যান কোনো গ্রহে সফলভাবে নামাতে সক্ষম হয়েছে। মিশনের বিজ্ঞানীরা বলছেন, মঙ্গল গ্রহে এপর্যন্ত যত অনুসন্ধানী যান পাঠানো হয়েছে, তার মধ্যে 1 টন ওজনের এই কিউরিওসিটিই সবচেয়ে উন্নত। কিউরিওসিটি গ্রিনিচ মান সময় সোমবার ভোর পাঁচটা 32 মিনিটে মঙ্গল গ্রহের একটি পর্বতের জ্বালামুখের ভেতরে নামে এবং পরে মঙ্গলের মাটি স্পর্শ করে। কিউরিওসিটি পৃথিবী থেকে মঙ্গল গ্রহে পৌঁছাতে সময় নিয়েছে নয় মাস। এটি 2011 সালের নভেম্বরে যুক্তরাষ্ট্রের ফ্লোরিডার কেপ ক্যানাভেরাল থেকে যাত্রা শুরু করে এবং 57 কোটি কিলোমিটার পথ পাড়ি দিয়ে মঙ্গল গ্রহে পৌঁছায়। এ রোবটকে বলা হচ্ছে 'পূর্ণাঙ্গ জৈব গবেষণাগার'।
মঙ্গল নামে লোহিত গ্রহটির বিশাল আকৃতির আগ্নেয়গিরির জ্বালামুখ গেইলের ভূতত্ত্ব সম্পর্কে জানা। রোবটটি এর লেজার ব্যবহার করে সেখানকার শিলাখণ্ড ছিদ্র বা দহন করে এ গ্রহের প্রাচীন আবহাওয়া ও জলবায়ু জানার চেষ্টা করবে। এতে জানা যাবে, মঙ্গল কখনো আনুবীক্ষণিক জীব বসবাসের উপযোগী ছিল কি না এবং এখন সেখানে জীবনধারণের মতো পরিবেশ আছে কি না বা ভবিষ্যতে সে অবস্থা তৈরির সম্ভাবনা আছে কি না। এক কথায়, প্রায় সাড়ে পাঁচ কোটি কিলোমিটার প",,773e1b820203,1337
12,NEUTRAL,cross_passage,,,ডিজিটাল অবজেক্ট আইডেন্টিফায়ার বা ডিওআই হচ্ছে একটি নিখুত রাশিমালা যা ইলেকট্রনিক ডকুমেন্ট বা প্রকাশনাকে নির্দেশিত করতে ব্যবহৃত হয়।,"জলঘড়ি জলের প্রবাহের উপর ভিত্তি করে তৈরি এক ধরনের প্রাচীন যন্ত্র যা দিয়ে সময় পরিমাপ করা হতো। উত্তর আমেরিকা এবং আফ্রিকার আদিবাসীরা অবশ্য এক সময় জলপূর্ণ নৌকা দিয়ে সময় পরিমাপ করতো। নৌকায় একটা ফুটো থাকতো, ফুটো দিয়ে জল বের হতে হতে কখন নৌকাটি ডুবে যায় তারা তারই প্রতীক্ষা করতো। তবে সবচেয়ে সাধারণ জলঘড়ি তৈরি হয় একটি জলপূর্ণ পাত্র দিয়ে। পাত্রের ছিদ্র দিয়ে জল বের হতে দেয়া হয় এবং পাত্রের ভেতরের গায়ে চিহ্নিত দাগ থেকে বোঝা যায় জল কতটুকু কমছে। জলের স্তরের মাধ্যমেই সময় নির্ধারিত হয়। এর উদ্ভাবক সম্ভবত প্রাচীন মেসোপোটেমিয়া সভ্যতার সুমেরীয়দের। প্রাচীন মিশরে খ্রিস্টপূর্ব 14 শতাব্দীতেও জলঘড়ি নির্মিত হতো বলে ধারণা করা হয়। 
তৃতীয় খ্রিস্টপূর্বাব্দে আলেকজান্দ্রিয়ার গ্রিক প্রকৌশলী ক্তিসিবিওস জলঘড়ির উন্নতি সাধন করেন। পাত্রে পানির পরিমাণ কমতে থাকলে পানি প্রবাহের গতিও কমে যায়, যে কারণে প্রাচীন জলঘড়িকে সময় পরিমাপের ধ্রুব বা আদর্শ উপায় হিসেবে ব্যবহার করা যেতো না। ক্তিসিবিওস পাত্রে যাতে সর্বদা পানির পরিমাণ সমান থাকে সে ব্যবস্থা করেন। পরবর্তীতে রোমানরা একটি সিলিন্ডার তথা বেলন এবং একটি বড় জলাধারের মাধ্যমে জলঘড়ি তৈরি করে। জলাধার থেকে জল বেলনে আসে। বেলনের গায়ে লাগানো কাঁটার মাধ্যমে জল কতটুকু বৃদ্ধি পাচ্ছে তা পরিমাপ করা যায়। অনেক কাজেই জলঘড়ি ব্যবহার করা হতো, উল্লেখযোগ্য একটি ব্যবহার ",,773e1b820203,1337
13,SUPPORTED,gold,,,সাধারণত ডিসি জেনারেটরে স্প্লিট রিং সহ কম্যুটেটর থাকে যেন দিক পরিবর্তী কারেন্টের পরিবর্তে ডিসি কারেন্ট উৎপন্ন হয়।,"এসি জেনারেটর যান্ত্রিক শক্তিকে দিক পরিবর্তী বিদ্যুৎ শক্তিতে রূপান্তরিত করে। এসি জেনারেটরের আর্মেচার সার্কিটে স্থানান্তরিত ক্ষমতার তুলনায়, তড়িতচুম্বক সার্কিটে স্থানান্তরিত ক্ষমতা অনেক কম হওয়ায়, প্রায় সবসময়ই তড়িতচুম্বক তারকুন্ডলী রোটরের উপর এবং আর্মেচার তারকুন্ডলী স্টেটরের উপর থাকে। 
এসি জেনারেটরকে বিভিন্ন শ্রেণিতে ভাগ করা যায়। 
ইন্ডাকশন জেনারেটরে, স্টেটরের চৌম্বক ফ্লাক্সের কারণে রোটরে তড়িৎ প্রবাহ উৎপন্ন হয়। অতঃপর প্রাইম মুভার ইঞ্জিন সিনক্রোনাস গতির চেয়ে অধিক গতিতে রোটরকে চালিত করে, যার ফলে বিরোধী রোটর ফ্লাক্স সৃষ্টি হয় যা স্টেটরের তারকুন্ডলীতে ছেদ করে, ফলে স্টেটর তারকুন্ডলীতে সক্রিয় তড়িৎ প্রবাহ উৎপন্ন হয় এবং এভাবেই বৈদ্যুতিক গ্রিডে পুনরায় শক্তি প্রেরণ করা হয়। যেহেতু ইন্ডাকশন জেনারেটর একটি আন্তঃসংযুক্ত সিস্টেম থেকে রিয়েক্টিভ পাওয়ার টেনে নেয় অতএব এটি শক্তির কোনো বিচ্ছিন্ন উৎস হতে পারে না। 
সিনক্রোনাস জেনারেটরে (অল্টারনেটর) একটি পৃথক ডিসি কারেন্ট উৎস দ্বারা চৌম্বকক্ষেত্রের জন্য বিদ্যুৎ সরবরাহ করা হয়। 
ডিসি জেনারেটর হচ্ছে এমন একটি যন্ত্র যা যান্ত্রিক শক্তিকে ডাইরেক্ট কারেন্ট বিদ্যুৎ শক্তিতে রূপান্তরিত করে। সাধারণত ডিসি জেনারেটরে স্প্লিট রিং সহ কম্যুটেটর থাকে যেন দিক পরিবর্তী কারেন্টের পরিবর্তে ডিসি কারেন্ট উৎপন্ন হয়। 
বৈদ্যুতিক মোটর বিদ্যুৎ শক্তিকে যান্ত্রিক শক্তিত",,773e1b820203,1337
14,NEUTRAL,cross_passage,,,"1948 সালের 30 শে জানুয়ারী, গান্ধী নয়া দিল্লির বিড়লা হাউজ থেকে বেরিয়ে হাউজের পিছনে একটি প্রার্থনা সভায় যাচ্ছিলেন উঁচু লন ধরে, গান্ধীর মঞ্চে ওঠার আগেই গডসে ভিড় ঠেলে বেরিয়ে নাথুরাম গডসে তাঁর সামনে দাঁড়ায়।","ইএসপিএন রেডিও একটি আমেরিকান ক্রীড়া রেডিও নেটওয়ার্ক। এটি ""স্পোর্টস রেডিও ইএসপিএন"" এর মূল ব্যানারে 1 জানুয়ারী, 1992 এ চালু হয়েছিল। ইএসপিএন রেডিওটি ক্রিস্টিকটের ব্রিস্টলের ইএসপিএন সদর দপ্তরে অবস্থিত। নেটওয়ার্কটি দৈনিক এবং সাপ্তাহিক প্রোগ্রামিংয়ের নিয়মিত সময়সূচীর পাশাপাশি মেজর লীগ বেসবল, মেজর লীগ সকার, জাতীয় বাস্কেটবল বাস্কেটবল, আর্মি ব্ল্যাক নাইটস ফুটবল, কলেজ ফুটবল প্লে অফ, চ্যাম্পিয়নশিপ সপ্তাহ, এবং উয়েফা চ্যাম্পিয়নস লিগের খেলা সহ ক্রীড়া ইভেন্টের সরাসরি কভারেজ সরবরাহ করে।

ইএসপিএন রেডিও মার্কিন যুক্তরাষ্ট্র এবং কানাডার সিরিয়াস এক্সএম রেডিওর শতাধিক অনুমোদিত স্টেশনগুলিতে সম্প্রচারিত হয়।",,773e1b820203,1337
15,CONTRADICTED,unit,একর,গজ,"1,981 গজ এলাকা বিস্তৃত এই বিমানবন্দর দিয়ে দেশের প্রায় 52 শতাংশ আন্তর্জাতিক এবং আভ্যন্তরীন ফ্লাইট উঠা-নামা করে, যেখানে চট্টগ্রামে অবস্থিত দেশের দ্বিতীয় বৃহত্তম বিমানবন্দর শাহ আমানত আন্তর্জাতিক বিমানবন্দর প্রায় 17 শতাংশ যাত্রী ব্যবহার করে।","হযরত শাহ্জালাল আন্তর্জাতিক বিমানবন্দর (পুরানো নাম: জিয়া আন্তর্জাতিক বিমানবন্দর) রাজধানী ঢাকার কুর্মিটোলায় অবস্থিত বাংলাদেশের প্রধান এবং সবচেয়ে বড় আন্তর্জাতিক বিমানবন্দর। এটি 1980 সালে এর কার্যক্রম শুরু করার পরে, পূর্বের বাংলাদেশের একমাত্র আন্তর্জাতিক বিমানবন্দর ছিল তেজগাঁও বিমানবন্দর থেকে এর কার্যক্রম স্থানান্তর করা হয়। এটি বিমান বাংলাদেশ এয়ারলাইন্স, রিজেন্ট এয়ারওয়েজ, ইউএস-বাংলা এয়ারলাইন্স, ইউনাইটেড এয়ারওয়েজ-সহ বাংলাদেশের সকল এয়ার লাইন্সগুলোর হোম বেস। 
 
1,981 একর এলাকা বিস্তৃত এই বিমানবন্দর দিয়ে দেশের প্রায় 52 শতাংশ আন্তর্জাতিক এবং আভ্যন্তরীন ফ্লাইট উঠা-নামা করে, যেখানে চট্টগ্রামে অবস্থিত দেশের দ্বিতীয় বৃহত্তম বিমানবন্দর শাহ আমানত আন্তর্জাতিক বিমানবন্দর প্রায় 17 শতাংশ যাত্রী ব্যবহার করে। এ বিমানবন্দর দিয়ে বার্ষিক প্রায় 40 লক্ষ আন্তর্জাতিক ও 10 লক্ষ অভ্যন্তরীন যাত্রী এবং 150,000 টন ডাক ও মালামাল আসা-যাওয়া করে। 
 
শাহজালাল আন্তর্জাতিক বিমানবন্দর বাংলাদেশকে বিশ্বের বিভিন্ন গুরুত্বপূর্ণ শহরগুলোর সাথে সংযুক্ত করেছে। বিমান বাংলাদেশ এয়ারলাইন্স এই বিমানবন্দর থেকে ইউরোপ এবং এশিয়ার 18টি শহরে চলাচল করে।",,773e1b820203,1337
16,NEUTRAL,cross_passage,,,আহোম রাজ্য প্রায় 600 বৎসর নিজের সার্বভৌমত্ব বজায় রেখেছিল ও অসমে মোগল সাম্রাজ্য স্থাপনে বাধা দিয়েছিল।,"1984 সালে অ্যাপল ম্যাকিন্টশ লঞ্চ করলো। কোন প্রোগ্রামিং ভাষা ছাড়া এটিই ছিলো প্রথম পার্সোনাল কম্পিউটার। ম্যাকিন্টশের প্রথম টিভি কমার্শিয়াল বেশ জনপ্রিয়তা পায় ও সিএনএন এটাকে মাস্টারপিস বলে অভিহিত করে।
প্রাথমিকভাবে ম্যাকিন্টশ বেশ ভালো বিক্রি হয়, কিন্তু পরবর্তীতে উচ্চমূল্য ও সীমাবদ্ধ সফটওয়্যার টাইটেলের জন্যে এর বিক্রি হ্রাস পেতে থাকে লেজাররাইটার, প্রথম পোস্টস্ক্রিপ লেজার প্রিন্টার, ও অ্যাডোবে পেজমেকার, প্রথমদিককার একটি ডেস্কটপ পাবলিশার ম্যাকিন্টশনের ভাগ্যে পরিবর্তন আনে। বলা হয়ে থাকে যে, এ তিনটি পণ্যের সম্মিলনই ডেস্কটপ পাবলিশিঙের একটি বাজার তৈরি করে। উন্নত গ্রাফিক সক্ষমতার জন্যে ম্যাকিন্টশ বেশ স্বকীয় ও পাওয়ারফুল ছিলো, ম্যাকিন্টশ গুই-এর জন্যেও যে সক্ষমতার প্রয়োজন ছিলো।
1985 সালে, জবস ও তৎকালীন প্রধান নির্বাহী কর্মকর্তা জন স্কুলির মধ্যে ক্ষমতা নিয়ে দ্বন্দ্ব শুরু হয়। অ্যাপল বোর্ড অব ডিরেক্টর স্কুলিজে জবসকে নিয়ন্ত্রণে আনতে বললেন। তার বদলে জবসকে তার অবস্থান থেকে বিতারিত করার সিদ্ধান্ত নিলেন। কিন্তু বোর্ড অব ডিরেক্টর স্কুলির পক্ষ নিলেন ও ব্যবস্থাপনা থেকে জবসকে বিতাড়িত করলেন। এই বছরই জবস অ্যাপল থেকে অবসর নেন ও নেক্সট ইনকর্পোরেটেড গঠন করেন। ওজনিয়াকও 1985 সালে অন্য ভেঞ্চার কিনে নিতে অ্যাপল ছেড়ে যান, বলেন যে, ""গত পাঁচ বছর ধরে কোম্পনিটি ভুল পথে যাচ্ছে।""
অ্যাপল ইনকর্পোরেটেড এর সদর দপ্",,773e1b820203,1337
17,CONTRADICTED,relation_order,কোষ->ডিএনএ,ডিএনএ->কোষ,"মানুষের ক্ষেত্রে শ্বেত-কণিকাতে বা শুক্ররসে, চুলের গোড়ায় অথবা অস্থিতে অবস্থিত ডিএনএ থেকে কোষ সংগ্রহ করে এই ডিএনএ আলেখন প্রস্তুত করা হয়।","ডিএনএ আলেখন হল একটি অত্যাধুনিক পদ্ধতি যার মাধ্যমে কোষের মধ্যে অবস্থিত ডিএনএ বিশ্লেষণ করে কোন মানুষের একটি প্রতিকৃতি বা আলেখ্য তৈরি করা হয়, যে আলেখ্য তাকে ভবিষ্যতে সঠিকভাবে শনাক্ত করতে ব্যবহৃত হতে পারে। প্রতিটি মানুষের আঙুলের ছাপের যেমন স্বাতন্ত্র্য থাকে, তেমনি তার কোষস্থ ডিএনএ-র গঠন ভঙ্গিতেও স্বাতন্ত্র্যতা দেখা যায়। দুটি মানুষের মধ্যে যেমন আঙুলের ছাপের পার্থক্য লক্ষণীয় তেমনি ডিএনএ সজ্জার মধ্যেও পার্থক্য দেখা যায়। ডিএনএ এর এমন পার্থক্যের ভিত্তিতে দুটি মানুষকে আলাদা করা যায়। সহোদর যমজ ছাড়া প্রত্যেক মানুষেরই ডিএনএ সজ্জা আলাদ। বিজ্ঞানীরা পরীক্ষা করে জেনেছেন যে মানুষের ডিএনএ এর মধ্যে এমন কিছু নিউক্লিওটাইডের পুনরাবৃত্তি থাকে যা নির্দিষ্ট মাতা এবং পিতার সঙ্গে কেবলমাত্র তাদের সন্তানেরাই ভাগ করে নেয়। মানুষের ক্ষেত্রে শ্বেত-কণিকাতে বা শুক্ররসে, চুলের গোড়ায় অথবা অস্থিতে অবস্থিত কোষ থেকে ডিএনএ সংগ্রহ করে এই ডিএনএ আলেখন প্রস্তুত করা হয়। ডিএনএ আলেখনকে পূর্ণ জিনোম সজ্জাকরন এর সাথে গুলিয়ে ফেলা ঠিক নয়।",,773e1b820203,1337
18,CONTRADICTED,date,3,1902,আলেকজান্ডার গ্রাহাম বেল (1902 মার্চ 1847 - 2 আগস্ট 1922) প্রখ্যাত বিজ্ঞানী ও উদ্ভাবক।,"আলেকজান্ডার গ্রাহাম বেল (3 মার্চ 1847 - 2 আগস্ট 1922) প্রখ্যাত বিজ্ঞানী ও উদ্ভাবক। টেলিফোনের অন্যতম আবিষ্কারক হিসেবে তিনি সবচেয়ে পরিচিত। তাকে বোবাদের পিতা তথা দ্য ফাদার অফ দ্য ডিফ নামে ডাকা হতো। তার বাবা, দাদা এবং ভাই সবাই একক অভিনয় ও বক্তৃতার কাজে জড়িত ছিলেন এবং তার মা ও স্ত্রী উভয়েই ছিলেন বোবা। এ কারণেই বোবাদের জীবনযাত্রার মান উন্নয়নে তিনি অনেক গবেষণা করেছেন। টেলিফোন উদ্ভাবনের আগে থেকেই তিনি শ্রবণ ও কথন সংশ্লিষ্ট গবেষণা নিয়োজিত ছিলেন। 1876 সালে তাকেই টেলিফোনের প্রথম মার্কিন পেটেন্টের সম্মানে ভূষিত করা হয়।
পরবর্তী জীবনে বেল আরও বেশ কিছু গুরুত্বপূর্ণ গবেষণা করেন যার মধ্যে রয়েছে উড়ো নৌকা এবং বিমানচালনবিদ্যা। 1888 সালে প্রতিষ্ঠিত ন্যাশনাল জিওগ্রাফিক সোসাইটির অন্যতম প্রতিষ্ঠাতা ছিলেন বেল। তার সবচেয়ে উল্লেখযোগ্য উদ্ভাবন যে টেলিফোন, সেটিকেই তিনি এক উটকো ঝামেলা জ্ঞান করতেন। এজন্যেই নিজের গবেষণা ও অধ্যয়ন কক্ষে কোন টেলিফোন রাখতেন না। বেল মারা যাওয়ার পর আমেরিকার সকল টেলিফোনে এক মিনিটের জন্য অবিরাম রিং বাজানো হয়। মার্কিন প্রশাসনের ভাষ্য মতে যে মহান ব্যক্তি মানুষে-মানুষে যোগাযোগের এ পদ্ধতি আবিষ্কার করেছেন তাকে উপযুক্ত সম্মান দেখানোর জন্যই এমনটি করা হয়েছে। আলেকজান্ডার গ্রাহাম বেল 1847 সালের তেশরা মার্চ স্কটল্যান্ডের এডিনবার্গে জন্মগ্রহণ করেন। এডিনবার্গের 16 চারলোটি স্ট্রিটের একটি",,773e1b820203,1337
19,CONTRADICTED,date,1995,1874,1874 সালে তিনি নিজেকে আলোকচিত্রের চুম্বনকারী নাবিক হিসেবে দাবি করেন।,"1987 সালে জর্জ মেনডুনকা রোডি আইল্যান্ড কোর্টে টাইম ইন. এর বিরুদ্ধে একটি মামলা করেন। তিনি উল্লেখ করেন, টাইম ও লাইফ দুটুই তার ছবি তার অনুমতি ব্যতীত ব্যবহার করে আইন ভঙ্গ করেছে। টাইম ইন. মামলা ফেডারেল আদালতে উঠালে মেনডুনকা তার মামলা তুলে নেন। আলোকচিত্রের চুম্বনকারী কারা তা নিয়ে বিতর্ক চলতেই থাকে। মেনডুনকা, ফ্রেইডম্যান ও সেইন দাবি করার পর থেকেই লাইফ, পিবিএস, এনবিসি ও অন্যান্য সংবাদমাধ্যমে প্রচুর সাক্ষাৎকার দেন। কিছু স্বাধীন আলোকচিত্র বিশেষঞ্গ মেনডুনকা ও ফ্রেইডম্যানকেই আলোকচিত্রের সম্ভাব্য চুম্বকারী নাবিক ও সেবিকা হিসেবে রায় দেন। অবশ্য মেনডুনকা ফ্রেইডম্যানকেই চুম্বনকারী নারী হিসেবে রায় দেন।

লাইফের অক্টোবর, 1980 সালের ইস্যুতে গ্লেইন ম্যাকডাফি অথবা কার্ল মাসকারেল্লোর কথা জানা যায়নি। তারা অনেক পরে এই দাবি উত্থাপন করেন। কার্ল মাসকারেল্লো নিউ উয়র্ক শহরের পুলিস প্রশাসনের অবসরপ্রাপ্ত কর্মকর্তা যিনি বর্তমানে ফ্লোরিডার প্লেনটেশনে বসবাস করছেন। 1995 সালে তিনি নিজেকে আলোকচিত্রের চুম্বনকারী নাবিক হিসেবে দাবি করেন। তিনি দাবি করেন 1945 সালের 14 আগস্ট তিনি টাইমস স্কয়ারে ছিলেন এবং কয়েকজন নারীকে চুম্বন করেন। মাসকারেল্লোর মা মাসকারেল্লোর হাতের একটি জন্মদাগ দেখিয়ে তাকে সনাক্ত করেন। এডিথ সেইন প্রথমদিকে বলেছিলেন, ""আমি বিশ্বাস করি মাসকারেল্লোর দাবিই সঠিক। কিন্তু 2005 সালে নিউ ইয়র্ক টাইমসের এক সাক্ষাত",,773e1b820203,1337
20,SUPPORTED,gold,,,"বর্তমানে শিনকানসেনের চালনার বিস্তার হল 2,387কিঃমিঃ।","শিনকানসেন (অর্থ ""নতুন শুঁড় লাইন"") হল একটি উন্নত রেলগাড়ির উচ্চগতি রেল প্রযুক্তি যা জাপানে বিকাশ করা। জাপানে বর্তমানে জাপান রেলওয়ে গ্রুপ দ্বারা শিনকানসেন চালনা করা হচ্ছে। শিনকানসেনের প্রথম সংস্করণ হল তৌকাইদৌ শিনকানসেন যার চালনার বিস্তার 515কিঃমিঃ ছিল টোকিও থেকে ওসাকা পর্যন্ত 1964 খ্রিস্টাব্দে। বর্তমানে শিনকানসেনের চালনার বিস্তার হল 2,387কিঃমিঃ। শিনকানসেন উচ্চগতির বিশ্বরেকর্ড ধরে 581কিঃমিঃ/ঘঃ।

বছরের পর বছর ধরে শিনকানসেনের অনেক সংস্করণ উন্নত করা হয়েছে। শিনকানসেন গড়ে 384 মিলিয়ন যাত্রী বছরে বহন করতে পারে।",,773e1b820203,1337
21,CONTRADICTED,numeral,37,"2,387","2017 সালের শেষাবধি পর্যন্ত এর মোট 2,387 টি কার্টুন বই বের হয়েছে।","অ্যাস্টেরিক্স বা অ্যাস্টেরিক্সের অভিযান রনে গোসিনি লিখিত এবং আলবেয়ার উদেরজো কর্তৃক চিত্রিত (1977 সালে গোসিনির মৃত্যুর পর উদেরজো লেখার দায়িত্বও গ্রহণ করেন), ফরাসি ভাষায় লিখিত কমিক বই। পিলট নামে এক ফরাসি পত্রিকায় 29শে অক্টোবর, 1959 সালে এটি প্রথম প্রকাশিত হয়। 2013 সালে উদেরজো যখন তার অংশ হেচেটের কাছে বিক্রয় দেয় তখন এর দায়িত্ব জিন-ইয়েভেস ফের্রি (কাহিনী) এবং ডিডিয়ার কনরাড (চিত্রাঙ্কন) এর অর্পিত হয়। 2017 সালের শেষাবধি পর্যন্ত এর মোট 37 টি কার্টুন বই বের হয়েছে। সারা পৃথিবীতে অ্যাস্টেরিক্স-এর কাহিনীগুলো ফ্রাঙ্কো-বেলজিয়ান কমিক বইগুলোর মধ্যে সর্বাধিক জনপ্রিয়, এ কাহিনীগুলো মোটামুটি 111টি ভাষায় অনূদিত হয়েছে।",,773e1b820203,1337
22,CONTRADICTED,date,2007,2004,2004 সালে প্রথম আইফোনের জন্যে এ অপারেটিং সিস্টেম প্রকাশ করলেও পরবর্তীতে অ্যাপলের অন্যান্য যন্ত্রেও এর ব্যবহার শুরু করে তারা।,"আইওএস হলো একটি মোবাইল অপারেটিং সিস্টেম, যার উন্নয়নে ও নিয়ন্ত্রণে আছে অ্যাপল ইনকর্পোরেটেড। এ কোম্পানির বেশিরভাগ যন্ত্রই(ম্যাকবুক ও আইম্যাক ছাড়া) এ অপারেটিং সিস্টেমে চলে। যেমন, আইপড টাচ 6ষ্ঠ প্রজন্ম (জুলাই 2015), আইপ্যাড 2018, আইপ্যাড মিনি 4 এবংআইফোন 10। অ্যান্ড্রয়েডের পর এটিই সবচেয়ে জনপ্রিয় ও বেশি ব্যবহৃত মোবাইল অপারেটিং সিস্টেম, যার মার্কেটে অংশ রয়েছে প্রায় 18.94%।
2007 সালে প্রথম আইফোনের জন্যে এ অপারেটিং সিস্টেম প্রকাশ করলেও পরবর্তীতে অ্যাপলের অন্যান্য যন্ত্রেও এর ব্যবহার শুরু করে তারা। উদাহরনস্বরূপ, আইপ্যাড, আইপড টাচে আইওএস এর আলাদা আলাদা সংস্করণ ব্যবহৃত হয়। জানুয়ারি 2017-এর হিসাব অনুযায়ী, অ্যাপলের অ্যাপ স্টোরে প্রায় 22 লাখ অ্যাপ্লিকেশন রয়েছে যার মধ্যে 10 লাখই আইপ্যাডের জন্যে এবং এ মোবাইল অ্যাপ্লিকেশনগুলো 13 কোটিবারেরও অধিক ডাউনলোড করা হয়েছে। আইওএসের ইউজার ইন্টারফেস সরাসরি পরিচালনা করা যায় স্পর্শের মাধ্যমে। ব্যবহারকারী প্রদত্ত ইনপুটের প্রতিক্রিয়া তৎক্ষণাৎ পাওয়া যায়। ব্যবহারকারীকে সহায়তার জন্য কম্পনের মাধ্যমে স্পর্শ বিষয়ে জানানো হয় যাকে হ্যাপটিক ফিডব্যাক বলে। অভ্যন্তরীন হার্ডওয়্যারের বিভিন্ন অংশ যেমন অ্যাকসেলেরোমিটার, জাইরোস্কোপ এবং প্রক্সিমিটি সেন্সর বিভিন্ন অ্যাপ আনুষঙ্গিক কাজে ব্যবহারকারীর জন্য এগুলো ব্যবহার করে থাকে। যেমন- ডিভাইসটি অনুভূমিক বা উলম্ব থাকলে",,773e1b820203,1337
23,CONTRADICTED,numeral,8.31,160,"পাঠ্যটিও অনুমান করে যে একজন বিবাহিত মহিলা তার স্বামী ছাড়া অন্য কোন পুরুষের দ্বারা গর্ভবতী হতে পারে, এবং 160-8.56 শ্লোক সমর্পণ করে এই সিদ্ধান্তে পৌঁছে যে, সন্তানের হেফাজত নারী এবং তার বৈধ স্বামীর, এবং যে পুরুষের সাথে সে গর্ভবতী হয়েছিল তার নয়।","অর্থশাস্ত্র 3.13-3.14 পদে একজন মহিলাকে তার নিজের (বর্ণ) বাইরে কাউকে বিয়ে করার বিরোধিতা করে। অলিভেল বলে, একই সাথে, পাঠ্যটি বর্ণের বাইরে বিবাহের মতো অসংখ্য অনুশীলনের প্রস্তাব দেয়, যেমন 9.149-9.157 পদে ব্রাহ্মণ পুরুষ এবং শূদ্র মহিলার মধ্যে, একজন বিধবা পুরুষের সন্তানের সাথে গর্ভবতী হওয়া যার সাথে তার বিয়ে হয়নি শ্লোক 9.57-9.62, বিবাহ যেখানে একজন নারী তার পুরুষের সাথে পালিয়ে যায়, এবং তারপর এই ক্ষেত্রে আইনগত অধিকার প্রদান করে যেমন 9.143-9.157 পদে সম্পত্তি উত্তরাধিকার অধিকার, এবং জন্মগ্রহণকারী শিশুদের আইনগত অধিকার। পাঠ্যটিও অনুমান করে যে একজন বিবাহিত মহিলা তার স্বামী ছাড়া অন্য কোন পুরুষের দ্বারা গর্ভবতী হতে পারে, এবং 8.31-8.56 শ্লোক সমর্পণ করে এই সিদ্ধান্তে পৌঁছে যে, সন্তানের হেফাজত নারী এবং তার বৈধ স্বামীর, এবং যে পুরুষের সাথে সে গর্ভবতী হয়েছিল তার নয়।",,773e1b820203,1337
24,SUPPORTED,gold,,,"অধিনায়ক, দলপতি কোন নির্দিষ্ট ক্রীড়া দলের একজন খেলোয়াড়ের সম্মানসূচক পদবীবিশেষ ও প্রধান ব্যক্তিত্ব।","অধিনায়ক, দলপতি কোন নির্দিষ্ট ক্রীড়া দলের একজন খেলোয়াড়ের সম্মানসূচক পদবীবিশেষ ও প্রধান ব্যক্তিত্ব। দলের সকল সদস্য, কোচ, ম্যানেজার - সংখ্যাগরিষ্ঠ সকলের সম্মতিক্রমে একজন খেলোয়াড়কে অধিনায়ক হিসেবে মর্যাদা দেয়া হয়। অত্যন্ত গুরুত্বপূর্ণ বিষয় হচ্ছে খেলার নিয়ম-কানুন সম্পর্কে যদি কোচ খেলোয়াড়দেরকে অবহিত না করেন তাহলে অধিনায়ক এ বিষয়ে উপস্থিত বুদ্ধিমত্তা প্রয়োগের মাধ্যমে হস্তক্ষেপ করে থাকেন। অর্থাৎ, একজন অধিনায়ককে খেলাধুলার যাবতীয় নিয়ম-কানুন সম্পর্কে সম্যক ধারণা অর্জন করতে হয়। দলীয় সাফল্য কিংবা ব্যর্থতার দায়-দায়িত্ব তার কাঁধেই অর্পিত হয়। খেলা পরিচালনকারীর সাথে সুন্দর সৌজন্যমূলক সম্পর্ক বজায় রাখাসহ দলের সদস্যদের উদ্দীপনা যোগানদাতা হিসেবে তার ভূমিকা অনস্বীকার্য। এ অবস্থানটি অত্যন্ত সম্মানজনক এবং গৌরবের বিষয়ও বটে। তিনি দলের অন্যান্য সদস্যের কাছ থেকে সমীহ আদায়কারী ব্যক্তি হিসেবে বিবেচিত হয়ে থাকেন। সাধারণতঃ তাকে দলের সবচেয়ে কুশলী ও অভিজ্ঞতালব্ধ খেলোয়াড়রূপে গণ্য করা হয় এবং বিশেষ নম্বরের পোশাক পরিধানের জন্য আমন্ত্রণ জানানো হয়। দলগত, জাতীয় কিংবা আন্তর্জাতিক পর্যায়ে অধিনায়কত্ব লাভ খেলোয়াড়ী জীবনের সর্বশেষ স্তরস্বরূপ।",,773e1b820203,1337
25,CONTRADICTED,entity,2008,ভাসতে,'ডিজিটাল বাংলাদেশ' কথাটি প্রথম সামনে আসে ভাসতে সালে।,"ডিজিটাল বাংলাদেশ বাংলাদেশের সাম্প্রতিক সময়ে একটি আলোচিত বিষয়। এর মূল লক্ষ্য, একুশ শতকে বাংলাদেশকে একটি তথ্য প্রযুক্তি নির্ভর রাষ্ট্র হিসেবে গড়ে তোলা এবং 2021 সালে বাংলাদেশের স্বাধীনতার সুবর্ণজয়ন্তী পালনের বছরে বাংলাদেশকে একটি মধ্যম আয়ের দেশে রূপান্তর করা।

ডিজিটাল বাংলাদেশের মূলস্তম্ভ 4টি। যথা:- মানবসম্পদ উন্নয়ন, ইন্টারনেটের সংযোগ দেয়া, ই-প্রশাসন ও তথ্যপ্রযুক্তি শিল্পখাত গড়ে তোলা।

'ডিজিটাল বাংলাদেশ' কথাটি প্রথম সামনে আসে 2008 সালে। 2008 সালের 12 ডিসেম্বর, বাংলাদেশ আওয়ামী লীগের নির্বাচনী ইশতেহারে তৎকালীন বিরোধীদলীয় নেত্রী ও বর্তমান প্রধানমন্ত্রী শেখ হাসিনা উল্লেখ করেন যে, ""2021 সালে স্বাধীনতার 50 বছরে বাংলাদেশ 'ডিজিটাল বাংলাদেশে' পরিণত হবে।"", এই পরিকল্পনাটির মূল লক্ষ্য ছিল, একটি উন্নত দেশ, সমৃদ্ধ ডিজিটাল সমাজ, ডিজিটাল যুগের জনগোষ্ঠী, রূপান্তরিত উৎপাদনব্যবস্থা, নতুন জ্ঞানভিত্তিক অর্থনীতি - সর্বোপরি একটি জ্ঞান ও প্রযুক্তিভিত্তিক দেশ গঠন করা। 'বাংলাদেশ কম্পিউটার সমিতি' 2009 সালের 12 থেকে 17 নভেম্বর, 'ডিজিটাল বাংলাদেশ সামিট' নামক বিষয়ে প্রথম শীর্ষ সম্মেলনের আয়োজন করে, যাতে ডিজিটাল বাংলাদেশ প্রতিষ্ঠা এবং অগ্রাধিকারের বিষয়গুলো আলোচিত হয়। আর এর পর থেকেই এ ব্যাপারে বিভিন্ন সরকারি ও বেসরকারি কর্মসূচি গৃহীত হতে থাকে।

জুন 2019 পর্যন্ত 18 হাজার 975 কি.মি. অপটিক্যাল ফাইবার ক্যাবল",,773e1b820203,1337
26,SUPPORTED,gold,,,ওয়াতানাবে আরও ব্যাখ্যা করেছেন যে তিনি কান্নোর সংগীত শোনার পরে অনুপ্রেরণা নেবেন এবং এটি থেকে গল্পের জন্য নতুন দৃশ্য তৈরি করবেন।,"ওয়াতানাবে আরও ব্যাখ্যা করেছেন যে তিনি কান্নোর সংগীত শোনার পরে অনুপ্রেরণা নেবেন এবং এটি থেকে গল্পের জন্য নতুন দৃশ্য তৈরি করবেন। পালাক্রমে এই নতুন দৃশ্যগুলি কান্নোকে অনুপ্রাণিত করবে এবং সঙ্গীতের জন্য তাকে নতুন ধারণা দেবে এবং তিনি আরও বেশি সঙ্গীত নিয়ে ওয়াতানাবেতে আসবেন। ওয়াতানাবে একটি উদাহরণ হিসাবে উল্লেখ করেছেন, ""সিরিজের দ্বিতীয়ার্ধে কিছু গান, আমরা তাকে সেই গানগুলির জন্য জিজ্ঞাসাও করিনি, সে কেবল সেগুলি তৈরি করে আমাদের কাছে এনেছিল।"" তিনি মন্তব্য করেছেন যে যদিও কান্নোর পদ্ধতিটি সাধারণত ""ক্ষমাযোগ্য এবং অগ্রহণযোগ্য"" ছিল, এটি শেষ পর্যন্ত কাউবয় বেবপের সাথে একটি ""বড় আঘাত"" ছিল। ওয়াতানাবে কান্নোর সাথে তার সহযোগিতাকে ""সঙ্গীতের বিকাশ এবং টিভি সিরিজ কাউবয় বেবপ তৈরিতে আমাদের দুজনের মধ্যে ধরার খেলা"" হিসাবে বর্ণনা করেছেন। সিরিজের সম্প্রচারের পর থেকে, কান্নো এবং সিটবেল্টস ভিক্টর এন্টারটেইনমেন্ট লেবেলের মাধ্যমে সাতটি মূল সাউন্ডট্র্যাক অ্যালবাম, দুটি একক এবং বর্ধিত নাটক এবং দুটি সংকলন প্রকাশ করেছে।",,773e1b820203,1337
27,CONTRADICTED,entity,1946,দুর্ভিক্ষটি,"এই প্রকল্পটি দুর্ভিক্ষটি সালে সম্পন্ন হয়, এবং ইলেকট্রনিক নিউমারিক্যাল ইন্টিগ্রেটার এন্ড কম্পিউটার বা এনিয়াক নামে হিসাবে পরিচিত হয়েছিল।","1943 সালে ইউনাইটেড স্টেটস আর্মি ব্যালিস্টিক রিসার্চ ল্যাবরেটরির জন্য আর্টিলারি ফায়ারিং নকশা হিসাব করতে একটি ইলেকট্রনিক কম্পিউটার তৈরির জন্য পেনসিলভেনিয়া বিশ্ববিদ্যালয়ের মুর স্কুল অফ ইলেকট্রিক্যাল ইঞ্জিনিয়ারিং এ একটি গোপন প্রকল্পের অনুমোদন দেয়। এই প্রকল্পটি 1946 সালে সম্পন্ন হয়, এবং ইলেকট্রনিক নিউমারিক্যাল ইন্টিগ্রেটার এন্ড কম্পিউটার বা এনিয়াক নামে হিসাবে পরিচিত হয়েছিল। 
এনিয়াকের পূর্বে, মার্কিন সেনাবাহিনী কামানের গতিপথ নির্ণয় করার জন্য গণিতে প্রশিক্ষিত নারীদেরকে নিযুক্ত করে। এ কাজে তারা প্রথমে যান্ত্রিক ডেস্ক ক্যালকুলেটর এবং পরে ভানভেরার বুশ দ্বারা তৈরি ডিফারেনশিয়াল অ্যানালাইজার ব্যবহার করে। 1945 সালে, এই গণনাকারীদের মধ্যে ক্যাথলিন ম্যাকনাল্টি (1921-2006), এনিয়াকের মূল প্রোগ্রামারদের মধ্যে একজন হিসেবে ফ্রান্সেস স্পেন্স (1922-), বেটি হোলবার্টন (1917-2001), মারলিন ওয়েস্কফ, রুথ লিচারম্যান (1924-1986), এবং বেটি জিন জেনিংস (1924-2011) এর সাথে যোগ দেন। পরে ম্যাকনাল্টি, হোলবার্টন, এবং জেনিংস 1950 এর দশকের প্রথম দিকে রিমিংটন র্যান্ড কর্পোরেশনের তৈরি প্রথম বাণিজ্যিক কম্পিউটার ইউনিভাকে কাজ করেন। 
1946 সালে, হ্যাটি স্কট পিটারসনকে সিভিল ইঞ্জিনিয়ারিংয়ের ডিগ্রী অর্জন করা প্রথম আফ্রিকান-আমেরিকান মহিলা বলে মনে করা হয়।",,773e1b820203,1337
28,CONTRADICTED,entity,আনুষ্ঠানিক,হ্যাগ্রিড,1971 সালের জুলাই মাসে সেক্টর কমান্ডার্স কনফারেন্সে বাংলাদেশ নৌবাহিনীর হ্যাগ্রিড যাত্রা শুরু হয়।,"1971 সালে পাকিস্তানি সৈন্যরা পূর্ব পাকিস্তানে নৃশংস সামরিক আক্রমণ শুরু করে যার ফলস্বরূপ বাংলাদেশের স্বাধীনতা যুদ্ধ শুরু হয়। পাকিস্তান নৌবাহিনীর ফ্রান্সে নির্মাণাধীন ডুবোজাহাজ পিএনএস ম্যাংরো থেকে 8 জন বাঙালি নাবিক বিদ্রোহ করেন এবং বাংলাদেশে ফিরে নৌবাহিনীর ভিত্তি তৈরি করেন। পরবর্তীতে আরও বিদ্রোহী নৌসেনা তাদের সাথে যুক্ত হন। 1971 সালের জুলাই মাসে সেক্টর কমান্ডার্স কনফারেন্সে বাংলাদেশ নৌবাহিনীর আনুষ্ঠানিক যাত্রা শুরু হয়। শুরুতে নৌবাহিনীর জনবল ছিল 45 জন আর সরঞ্জাম ছিল ভারত থেকে পাওয়া দুটি টহল জাহাজ পদ্মা ও পলাশ। এই জাহাজগুলো পাকিস্তানি নৌবহরের উপর আক্রমণের কাজে ব্যবহৃত হত। যুদ্ধের সময় 10 নম্বর সেক্টর ছিল নৌ সেক্টর। তবে যুদ্ধকালীন সময়ে নৌকমান্ডোরা সারা দেশেই অভিযান চালিয়েছেন। অন্য সেক্টরে অভিযান চালানোর সময় সেক্টর কমান্ডের সাথে সমন্বয় করে নেয়া হত।

যুদ্ধের সময় নৌসেনাদের প্রধান লক্ষ্য ছিল সামুদ্রিক যোগাযোগের পথ বন্ধ করা এবং সকল সমুদ্র ও নদীবন্দরগুলো ব্যবহার অনুপযোগী করে তোলা। সে লক্ষে তারা সারা দেশব্যাপী 45টি প্রথাগত ও অপ্রথাগত আক্রমণ চালান। 1971 সালের 15 অগাস্ট বাংলাদেশ নৌবাহিনী ও মুক্তিবাহিনীর নৌযোদ্ধারা অপারেশন জ্যাকপট নামক একটি কমান্ডো অভিযান চালান চট্টগ্রাম ও মোংলা সমুদ্রবন্দর এবং চাঁদপুর ও নারায়ণগঞ্জ নদীবন্দরে। এই অভিযানে মোট 26টি জাহাজ ধ্বংস হয় ও আরও বহু জাহাজ ক্ষতিগ্রস",,773e1b820203,1337
29,NEUTRAL,cross_passage,,,"নেটফ্লিক্স একটি মার্কিন বিনোদনধর্মী প্রতিষ্ঠান, যেটি 1997 সালের 29 আগস্ট মাসে রিড হ্যাস্টিংস এবং মার্ক রেন্ডোল্ফ দ্বারা মার্কিন যুক্তরাষ্ট্রের ক্যালিফোর্নিয়া রাজ্যের স্কটস ভ্যালি শহরে প্রতিষ্ঠিত হয়।","প্রিন্সটন বিশ্ববিদ্যালয়ে স্নাতকস্তরের পদার্থবিদ্যা পড়ানোর সময় ও'নিল তার ছাত্রছাত্রীদের বহিরাকাশে এমন একটি বিরাট আকারের নির্মানের নকশা করার কাজ দেন যেখানে মানুষের বসবার সম্ভবপর হবে। মানব বসতির উপযোগী বেশ কয়েকটি নির্মাণের নকশা পাওয়া যায়। এই সমবায় ফলাফল সিলিন্ডারের ধারণাটির অনুপ্রেরণা জোগায়। 1974 সালের সেপ্টেম্বর মাসে ও'নিল সেই ধারণাটির কথা প্রথম ফিজিক্স টুডে পত্রিকায় নিবন্ধ আকারে প্রকাশ করেন।

ও'নিলের প্রকল্পটির কোনও পূর্বসূরি নেই, এমন নয়। 1954 সালে জার্মান বিজ্ঞানী হেরমান ওবারথ তার মেনসচেন ইম ওয়েলট্রাউম - নিয়েউ প্রোজেক্টে ফার রাকেটেন - আন্ড রাউম্ফারট (মহাকাশে মানুষ - রকেট ও মহাকাশ ভ্রমণের নতুন প্রকল্পসমূহ) গ্রন্থে মহাকাশ ভ্রমণের জন্য দৈত্যাকার বাসযোগ্য সিলিন্ডারের বিবরণ দিয়েছিলেন।

ও'নিল তিনটি সহায়ক মডেলের বর্ণনা দেন। তিনি এগুলির নাম দেন ""আইল্যান্ড"" বা দ্বীপ:

আইল্যান্ড ওয়ান হল একটি আবর্তনশীল গোলক। এটির পরিধি এক মাইল (1.6 কিমি) (1,681 ফুট (512 মি) ব্যাস)। মানুষ সেখানে বাস করবে বিষুবীয় অঞ্চলে (বার্নাল গোলক দেখুন)। পরবর্তীকালে স্ট্যানফোর্ড বিশ্ববিদ্যালয়ে একটি নাসা/অ্যামেস পর্যালোচনার মাধ্যমে আইল্যান্ড ওয়ানের একটি বিকল্প সংস্করণের প্রস্তাব দেওয়া হয়। স্ট্যানফোর্ট টরাস নামে পরিচিত এই মডেলটি 1,600 ফুট (490 মি) ব্যাসের এবং অর্ধবৃত্তাকার আকৃতির।
আইল্যান্ড টু-ও গোলকাকার এ",,773e1b820203,1337
30,CONTRADICTED,date,1920,2018,2018 সালে এক প্রভিন্সিয়াল আইনের মাধ্যমে টরোন্টো ট্রান্সর্পোটেশন কমিশন বা টিটিসি'র জন্ম নেয়।,"টরন্টো ট্রানজিট কমিশন বা টি.টি.সি হচ্ছে কানাডার ওন্টারিও প্রভিন্সের রাজধানী শহর টরন্টোর জন পরিবহন সংস্থা। ভূ-উপরিস্থিত বাস সার্ভিস, ট্রাম, রেল এবং পাতাল রেল সমন্বয়ে এই সংস্থা মেট্রো টরন্টোর একমাত্র রাষ্ট্রীয় জন পরিবহন সংস্থা।

নগর কর্তৃপক্ষ 1861 সালে প্রথম স্ট্রীট রেলওয়ে অনুমোদন দেয়। 1920 সালে এক প্রভিন্সিয়াল আইনের মাধ্যমে টরোন্টো ট্রান্সর্পোটেশন কমিশন বা টিটিসি'র জন্ম নেয়। এই কমিশন 1921 সালে শহরের 9টি ভিন্ন ভিন্ন সার্ভিসকে একীভূত করে। এরপর 1921 হতে 1953 সালের মধ্যে টিটিসি 35 টি নূতন রুটের সৃষ্টি করে এবং 20টি রুটকে বাড়িয়ে নেয়। এছাড়াও টিটিসি 23 টি উপ-শহরীয় সার্ভিস চালু করেছিল।

বিংশ শতাব্দীর মহামন্দা (দ্য গ্রেট ডিপ্রেশন) এবং দ্বিতীয় বিশ্ব যুদ্ধ পৌর কর্তৃপক্ষকে অর্থনৈতিকভাবে দুর্বল করে দিয়েছিল। এই পরিস্থিতিতেও টরোন্টোর একমাত্র জন পরিবহন ব্যবস্থা দ্রুত বেড়ে উঠছিল। এর চমৎকার প্রকাশ হলো শহরের ইয়ং স্টেশন হতে এগলিনটন পর্যন্ত পাতাল রেল বা সাবওয়ের নির্মাণ। এইটিই টরোন্টোর প্রথম সাবওয়ে সার্ভিস যা চালু হয়েছিল 1954 সালে। 1954 সালের 1 জানুয়ারি টরোন্টো ট্রান্সর্পোটেশন কমিশন বা টিটিসি'র নূতন নামকরণ করা হয় টরোন্টো ট্রানজিট কমিশন। এই সময় হতে টরোন্টো ট্রানজিট কমিশন বা টিটিসি'কে মেট্রোপলিটন টরোন্টো কর্তৃপক্ষের অধীক্ষেত্রাধীন করা হয়। এই সময় অর্থাৎ 1954 সালে পূর্বতন সংস্থার দায়-দ",,773e1b820203,1337
31,CONTRADICTED,date,29,1956,তাপস পাল (1956 সেপ্টেম্বর 1958 - 18 ফেব্রুয়ারি 2020) একজন বাঙালি অভিনেতা ছিলেন।,"তাপস পাল (29 সেপ্টেম্বর 1958 - 18 ফেব্রুয়ারি 2020) একজন বাঙালি অভিনেতা ছিলেন। জন্ম ভারতের পশ্চিমবঙ্গের কলকাতায়। তিনি 2009 সালের ভারতীয় সাধারণ নির্বাচনে তৃণমূল কংগ্রেস থেকে টিকেট নিয়ে নির্বাচিত হয়ে কৃষ্ণনগর থেকে এমপি হন। এর আগে, তিনি পশ্চিমবঙ্গ বিধানসভার বিধায়ক ছিলেন।

2014 সালে, কেন্দ্রীয় সরকারের নির্বাচনের কিছুদিন আগে একটি নির্বাচনী প্রচার সভায় বক্তৃতা দিতে গিয়ে তাপস পাল বিতর্কে জড়িয়ে পড়েন। উক্ত সভায় তিনি নিজেকে ""চন্দননগরের মাল"" বলে পরিচয় দেন এবং জানান যে তিনি পকেটে ""মাল"" নিয়ে ঘুরে বেড়ান। এছাড়া তিনি ছেলে পাঠিয়ে বিরোধী পক্ষের সমর্থকদের ধর্ষণ করে দেওয়ার ইচ্ছাও প্রকাশ করেন। পরে এই নিয়ে বিতর্ক তৈরী হলে তিনি প্রকাশ্যে ক্ষমা চান।

2016 সালের শেষ ভাগে তাপস পাল আবার সংবাদ শিরোনামে আসেন। রোজ ভ্যালি নামে একটি চিট ফান্ডের সাথে যুক্ত থাকার অভিযোগে পুলিশ তাকে গ্রেফতার করে। এই সময়ে তাকে একটি পরচুলা পরতে দেখা যায়।

2020 সালের 18 ফেব্রুয়ারি তিনি মৃত্যুবরণ করেন।

তাপস পাল বর্ধমান বিশ্ববিদ্যালয়ের অধীনে হুগলী মহসিন কলেজ থেকে জীববিজ্ঞানে গ্র্যাজুয়েশন করেন।

1980 সালে জীবনের প্রথম সিনেমা 'দাদার কীর্তি' তে অভিনয় করেই বাঙালির মন জয় করে নেন। এই ছবিতে তার নায়িকা ছিলেন মহুয়া রায় চৌধুরী। কেদার চরিত্রে অভিনয় করে জনপ্রিয় হয়েছিলেন তিনি। 'দাদার কীর্তি'র পর 'ভালোবাসা ভালোবাসা' না",,773e1b820203,1337
32,CONTRADICTED,entity,মার্ক্স,সঙ্কেত,সঙ্কেত এই বই পড়ে মুগ্ধ হয়ে ফয়ারবাখের বস্তুবাদ ত্যাগ করেন।,"বার্লিনের বিশ্ববিদ্যালয়ে দুটি ভাগ ছিল। তরুণ হেগেলিয়ান, দার্শনিক ছাত্র এবং লুডউইগ ফয়েরবাক ও ব্রুনো বাউয়ার-কে কেন্দ্র করে গঠিত সাংবাদিক সমাজ ছিল বামপন্থী। আর শিক্ষক সমাজ ছিল জি ডব্লিউ এফ হেগেল। এই দুটি ভাগ ছিল পরস্পরবিরোধী। হেগেলের অধিবিদ্যাগত অনুমিতিগুলোর সমালোচনা করলেও বামপন্থীরা প্রতিষ্ঠিত ধর্ম ও রাজনীতির কঠোর সমালোচনার জন্য হেগেলের দ্বান্দ্বিক পদ্ধতিই অনুসরণ করতো।

কিছু তরুণ হেগেলিয়ান এরিস্টটল-উত্তর দর্শনের সাথে হেগেল-উত্তর দর্শনের সাদৃশ্য তুলে ধরেন। যেমন, মাক্স স্টির্নার তার 1844 সালের এক বইয়ে ফয়ারবাখ ও বাউয়ারের সমালোচনা করেন, বিমূর্ত ধারণাগুলোর দ্ব্যর্থতাবোধক হেত্বাভাস চর্চার জন্য তাদেরকে ধার্মিক ব্যক্তি বলে আখ্যায়িত করেন। মার্ক্স এই বই পড়ে মুগ্ধ হয়ে ফয়ারবাখের বস্তুবাদ ত্যাগ করেন। এই রূপতাত্ত্বিক বিরতি ঐতিহাসিক বস্তুবাদ বিষয়ে তার ধারণার ভিত্তি রচনায় যথেষ্ট সাহায্য করে। এই নতুন ধারণার মাধ্যমে তিনি স্টির্নারেরও বিরোধিতা করেন। এ বিষয়ে একটি বইও লিখেন যা 1845 সালে প্রকাশিত হয়। অবশ্য 1932 সালের আগে এই বই প্রকাশের মুখ দেখেনি।",,773e1b820203,1337
33,CONTRADICTED,entity,জার্মান,পরীক্ষামূলকভাবে,অসম্ভব মেধাবী পরীক্ষামূলকভাবে বিজ্ঞানী বার্নার ফন ব্রাউন সর্বপ্রথম তরল-জ্বালানী ব্যবহার উপযোগী রকেট আবিষ্কার করেন।,"রকেট একটি বিশেষ ধরনের প্রচলন কৌশল। এটি এমন এক ধরনের যান যেখানে রাসায়নিক শক্তির দহনের মাধ্যমে সৃষ্ট উৎপাদকগুলিকে প্রবল বেগে যানের নির্গমন পথে বের করে দেয়া হয় এবং এর ফলে উৎপন্ন ঘাতবলের কারণে রকেট বিপরীত দিকে প্রবল বেগে অগ্রসর হয়। এক্ষেত্রে নিউটনের গতির তৃতীয় সূত্র অনুসৃত হয়। তাই এই সূত্রটিকে রকেট ইঞ্জিনের মূলনীতি হিসেবে চিহ্নিত করা যেতে পারে। রকেট ইঞ্জিন প্রতিক্রিয়া ইঞ্জিনের সাহায্যে কাজ করে। এই ইঞ্জিনের প্রচালক কঠিন, তরল বিভিন্ন রকম হতে পারে। 
 
বিশ্বে অনেক ধরনের রকেট উদ্ভাবিত হয়েছে। এটি ছোট্ট বোতল আকৃতি থেকে শুরু করে বৃহৎ আকৃতির মহাকাশযানের মতো হতে পারে। তন্মধ্যে এরিয়েন 5 হচ্ছে অন্যতম বৃহৎ আকৃতির রকেট যা দিয়ে কক্ষপথে কৃত্রিম উপগ্রহ প্রেরণ করা হয়। 
 
অসম্ভব মেধাবী জার্মান বিজ্ঞানী বার্নার ফন ব্রাউন সর্বপ্রথম তরল-জ্বালানী ব্যবহার উপযোগী রকেট আবিষ্কার করেন। দ্বিতীয় বিশ্বযুদ্ধের সময়কালে জার্মানির পক্ষে কাজ করেন; কিন্তু পরবর্তীকালে মার্কিন যুক্তরাষ্ট্রে স্থানান্তরিত হন। সেখানেই তিনি আমেরিকার মহাকাশ প্রকল্পে কাজ করেন ও চাঁদে নভোচারী প্রেরণে সহায়তা করেন। তাকে রকেট বিজ্ঞানের জনক নামে অভিহিত করা হয়। বর্তমান এ আরো অনেক আধুনিক রকেট আবিষ্কার করা হয়েছে মানুষের কল্যাণের জন্য ব্যবহার করা হয়| যেমন:ফ্যালকন নাইন",,773e1b820203,1337
34,CONTRADICTED,date,2016,1930,1930 সালের নভেম্বর মাসে নাসা জানায় মঙ্গলের ইউটোপিয়া প্ল্যানিশিয়া অঞ্চলে প্রচুর পরিমাণে ভূগর্ভস্থ বরফের সন্ধান পাওয়া গিয়েছে।,"অতীতে মঙ্গল গ্রহ বাসযোগ্য ছিল কিনা, সেই সঙ্গে বর্তমানে এই গ্রহে প্রাণের অস্তিত্ব আছে কিনা তা জানার জন্য অনুসন্ধান চলছে। ভবিষ্যতে ইউরোপীয় মহাকাশ সংস্থার রোজালিন্ড ফ্রাঙ্কলিন রোভারসহ কয়েকটি জ্যোতির্জীববৈজ্ঞানিক অভিযানের পরিকল্পনাও গৃহীত হয়েছে। মঙ্গলের পৃষ্ঠভাগে তরল জলের অস্তিত্ব সম্ভব নয়। কারণ, এই গ্রহের বায়ুমণ্ডলীয় চাপ খুবই কম, পৃথিবীর বায়ুমণ্ডলীয় চাপের 1% মাত্র। সবচেয়ে কম উঁচু স্থানগুলি অল্প সময়ের জন্য তা বাড়ে মাত্র। মেরুস্থ হিমছত্র দুটি প্রধানত জল দ্বারাই গঠিত। দক্ষিণ মেরুর হিমছত্রটিতে জলীয় বরফের পরিমাণ এতটাই যে, সেই বরফ গলে গেলে সমগ্র গ্রহের পৃষ্ঠভাগ 11 মিটার (36 ফু) গভীর জলের আস্তরণে ডুবে যাবে। 2016 সালের নভেম্বর মাসে নাসা জানায় মঙ্গলের ইউটোপিয়া প্ল্যানিশিয়া অঞ্চলে প্রচুর পরিমাণে ভূগর্ভস্থ বরফের সন্ধান পাওয়া গিয়েছে। সেই জলের যে আনুমানিক পরিমাণ শনাক্ত করা গিয়েছে, তা সুপিরিয়র হ্রদের মোট জলের পরিমাণের সমান।

পৃথিবী থেকে খালি চোখেই মঙ্গল গ্রহকে দেখা যায়। এই গ্রহের লালচে রঙের জন্য এটিকে সহজেই শনাক্ত করা যায়। মঙ্গলের আপাত মান সর্বাধিক -2.94 পর্যন্ত বৃদ্ধি পায়, যা শুধুমাত্র শুক্র গ্রহ, চাঁদ ও সূর্যের চেয়ে কম। পৃথিবী ও মঙ্গল পরস্পরের সবচেয়ে কাছে এলে পৃথিবীর বুকে স্থাপিত আলোক দূরবিনগুলি পৃথিবীর বায়ুমণ্ডলের বাধা কাটিয়ে মঙ্গল গ্রহের 300 কিলোমিটার (190 মাইল) বা ততো",,773e1b820203,1337
35,CONTRADICTED,date,5,1658,ভুটানের প্রথম বিমানসংস্থা ড্রুক এয়ার স্থাপিত হয় 1658 এপ্রিল 1981।,"পারো আন্তর্জাতিক বিমানবন্দর (আইএটিএ: পিবিএইচ, আইসিএও: ভিকিউপিআর) ভুটানের একমাত্র আন্তর্জাতিক বিমানবন্দর। এই বিমানবন্দরটি পারো শহর থেকে 6 কিমি (3.7 মা; 3.2 নটিক্যাল মাইল) দূরত্বে পারো নদীর তীরে অবস্থিত। এটির আশেপাশের পাহাড়ের উচ্চতা প্রায় 5,500 মি (18,000 ফু), এটিকে বিশ্বের অন্যতম ঝুঁকিপূর্ণ বিমানবন্দর মনে করা হয়। 2009 সালে অক্টোবর মাসের হিসাব অনুযায়ী, মাত্র আটজন পাইলট এই বিমানবন্দরে বিমান পরিচালনার সনদ আছে। এই বিমানবন্দরে পরিষ্কার আবহাওয়ায় পরিচালিত হয় এবং এখানকার বিমানবন্দর সূর্যোদয় থেকে সূর্যাস্ত পর্যন্ত খোলা থাকে। এটি ভুটানের চারটি বিমানবন্দরের একটি।
1968 সালে ভারতের সীমান্ত সড়ক সংস্থা পারো জেলায় একটি বিমানবন্দর স্থাপন করে, যেটি শুরুতে ভুটান সরকারের পক্ষে ভারতের সামরিক বাহিনী হেলিকপ্টার অবতরণের জন্য নির্মাণ করে। ভুটানের প্রথম বিমানসংস্থা ড্রুক এয়ার স্থাপিত হয় 5 এপ্রিল 1981।

পারো বিমানবন্দর উপতক্যার মাঝখানে সমুদ্রতল থেকে উচ্চতা প্রায় 2,235 মি (7,332 ফু) এবং পারিপার্শ্বিক পাহাড়ের উচ্চতা প্রায় 5,500 মি (18,000 ফু). এই বিমানবন্দরের রানওয়ের দৌর্ঘ 1,200 মি (3,900 ফু), ভুটানের সরকারকে পারোতে চলাচলের জন্য বিশেষ বিমান পছন্দ করতে হয়। এখানে 18-20 আসনের বিশেষ বিমান চলাচল করে। এই বিমান শুধু কলকাতা থেকে উড্ডয়ন করে পারো থেকে কলকাতা গিয়ে আবার জ্বালানী নিতে হত কারণ পারোতে পুনরা",,773e1b820203,1337
36,CONTRADICTED,entity,অন্তর্ভুক্ত,প্যতি,এটি মার্স ফিনিক্স প্রোগ্রামের প্যতি।,"ফিনিক্স একটি রোবট নিয়ন্ত্রিত নভোযান যাকে মঙ্গল গ্রহে একটি বিশেষ অভিযানে প্রেরণ করা হয়েছে। এটি মার্স ফিনিক্স প্রোগ্রামের অন্তর্ভুক্ত।

কোন নভোযানের নির্জীব যাত্রীদের সাধারণত পেলোড বলা হয়। তাই মঙ্গল গবেষণার জন্য প্রেরিত এই যন্ত্রপাতিগুলোকেও পেলোড বলা যায়। ফিনিক্সের পেলোডগুলো হচ্ছে:

রোবোটিক বাহু - ভূপৃষ্ঠের 0.5 মিটার পর্যন্ত খনন করতে পারে। এর কাজ মাটি ও ধূলির নমুনা সংগ্রহ করা।
রোবোটিক বাহুর ক্যামেরা - রোবোটিক বাহুর হাতার সাথে যুক্ত। এটা দিয়ে প্রথমেই নমুনা সংগ্রহের অঞ্চলের ছবি তোলা হয়, সেখান থেকে কি ধরনের নমুনা পাওয়া যাবে তা এই ছবির মাধ্যমেই বিশ্লেষণ করা হয়।
সার্ফেস স্টেরিও ইমেজার - নভোযানের মূল ক্যামেরা। পাথফাইন্ডারের সাথে যুক্ত ক্যামেরার চেয়ে এর রিজলিউশন অনেক বেশি। এর মাধ্যমে মঙ্গলের আর্কটিক অঞ্চলের উচ্চ রিজলিউশন ছবি তোলা হয়।
থার্মাল অ্যান্ড ইভল্ভ্ড গ্যাস অ্যানালাইজার - সংক্ষিপ্ত নাম টেগা। এতে উচ্চ তাপমাত্রার চুল্লীর সাথে ভর বর্ণালীবীক্ষণ যন্ত্র যুক্ত আছে। এরকম আটটি ওভেন আছে। প্রতিটি ওভেন একটি করে নমুনা বিশ্লেষণ করতে পারে। বুঝতেই পারছেন, এর মাধ্যমে সংগৃহীত নমুনায় কি কি পদার্থ আছে তা খতিয়ে দেখা যাবে।
মার্স ডিসেন্ট ইমেজার - সংক্ষিপ্ত নাম মার্ডি। এর মাধ্যমে অবতরণের সময় মঙ্গল পৃষ্ঠের ছবি তোলার কথা ছিল। কিন্তু কিছু তথ্য হারিয়ে যাওয়ার কারণে অবতরণের সাত মিনিটে সে কোন ছবিই তু",,773e1b820203,1337
37,SUPPORTED,gold,,,ভুটানের প্রথম বিমানসংস্থা ড্রুক এয়ার স্থাপিত হয় 5 এপ্রিল 1981।,"পারো আন্তর্জাতিক বিমানবন্দর (আইএটিএ: পিবিএইচ, আইসিএও: ভিকিউপিআর) ভুটানের একমাত্র আন্তর্জাতিক বিমানবন্দর। এই বিমানবন্দরটি পারো শহর থেকে 6 কিমি (3.7 মা; 3.2 নটিক্যাল মাইল) দূরত্বে পারো নদীর তীরে অবস্থিত। এটির আশেপাশের পাহাড়ের উচ্চতা প্রায় 5,500 মি (18,000 ফু), এটিকে বিশ্বের অন্যতম ঝুঁকিপূর্ণ বিমানবন্দর মনে করা হয়। 2009 সালে অক্টোবর মাসের হিসাব অনুযায়ী, মাত্র আটজন পাইলট এই বিমানবন্দরে বিমান পরিচালনার সনদ আছে। এই বিমানবন্দরে পরিষ্কার আবহাওয়ায় পরিচালিত হয় এবং এখানকার বিমানবন্দর সূর্যোদয় থেকে সূর্যাস্ত পর্যন্ত খোলা থাকে। এটি ভুটানের চারটি বিমানবন্দরের একটি।
1968 সালে ভারতের সীমান্ত সড়ক সংস্থা পারো জেলায় একটি বিমানবন্দর স্থাপন করে, যেটি শুরুতে ভুটান সরকারের পক্ষে ভারতের সামরিক বাহিনী হেলিকপ্টার অবতরণের জন্য নির্মাণ করে। ভুটানের প্রথম বিমানসংস্থা ড্রুক এয়ার স্থাপিত হয় 5 এপ্রিল 1981।

পারো বিমানবন্দর উপতক্যার মাঝখানে সমুদ্রতল থেকে উচ্চতা প্রায় 2,235 মি (7,332 ফু) এবং পারিপার্শ্বিক পাহাড়ের উচ্চতা প্রায় 5,500 মি (18,000 ফু). এই বিমানবন্দরের রানওয়ের দৌর্ঘ 1,200 মি (3,900 ফু), ভুটানের সরকারকে পারোতে চলাচলের জন্য বিশেষ বিমান পছন্দ করতে হয়। এখানে 18-20 আসনের বিশেষ বিমান চলাচল করে। এই বিমান শুধু কলকাতা থেকে উড্ডয়ন করে পারো থেকে কলকাতা গিয়ে আবার জ্বালানী নিতে হত কারণ পারোতে পুনরা",,773e1b820203,1337
38,NEUTRAL,cross_passage,,,2012 সালে তারা ওয়ালটন প্রিমো নামে প্রথম স্মার্টফোন বাজারে আনে।,"অ্যাকাডেমিক জার্নাল বা শিক্ষায়তনিক সাময়িকী হল এক ধরনের পাক্ষিক প্রকাশনা, যেখানে নির্দিষ্ট শিক্ষা বিষয়ক পাণ্ডিত্যপূর্ণ রচনা প্রকাশিত হয়ে থাকে। শিক্ষায়তনিক সাময়িকীগুলি স্থায়ী ও স্বচ্ছ ফোরাম হিসেবে বিভিন্ন গবেষণা উপস্থাপনা, নিরীক্ষণ ও আলোচনা করে থাকে। এদের বেশিরভাগই অভিজ্ঞদের দ্বারা পর্যালোচিত ও একাধিক গবেষণায় উল্লেখিত। বিষয়বস্তুগুলো সাধারণত এমন নিবন্ধের আকৃতি ধারণ করে, যা মৌলিক গবেষণা, নিবন্ধ পর্যালোচনা বা বই পর্যালোচনা উপস্থাপন করে। ফিলোসফিক্যাল ট্রানজেকশন্স অব দ্য রয়্যাল সোসাইটির প্রথম সম্পাদক হেনরি ওল্ডেনবার্গের মতে, শিক্ষায়তনিক সাময়িকীর উদ্দেশ্য হল গবেষকদের এমন একটি স্থান দেওয়া যেখানে তারা ""একে অপরের সাথে নিরপেক্ষভাবে জ্ঞান আদান-প্রদান করতে পারে, এবং নিজেদের স্বাভাবিক জ্ঞানের বিস্তৃত কৌশলে অবদান রাখতে পারে এবং সকল দার্শনিক কলা ও বিজ্ঞানকে নিখুঁত করতে পারে।""

""শিক্ষায়তনিক সাময়িকী"" শব্দগুচ্ছ সকল শাখার পাণ্ডিত্যপূর্ণ প্রকাশনার ক্ষেত্রে প্রযোজ্য; এই নিবন্ধগুলিতে যেসকল বিষয় আলোচনা করা হয় তা সকল শিক্ষায়তনিক শাখার সাময়িকীতে আলোচিত হয়। বৈজ্ঞানিক সাময়িকীগুলি ও পরিমাণগত সামাজিক বিজ্ঞানের সাময়িকীগুলি মানবিক শাখা ও গুণগত সামাজিক বিজ্ঞানের সাময়িকীগুলি আকার ও কার্যাবলি অনুযায়ী ভিন্ন হয়ে থাকে; তাদের নির্দিষ্ট দিকগুলি পৃথকভাবে আলোচনা করা হয়েছে।

প্রথম শিক্ষায়তনিক সাময়",,773e1b820203,1337
39,CONTRADICTED,numeral,70,0.4,রাজধানী ঢাকা শহর থেকে প্রায় 0.4 উত্তরে ময়মনসিংহ জেলার ভালুকাতে রানার অটোমোবাইলের নিজস্ব উৎপাদন কারখানাটি অবস্থিত।,"রানার অটোমোবাইলস লিমিটেড (আরএল) বাংলাদেশের মোটরসাইকেল প্রস্তুতকারক। রানার মোটরসাইকেল বিভাগে বাজারের শীর্ষস্থানে রয়েছে। রানার বিভিন্ন সক্ষমতা এবং মডেলের বিভিন্ন মোটরসাইকেল সরবরাহ করছে। পণ্যগুলি ক্রেতাদের এবং কর্পোরেট ক্লায়েন্টদের কাছে ডিলারের মাধ্যমে, কোম্পানির মালিকানাধীন সংস্থা পরিচালিত (সিওসিও) স্টোরগুলির মাধ্যমে এবং দরপত্রের মাধ্যমে এবং সম্প্রতি অনলাইন মাধ্যমেও বিক্রি করা হচ্ছে।
বাংলাদেশে দুই চাকার যানের বাজার বাড়ছে, সাধারণ জনগণ তথা দ্রুত বর্ধমান মধ্যবিত্তের আয়ের বৃদ্ধি সাথে সাথে। রানার অটোমোবাইলস লিমিটেড 2000 সালের জুলাইয়ে একটি প্রাইভেট লিমিটেড সংস্থা হিসাবে অন্তর্ভুক্ত হয়েছিল এবং 2000 এর পর থেকে মোটরসাইকেলের আমদানিকারক এবং ব্যবসায়ী হিসাবে এর বাণিজ্যিক কার্যক্রম শুরু করে। পরে এটি 2012 সালের জানুয়ারিতে পাবলিক লিমিটেড সংস্থা হিসাবে রূপান্তরিত হয় এবং মোটরসাইকেলের উৎপাদন ও বিক্রয় ব্যবসা শুরু করে। এরপরে, সংস্থাটি ইঞ্জিন একত্রিত করার এবং মোটরসাইকেলের অন্যান্য অংশগুলি তৈরির সুবিধা স্থাপন করে। রানার্স মোটরসাইকেলের পরিসীমা 80 সিসি থেকে শুরু করে 150 সিসি পর্যন্ত এবং প্রায় 12টি মডেল রয়েছে। রাজধানী ঢাকা শহর থেকে প্রায় 70 উত্তরে ময়মনসিংহ জেলার ভালুকাতে রানার অটোমোবাইলের নিজস্ব উৎপাদন কারখানাটি অবস্থিত। বিশাল এই কারখানাটি কোম্পানির নিজস্ব জমিতে প্রিফ্যাব্রিকেটেড ইস্পাত কাঠামোয়",,773e1b820203,1337
40,CONTRADICTED,entity,জার্মানির,পরস্পরের,"এর সাম্রাজ্যবাদী চিন্তাধারার মূল কারণ ছিল পরস্পরের হৃত অর্থনৈতিক, সামরিক এবং ভূমিকেন্দ্রিক সম্পদ পুনরুদ্ধার করা এবং পুনরায় একটি বিশ্বশক্তি হিসেবে আত্মপ্রকাশ করা।","দ্বিতীয় বিশ্বযুদ্ধের কারণ নিয়ে যথেষ্ট বিতর্কের অবকাশ রয়েছে। তবে এ নিয়ে একটি সাধারণ ধারণা রয়েছে যা অনেকাংশে গ্রহণযোগ্য। এই কারণটি যুদ্ধোত্তর সময়ে মিত্রশক্তির দেশসমূহের মধ্যে তোষণ নীতির মাধ্যমে সমঝোতার ভিত্তি হয়ে দাঁড়ায় যা নির্দেশক শক্তির ভূমিকা পালন করে যুক্তরাষ্ট্র এবং ফ্রান্স। প্রথম বিশ্বযুদ্ধের পর জার্মানি এবং জাপানের আধিপত্য ও সাম্রাজ্যবাদকে দায়ী করে এই কারণটি প্রতিষ্ঠা লাভ করে যার বিস্তারিত এখানে উল্লেখিত হচ্ছে।

প্রথম বিশ্বযুদ্ধের পর জার্মানি তার সম্পদ, সম্মান এবং ক্ষমতার প্রায় সবটুকুই হারিয়ে বসে। এর সাম্রাজ্যবাদী চিন্তাধারার মূল কারণ ছিল জার্মানির হৃত অর্থনৈতিক, সামরিক এবং ভূমিকেন্দ্রিক সম্পদ পুনরুদ্ধার করা এবং পুনরায় একটি বিশ্বশক্তি হিসেবে আত্মপ্রকাশ করা। এর পাশাপাশি পোল্যান্ড এবং ইউক্রেনের সম্পদসমৃদ্ধ ভূমি নিয়ন্ত্রণে আনাও একটি উদ্দেশ্য হিসেবে কাজ করেছে। জার্মানির একটি জাতীয় আকাঙ্ক্ষা ছিল প্রথম বিশ্বযুদ্ধের পরপর সম্পাদিত ভার্সাই চুক্তি হতে বেরিয়ে আসার। এরই প্রেক্ষাপটে হিটলার এবং তার নাৎসি বাহিনীর ধারণা ছিল যে একটি জাতীয় বিপ্লবের মাধ্যমে দেশকে সংগঠিত করা সম্ভব হবে।

দ্বিতীয় বিশ্বযুদ্ধের নাট্যমঞ্চ
যুদ্ধের মূল কারণ ছিল মিত্র শক্তির এক পক্ষ চুক্তি। মিত্র শক্তির এই এক পক্ষ চুক্তি জার্মানিরা মেনে নিতে পারেনি তারা ভাবে যে তাদের সাথে পক্ষপাত্তি করা হয়েছে। তাই তাদে",,773e1b820203,1337
41,CONTRADICTED,polarity,,না,দক্ষিণ আফ্রিকার সরকারের সঙ্গে শান্তি আলোচনায় অবদান রাখার জন্য ম্যান্ডেলা এবং রাষ্ট্রপতি এফ ডব্লু ডি ক্লার্ককে 1993 খ্রিষ্টাব্দে নোবেল শান্তি পুরস্কার দেয়া হয় না।,"কারামুক্তির পর ম্যান্ডেলা আফ্রিকান ন্যাশনাল কংগ্রেসের নেতৃত্ব গ্রহণ করেন। 1990 থেকে 1994 পর্যন্ত তিনি এই দলের নেতা ছিলেন। এই সময়ে তিনি দক্ষিণ আফ্রিকায় বর্ণবাদ অবসানের লক্ষ্যে সরকারের সঙ্গে আলোচনায় বসেন। এই শান্তি আলোচনা ফলপ্রসূ হওয়ার পর 1994 খ্রিষ্টাব্দে দেশের ইতিহাসে প্রথমবারের মতো সব বর্ণের মানুষের অংশগ্রহণে সাধারণ নির্বাচন অনুষ্ঠিত হয়।

আফ্রিকান ন্যাশনাল কংগ্রেস দলটির ওপর নিষেধাজ্ঞা তুলে নেওয়া হলে 1991 খ্রিষ্টাব্দে এই দলের প্রথম জাতীয় সম্মেলন হয়। এই সম্মেলনে ম্যান্ডেলাকে দলের প্রেসিডেন্ট নির্বাচন করা হয়। ম্যান্ডেলার পুরোনো বন্ধু ও সহকর্মী অলিভার টাম্বো ম্যান্ডেলার বন্দিত্বের সময়ে প্রবাসে এই দলের নেতৃত্ব দিয়েছিলেন। এই সম্মেলনে টাম্বোকে দলের জাতীয় সভাপতি নির্বাচন করা হয়।

দক্ষিণ আফ্রিকার সরকারের সঙ্গে শান্তি আলোচনায় অবদান রাখার জন্য ম্যান্ডেলা এবং রাষ্ট্রপতি এফ ডব্লু ডি ক্লার্ককে 1993 খ্রিষ্টাব্দে নোবেল শান্তি পুরস্কার দেয়া হয়। তবে সব সময় এই শান্তি আলোচনা নির্বিঘ্নে চলেনি। 1991 খ্রিষ্টাব্দে একবার মতানৈক্য হলে ম্যান্ডেলা রেগে গিয়ে ডি ক্লার্ককে অবৈধ সরকারের নেতা বলে অভিহিত করেছিলেন। 1992 খ্রিষ্টাব্দের জুন মাসে বৈপাটোংয়ের গণহত্যার ঘটনা ঘটলে আলোচনা ভেস্তে যায়। ম্যান্ডেলা সেসময় ডি ক্লার্কের সরকারকে এই গণহত্যায় জড়িত থাকার জন্য অভিযোগ করেন। তবে এর 3 মাস পর 1992 খ্র",,773e1b820203,1337
42,CONTRADICTED,unit,পাউন্ড,লিটার,"1819 লিটার (825 কেজি) পেইড সহ বৃহস্পতির ট্র্যাজেক্টোরি বৃদ্ধির জন্য প্রয়োজনীয় শক্তির কারণে, মহাকাশযানটিতে একটি 2476 পাউন্ড (1,125কেজি) সলিড-রকেট মোটর এবং আটটি হাইড্রাজাইন মনোপ্রোপেল্যান্ট রকেট ইঞ্জিন, চারটি দিয়ে তৈরি একটি প্রপুলশন মডিউল অন্তর্ভুক্ত ছিল পিচ এবং ইয়া মনোভাব নিয়ন্ত্রণ প্রদান এবং রোল নিয়ন্ত্রণের জন্য চারটি।","প্রারম্ভিক যুগে, এটি উপলব্ধি করা হয়েছিল যে বাহ্যিক গ্রহের পর্যায়ক্রমিক প্রান্তিককরণটি 1970 এর দশকের শেষের দিকে ঘটবে এবং একক তদন্তকে বৃহত্তর, শনি, ইউরেনস এবং নেপচুনে তৎকালীন মাধ্যাকর্ষণ সহায়তার কৌশল অবলম্বন করে দেখার জন্য সক্ষম করবে। নাসা একটি গ্র্যান্ড ট্যুরে কাজ শুরু করেছিল, এটি একটি বৃহত প্রকল্পে রূপান্তরিত হয়েছিল যার মধ্যে দুটি প্রোব দুটি গ্রুপকে নিয়ে একটি গ্রুপ জুপিটার, শনি এবং প্লুটো এবং অন্য বৃহস্পতি,ইউরেনাস এবং নেপচুনে গিয়েছিল। পুরো ট্যুরের মাধ্যমে বেঁচে থাকার বিষয়টি নিশ্চিত করতে মহাকাশযানটি রিলান্ড্যান্ট সিস্টেমের সাথে নকশাকৃত করা হত। 1972 সালের মধ্যে মিশনটি আবার ছোট করে দেওয়া হয় এবং দুটি মেরিনার-উদ্ভব মহাকাশযান, মেরিনার বৃহস্পতি-শনি প্রোব দ্বারা প্রতিস্থাপিত হয়। আপাতকালীন কর্মসূচির ব্যয় কম রাখার জন্য, মিশনটিতে কেবল বৃহস্পতি এবং শনির ফ্লাইবাই অন্তর্ভুক্ত থাকবে, তবে গ্র্যান্ড ট্যুর বিকল্পটি উন্মুক্ত রাখা হবে। ভয়েজার 1-এর প্রাথমিক মিশন ছিল বৃহস্পতি, শনি এবং শনির চাঁদ, টাইটানকে অন্বেষণ করা। ভয়েজার 2 বৃহস্পতি এবং শনি অন্বেষণ করতেও ছিল, তবে এমন একটি ট্র্যাজেক্টোরিতে যেটি ইউরেনাস এবং নেপচুনে চালিয়ে যাওয়ার বা ভাইটার 1 এর ব্যাকআপ হিসাবে টাইটানকে পুনর্নির্দেশ করার বিকল্প ছিল ইউরেনাস এবং নেপচুনের দিকে তদন্ত প্রেরণে একটি মিশন এক্সটেনশন পান।
জেট প্রপালশন ল্যাবরেটরি (জেপি",,773e1b820203,1337
43,CONTRADICTED,unit,ভাগ,বর্গমিটার,"এই পরিকল্পনা অনুযায়ী পুরো বাহিনীকে উত্তর, দক্ষিণ ও কেন্দ্রীয় নামক তিনটি কোরে বর্গমিটার করা হচ্ছে| ইতিমধ্যে সিলেটে 17 পদাতিক ডিভিশন, কক্সবাজারের রামুতে 10 পদাতিক ডিভিশন ও বরিশাল-পটুয়াখালিতে 7 পদাতিক ডিভিশন স্থাপন করা হয়েছে যা সেনাবাহিনীর মোট ডিভিশন সংখ্যাকে 10 এ উন্নীত করেছে।","বাংলাদেশ সশস্ত্র বাহিনী ফোর্সেস গোল 2030 নামক দীর্ঘমেয়াদি আধুনিকায়ন পরিকল্পনার মধ্য দিয়ে যাচ্ছে। পরিকল্পনা অনুযায়ী বাংলাদেশ সেনাবাহিনীর একটি বড় ধরনের সম্প্রসারণ ও আধুনিকায়ন কর্মকাণ্ড চলমান। এই পরিকল্পনা অনুযায়ী পুরো বাহিনীকে উত্তর, দক্ষিণ ও কেন্দ্রীয় নামক তিনটি কোরে ভাগ করা হচ্ছে| ইতিমধ্যে সিলেটে 17 পদাতিক ডিভিশন, কক্সবাজারের রামুতে 10 পদাতিক ডিভিশন ও বরিশাল-পটুয়াখালিতে 7 পদাতিক ডিভিশন স্থাপন করা হয়েছে যা সেনাবাহিনীর মোট ডিভিশন সংখ্যাকে 10 এ উন্নীত করেছে। সেনাবাহিনী পদাতিক সেনাদের আধুনিকায়নের জন্য ইনফ্যান্ট্রি সোলজার সিস্টেম নামক উচ্চাভিলাষী আধুনিকায়ন কার্যক্রম চলমান রয়েছে। এই কার্যক্রমের অংশ হিসেবে প্রত্যেক পদাতিক সৈন্যকে নাইট ভিশন গগলস, ব্যালিস্টিক হেলমেট, চোখ সুরক্ষা সরঞ্জাম, বুলেটপ্রুফ ভেস্ট, ব্যক্তি-থেকে-ব্যক্তি যোগাযোগের যন্ত্র, হাতে বহনযোগ্য জিপিএস যন্ত্র এবং কলিমেটর সাইট যুক্ত বিডি-08 রাইফেল দ্বারা সজ্জিত করা হচ্ছে।

বিশেষ অপারেশন সক্ষমতা বাড়ানোর জন্য 2 প্যারাকমান্ডো ব্যাটালিয়ন প্রতিষ্ঠা করা হয়েছে। এই ব্যাটালিয়ন এবং পূর্বের 1 প্যারাকমান্ডো ব্যাটালিয়ন নিয়ে গঠিত হয়েছে দেশের একমাত্র প্যারা কমান্ডো ব্রিগেড। বাংলাদেশ সেনাবাহিনী 2011 সালে চীন থেকে 44টি এমবিটি-2000 ট্যাংক ক্রয় করেছে। এই ক্রয় ছিল দেশটির ইতিহাসের প্রথম বারের মত ট্যাংক ক্রয়। বাংলাদেশ সেনাবাহিনী",,773e1b820203,1337
44,NEUTRAL,cross_passage,,,"রওশন 1991, 1996 ও 2001 সালের নির্বাচনে নির্বাচিত হয়ে পরপর তিনবার সংসদ সদস্য হন।","কারমুডি একটি আধুনিক অনলাইন মার্কেটপ্লেস যা নতুন বা ব্যবহৃত গাড়ির ক্রেতা ও বিক্রেতাদের জন্য প্লাটফর্ম হিসেবে কাজ করে. কারমুডি উদীয়মান বাজার যেমন মেক্সিকো, বাংলাদেশ, মিয়ানমার, পাকিস্তান, ফিলিপাইন, ইন্দোনেশিয়া, ভিয়েতনাম, নাইজেরিয়া, ঘানা, সংযুক্ত আরব আমিরাত, ক্যামেরুন এ এটি একটি সম্প্রসারনরত অনলাইন প্লাটফর্ম। কোম্পানিটি হাজারো নতুন, পুরাতন এবং প্রত্যায়িত সেকেন্ড হ্যান্ড গাড়ি ডিলার এবং ব্যক্তিগত ব্যবহার কারিদের কাছ থেকে সংগ্রহ করে। কারমুদি শুধু অনলাইন মার্কেট প্লেসই না, এটি ব্যবহার কারিদের গাড়ি সম্পর্কিত তথ্য,গাড়ির রিভিউ, কেনাকাটা উপদেশ বা অন্যান্য মোটরগাড়ি সংক্রান্ত বিষয়ের উপর সংগঠিত তথ্য দিয়ে ক্রেতাদের প্রদান করে। কারমুদি জার্মানি তে 2013 সালে প্রতিষ্ঠিত হয় এবং আগে কারমিডো (আফ্রিকা), উবিয়াউত (লাতিন আমেরিকা) এবং মোটর (এশিয়া)এ ব্র্যান্ড নামে পরিচালিত ছিল।কারমুদি জার্মানি তে 2013 সালে প্রতিষ্ঠিত হয়। অক্টোবর 2013 তে কারমিডো (নাইজেরিয়া), ইউবিলিস্টা (মেক্সিকো) মেক্সিকো (মিয়ানমার) কে একত্রিত করে একটি কোম্পানি। বর্তমানে স্টেফান হাবোল্ড, আরইন সিকমা এবং ফ্রিয সিমন্স কারমুডি পরিচালনা করছেন। এই কোম্পানিটিকে সবধরনের সহযোগিতা করছে রকেট ইন্টারনেট, বিশ্বের সবচাইতে বড় ইন্টারনেট ইঙ্কিউবেটর।অক্টোবর 2013 তে কারমুডি তাদের কার্যক্রম শুরু করে এশিয়া, আফ্রিকা এবং ল্যাটিন আমেরিকার বিভিন্ন ",,773e1b820203,1337
45,CONTRADICTED,entity,শহরগুলির,অভাবীদের,"করিডোরটি কর্ণাটক ও মহারাষ্ট্র রাজ্যের মধ্যে ছড়িয়ে পড়েছে এবং দাভাংগেরে, চিত্রদুর্গ, হুবলি-ধারাওয়াদ, বেলগাভি, সোলাপুর, সাংলি, সাতারা এবং পুনের মতো প্রধান অভাবীদের মধ্য দিয়ে যায়।","বেঙ্গালুরু-মুম্বই অর্থনৈতিক করিডোর (বিএমইসি) হল ভারতের মুম্বাই ও বেঙ্গালুরু শহরের মধ্যে প্রস্তাবিত অর্থনৈতিক করিডোর। করিডোরটি কর্ণাটক ও মহারাষ্ট্র রাজ্যের মধ্যে ছড়িয়ে পড়েছে এবং দাভাংগেরে, চিত্রদুর্গ, হুবলি-ধারাওয়াদ, বেলগাভি, সোলাপুর, সাংলি, সাতারা এবং পুনের মতো প্রধান শহরগুলির মধ্য দিয়ে যায়। করিডোরের সামগ্রিক দৈর্ঘ্য প্রায় 1,000 কিলোমিটার এবং প্রায় 143,000 বর্গ কিলোমিটার এলাকা জুড়ে ছড়িয়ে রয়েছে। বিদ্যমান জাতীয় মহাসড়ক 4 (এনএইচ 4) (যা বেঙ্গালুরু ও মুম্বাইকে সংযুক্ত করে), বিদ্যমান বেঙ্গালুরু-মুম্বই রেলপথ এবং দাবহল-বেঙ্গালুরু প্রাকৃতিক গ্যাস পাইপলাইন করিডোরটির অন্তর্গত। ভারত সরকার এই করিডোর থেকে 3 লাখ কোটি টাকা (মার্কিন 44 বিলিয়ন) বিনিয়োগের লক্ষ্যমাত্রা অর্জন করবে এবং আশা করে এটি দেশে 2.5 মিলিয়ন কর্মসংস্থান তৈরি করবে। নভেম্বর 2013 সালে ভারত-যুক্তরাজ্য সামিটের সময়, ভারত ও ব্রিটিশ সরকার প্রকল্পটির যৌথ সম্ভাব্যতা অধ্যয়ন করতে সম্মত হয়। ডিএমআএসিডিসি এবং ইউকে ট্রেড এন্ড ইনভেস্টমেন্ট (ইউকেটিআই) যথাক্রমে দুই পক্ষের প্রতিনিধিত্ব করে এবং তাদের এই প্রকল্পের জন্য নোডাল এজেন্সি হিসাবে নিযুক্ত করা হয়। 2013 সালের নভেম্বরে প্রকল্পের জন্য একটি কনসালট্যান্ট নিয়োগের জন্য ডিএমআএসিডিসি একটি টেন্ডার তৈরি করে এবং 14 ফেব্রুয়ারি 2014 সালে টেন্ডার জয়ী হয় ইজিস ইন্ডিয়া কনসাল্টিং ইঞ্জিনিয়",,773e1b820203,1337
46,CONTRADICTED,entity,কলেজের,জর্জরিত,আন্দোলনকারীদের দাবিগুলোর মাঝে একটি ছিল জর্জরিত সামনে একটি আন্ডারপাস নির্মাণ করা।,"সুরসপ্তক আন্ডারপাস নির্মাণের পূর্বে এখানে কোন পথচারী সেতু ছিল না। পথচারী পারাপারের জন্য এখানে একটি জেব্রা ক্রসিং ছিল। 2018 সালের 29 জুলাই শহীদ রমিজ উদ্দিন ক্যান্টনমেন্ট কলেজের সামনে সংঘটিত দূর্ঘটনায় রাজীব ও দিয়া খানম মীম নামক দুজন শিক্ষার্থী মৃত্যুবরণ করে। দুজনের মৃত্যুকে কেন্দ্র করে পরবর্তীতে নিরাপদ সড়ক আন্দোলন শুরু হয়। আন্দোলনকারীদের দাবিগুলোর মাঝে একটি ছিল কলেজের সামনে একটি আন্ডারপাস নির্মাণ করা।
একই বছরের 12 আগস্ট তারিখে আন্ডারপাসটির ভিত্তিপ্রস্তর স্থাপন করা হয়। সুরসপ্তক নির্মাণের দায়িত্বে ছিল বাংলাদেশ সেনাবাহিনীর 24 ইঞ্জিনিয়ার ব্রিগেড। এটি নির্মাণে 57 কোটি টাকা ব্যয় করা হয়। এই আন্ডারপাসের নাম সুরসপ্তক রাখা হয় 1971-এর মুক্তিযুদ্ধে শহীদ সাত বীরশ্রেষ্ঠদের সম্মানে। রাস্তা না কেটে মাটির নিচ দিয়ে সুড়ঙ্গ করে তথা বক্স পুসিং প্রযুক্তিতে নির্মাণ করা হয় সুরসপ্তক আন্ডারপাস।
তবে তিন বছরে নির্মিত এই আন্ডারপাসের নাম সুরসপ্তকের বদলে নিহত দুই শিক্ষার্থী রাজীব-দিয়ার নামে নামকরণ করা সহ নির্মিত আন্ডারপাস দ্রুত উন্মুক্ত করে দেওয়ার দাবিতে নিরাপদ সড়ক আন্দোলন সংগঠন প্রধানমন্ত্রীর নিকট স্মারকলিপি প্রেরণ করে।
করোনার প্রাদুর্ভাবের ফলে নির্মাণকাজে বিলম্ব হয়। অবশেষে 12 জানুয়ারি 2022 সালে সুরসপ্তক আন্ডারপাসটি খুলে দেওয়া হয়। সুরসপ্তক আন্ডারপাস নির্মাণের পূর্বে এখানে কোন পথচারী সেতু ছিল ন",,773e1b820203,1337
47,CONTRADICTED,relation_order,মিশর->সিনাই,সিনাই->মিশর,এটি সিনাই থেকে মিশর উপদ্বীপের ভেতর দিয়ে আকাবা হয়ে তারপর ট্রান্সজর্ডান এর দিকে উত্তরদিকে ঘুরে গিয়ে দামেস্ক এবং ফোরাত নদীর দিকে চলে যেতো।,"রাজার মহাসড়ক বা কিংস হাইওয়ে ছিলো প্রাচীন মধ্যপ্রাচ্যের একটি খুব গুরুত্বপূর্ণ বাণিজ্যপথ যা আফ্রিকাকে মেসোপটেমিয়ার সাথে সংযুক্ত করেছিলো। এটি মিশর থেকে সিনাই উপদ্বীপের ভেতর দিয়ে আকাবা হয়ে তারপর ট্রান্সজর্ডান এর দিকে উত্তরদিকে ঘুরে গিয়ে দামেস্ক এবং ফোরাত নদীর দিকে চলে যেতো।
সপ্তম শতাব্দীর উর্বর চন্দ্রএই মহাসড়কের পথ শুরু হতো মিশরের হেলিওপোলিস থেকে এবং পূর্ব দিকে মিতলা গিরিপথ, মিশরীয় নেখল দূর্গ এবং সিনাই মরুভূমির থেমেদ হয়ে ক্লিসমায় (আধুনিক সুয়েজ) গিয়ে তারপর ইলাত ও আকাবায় পৌঁছাতো। আকাবা থেকে মহাসড়কটি উত্তরে আরাভের ভেতর দিকে, পেট্রা ও মা'আনের পাশ দিয়ে উধরুহ, শেলা এবং শাউবাক অতিক্রম করতো। তারপর এটি কেরাক ও মোয়াবের ভেতর দিকে মাদাবা, রাব্বাহ অম্মোন/ফিলাডেলফিয়া (বর্তমানে আম্মান), জেরাশ, বুশরা, দামেস্ক এবং তাদমুর অতিক্রম করে উচ্চ ফোরাতের রেসাফায় থামতো।কলার মুসলিম অভিযান থেকে ষষ্ঠদশ শতাব্দী পর্যন্ত এই সড়কটি তীর্থযাত্রার উদ্দেশ্যে সিরিয়া, ইরাক এবং আরো দূরের হাজিরা পবিত্র মক্কা শহরে পৌঁছানোর জন্য ব্যবহার করতো। বিভিন্ন প্রাচীন রাজ্য, যেমন ইদোম, মোয়াব, অম্মোন, এবং অনেক আরামীয় অঞ্চল বাণিজ্যের জন্য অধিকাংশ ক্ষেত্রে কিংস হাইওয়ের উপর নির্ভরশীল ছিলো। নাবাতীয়রা এই সড়ক বিলাস দ্রব্য বাণিজ্য করার জন্য ব্যবহার করতো যেমন লোবান ও দক্ষিণ আরবের মশলা ইত্যাদি। খ্রিস্টপূর্ব প্রথম শতাব্দীতে হ",,773e1b820203,1337
48,NEUTRAL,cross_passage,,,ইসলামী সাহিত্যের কালকে মূলত চারভাগে ভাগ করা যায়- 1) রাশিদী এবং উমাইয়াদ যুগ (622-750 খ্রিস্টাব্দ / 1-132 হিজরি)।,"গ্রিন হাউজ প্রতিক্রিয়া হচ্ছে এমন একটি প্রক্রিয়া যার দ্বারা ভূপৃষ্ঠ হতে বিকীর্ণ তাপ বায়ুমণ্ডলীয় গ্রিন হাউজ গ্যাসসমূহ দ্বারা শোষিত হয়ে পুনরায় বায়ুমণ্ডলের অভ্যন্তরে বিকিরিত হয়। এই বিকীর্ণ তাপ ভূপৃষ্ঠে উপস্থিতিতেও বায়ুমণ্ডলের নিম্নস্তরে ফিরে এসে ভূপৃষ্ঠের তথা বায়ুমণ্ডলের গড় তাপমাত্রাকে বাড়িয়ে দেয়।

মূলত সৌর বিকিরণ দৃশ্যমান আলোর তরঙ্গদৈর্ঘ্যে বায়ুমণ্ডলের মধ্য দিয়ে অতিক্রম করে ভূপৃষ্ঠকে উত্তপ্ত করে এবং ভূপৃষ্ঠ পরবর্তীকালে এই শক্তি নিম্ন তরঙ্গদৈর্ঘ্যে অবলোহিত রশ্মি আকারে নির্গত করে। এই অবলোহিত রশ্মি বায়ুমণ্ডলস্থ গ্রিন হাউজ গ্যাসসমূহ দ্বারা শোষিত হয়ে অনেক বেশি শক্তি আকারে ভূপৃষ্ঠে ও বায়ুমণ্ডলের নিম্নস্তরে পুনঃবিকিরিত হয়। শীতপ্রধান দেশগুলোতে সাধারণত কাচ নির্মিত গ্রিন হাউজ তৈরি করে উদ্ভিদ উৎপাদন করার পদ্ধতি অনুসরণ এই প্রক্রিয়ার নামকরণ করা হয়। একটি গ্রিন

হাউজে সৌর বিকিরণ কাচের মধ্য দিয়ে গ্রিন হাউজটিকে উত্তপ্ত রাখে,এখানে মৌলিক পার্থক্য হচ্ছে গ্রিন হাউজটিকে বাতাসের প্রবাহ হ্রাস করে উত্তপ্ত বাতাস কাচের কাঠামোর মধ্যে পরিচলন ব্যতিরেকে ধরে রাখতে পারে।",,773e1b820203,1337
49,CONTRADICTED,relation_order,কলেজ->পাশ,পাশ->কলেজ,"আর্ট পাশ থেকে কলেজ করা ও বর্তমানে ""দৈনিক জয়ধ্বজা' পত্রিকায় সাংবাদিকতায় কর্মরত রাপ্পা অনেকটা ""বাঙালীর টিনটিন""।টিনটিন-এর মতোই নানা দুঃসাহসিক অভিযানে জেনেশুনে ঝাঁপিয়ে পড়াই রাপ্পা রায়ের স্বভাব।","আর্ট কলেজ থেকে পাশ করা ও বর্তমানে ""দৈনিক জয়ধ্বজা' পত্রিকায় সাংবাদিকতায় কর্মরত রাপ্পা অনেকটা ""বাঙালীর টিনটিন""।টিনটিন-এর মতোই নানা দুঃসাহসিক অভিযানে জেনেশুনে ঝাঁপিয়ে পড়াই রাপ্পা রায়ের স্বভাব। আর এই রাপ্পার এই কাজে প্রবল আপত্তি তার বাবার। কিন্তু প্রশ্রয় দেন রাপ্পার কাকা পুলিশের আইজি। তাই রাপ্পা প্রায়শই ঝামেলায় জড়িয়ে পড়ে কখনও বেনারস কখনও দার্জিলিং, আসামের জঙ্গল আবার কখনও কলকাতাতেই। কোন কোন ক্ষেত্রে তার এই অভিযানের সঙ্গী হয়েছে তার বন্ধু টনি। এই টনি চরিত্রটি গল্পে কমিক রিলফের জন্য সৃষ্ট। তার ফটোগ্রাফির প্রতি ধ্যানজ্ঞান ও সহজাত বুদ্ধির অভাবে ঘটানো নানান ঘটনা পাঠকদের মনে হাসির উদ্রেক করে। রাপ্পা রায়ের কমিকস্ অঙ্কনের ক্ষেত্রেও সুযোগ বন্দ্যোপাধ্যায় অনুসরণ করেছেন টিনটিনের কমিকসের বেলজিয়ান ধাঁচ। রাপ্পার দুঃসাহসী আর বেপরোয়া মনোভাবের জন্যই তাকে ছোটো বড়ো নির্বিশেষে সকল পাঠক-পাঠিকারই পছন্দ।",,773e1b820203,1337
50,CONTRADICTED,relation_order,কম্পিউটার->পেরিফেরাল,পেরিফেরাল->কম্পিউটার,"উদ্দেশ্য হিসেবে হোস্ট পেরিফেরাল থেকে কম্পিউটার যন্ত্রাংশ ব্যবস্থাপনার কাজ অফ লোড করা, বার্তা প্রেরন ও গ্রহণ, প্যাকেট সন্নিহিত ও অসন্নিহিতকরন, ভুল নির্ণয় এবং তা ঠিক করা।","ফ্রন্ট এন্ড প্রসেসর (এফইপি), অথবা একটি যোগাযোগকারী প্রসেসর হল ছোট আকারের কম্পিউটার যা হোস্ট কম্পিউটারে কিছু সংখ্যক নেটওয়ার্ক যেমন এসএসএ বা কিছু সংখ্যক পেরিফেরাল ডিভাইস যেমন টার্মিনাল, ডিস্ক ইউনিট, প্রিন্টার এবং টেপ ইউটনিট ইত্যাদির মধ্যে সাধারণ ক্ষেত্র হিসেবে কাজ করে। হোস্ট কম্পিউটার এবং ফ্রন্ট এন্ড প্রসেসরের মধ্যে ডেটা আদান প্রদান হয় দ্রুতগতির সমান্তরাল সাধারণ ক্ষেত্র দিয়ে। এটি পেরিফেরাল যন্ত্রাংশের সাথে যোগাযোগ করে কমগতি সম্পন্ন সাধারণ ক্ষেত্র ব্যবহার করে, সাধারণত যোগাযোগ নেটওয়ার্ক দিয়ে। উদ্দেশ্য হিসেবে হোস্ট কম্পিউটার থেকে পেরিফেরাল যন্ত্রাংশ ব্যবস্থাপনার কাজ অফ লোড করা, বার্তা প্রেরন ও গ্রহণ, প্যাকেট সন্নিহিত ও অসন্নিহিতকরন, ভুল নির্ণয় এবং তা ঠিক করা। দুটো উদাহরণ হতে পারে আইবিএম 3705 যোগাযোগ নিয়ন্ত্রণকারী এবং বারোগস তথ্য যোগাযোগের প্রসেসর।
কখনো কখনো এফইপি কেউ কেউ যোগাযোগ নিয়ন্ত্রণকারী হিসেবে অবিহিত করেন। প্রথম দিকের যোগাযোগ নিয়ন্ত্রণকারীগুলো যেমন আইবিএম 270x সিরিজগুলো ছিল তার দিয়ে বানানো কিন্তু পরেরগুলো ছিল প্রোগ্রাম করা যায় এমন ডিভাইস।
এটি একটি প্রসেসিং যন্ত্রাংশ (সাধারণত একটি কম্পিউটার) যা ইনপুট উৎসের কাছাকাছি থাকে মূল প্রসেসরের থেকে। এটি যে কাজগুলো করে তা হল রেডিওর মাধ্যমে উপাত্ত প্রেরন ও পরিমাপের নিয়ন্ত্রণ, তথ্য সংগ্রহ, প্রসেস হয়নি এমন সেন্সর তথ্যগুলোকে হ্রাস কর",,773e1b820203,1337
51,CONTRADICTED,date,2012,2017,পরে এটি 2017 সালের জানুয়ারিতে পাবলিক লিমিটেড সংস্থা হিসাবে রূপান্তরিত হয় এবং মোটরসাইকেলের উৎপাদন ও বিক্রয় ব্যবসা শুরু করে।,"রানার অটোমোবাইলস লিমিটেড (আরএল) বাংলাদেশের মোটরসাইকেল প্রস্তুতকারক। রানার মোটরসাইকেল বিভাগে বাজারের শীর্ষস্থানে রয়েছে। রানার বিভিন্ন সক্ষমতা এবং মডেলের বিভিন্ন মোটরসাইকেল সরবরাহ করছে। পণ্যগুলি ক্রেতাদের এবং কর্পোরেট ক্লায়েন্টদের কাছে ডিলারের মাধ্যমে, কোম্পানির মালিকানাধীন সংস্থা পরিচালিত (সিওসিও) স্টোরগুলির মাধ্যমে এবং দরপত্রের মাধ্যমে এবং সম্প্রতি অনলাইন মাধ্যমেও বিক্রি করা হচ্ছে।
বাংলাদেশে দুই চাকার যানের বাজার বাড়ছে, সাধারণ জনগণ তথা দ্রুত বর্ধমান মধ্যবিত্তের আয়ের বৃদ্ধি সাথে সাথে। রানার অটোমোবাইলস লিমিটেড 2000 সালের জুলাইয়ে একটি প্রাইভেট লিমিটেড সংস্থা হিসাবে অন্তর্ভুক্ত হয়েছিল এবং 2000 এর পর থেকে মোটরসাইকেলের আমদানিকারক এবং ব্যবসায়ী হিসাবে এর বাণিজ্যিক কার্যক্রম শুরু করে। পরে এটি 2012 সালের জানুয়ারিতে পাবলিক লিমিটেড সংস্থা হিসাবে রূপান্তরিত হয় এবং মোটরসাইকেলের উৎপাদন ও বিক্রয় ব্যবসা শুরু করে। এরপরে, সংস্থাটি ইঞ্জিন একত্রিত করার এবং মোটরসাইকেলের অন্যান্য অংশগুলি তৈরির সুবিধা স্থাপন করে। রানার্স মোটরসাইকেলের পরিসীমা 80 সিসি থেকে শুরু করে 150 সিসি পর্যন্ত এবং প্রায় 12টি মডেল রয়েছে। রাজধানী ঢাকা শহর থেকে প্রায় 70 উত্তরে ময়মনসিংহ জেলার ভালুকাতে রানার অটোমোবাইলের নিজস্ব উৎপাদন কারখানাটি অবস্থিত। বিশাল এই কারখানাটি কোম্পানির নিজস্ব জমিতে প্রিফ্যাব্রিকেটেড ইস্পাত কাঠামোয়",,773e1b820203,1337
52,CONTRADICTED,relation_order,আদিকাল->মানুষ,মানুষ->আদিকাল,মানুষ থেকে আদিকাল কোন না কোন বস্ত্র ব্যবহার করে আসলেও আসলে সেলাই মেশিনের সাহায্যে তৈরি বস্ত্র ব্যবহার শুরু হয় সর্বপ্রথম 1755 সালে।,"বাংলাদেশের অর্থনৈতিক উন্নয়নে সব চাইতে বেশি অবদান রাখে তৈরি পোশাক শিল্প, এই শিল্প দেশীয় উন্নয়নে গুরুত্বপূর্ণ ভূমিকা পালন করছে। মোট প্রবৃদ্ধির 6-8% আসে পোশাক খাত থেকে। বাংলাদেশের এই শিল্পকে বর্তমানে উন্নতবিশ্ব সহ উন্নয়নশীল দেশগুলো অনুকরণ করছে। স্বাধীনতার পরে যে শিল্প আমাদের অর্থনীতিকে দাঁড় করিয়েছে তার মাঝে একমাত্র মাধ্যম কিন্তু এই পোশাক শিল্পই। বিশ্বের বুকে নিজেদের কঠোর শ্রম ও উৎপাদন দক্ষতা দেখাতে পারার প্রমাণ মিলে এই শিল্পের মাধ্যমে।

আদিকাল থেকে মানুষ কোন না কোন বস্ত্র ব্যবহার করে আসলেও আসলে সেলাই মেশিনের সাহায্যে তৈরি বস্ত্র ব্যবহার শুরু হয় সর্বপ্রথম 1755 সালে। সেখান থেকে বাংলাদেশে এর ব্যবহার শুরু হয় অনেক পরেই বলা যাই। বাংলাদেশে গার্মেন্টস শিল্পের যাত্রা শুরু হয় 1960 সালে। আর রিয়াজ গার্মেন্টস ছিল তার পথ-প্রদর্শক। 1960 সালে ঢাকার উর্দুরোডে রিয়াজ স্টোর নামে একটি ছোট দর্জির কারখানা কাজ শুরু করে। তখন থেকেই রিয়াজ গার্মেন্টস স্থানীয় বাজারে কাপড় সরবরাহ করতো। 1973 সালে কারখানাটি নাম পরিবর্তন করে মেসার্স রিয়াজ গার্মেন্টস লিমিটেড নামে আত্মপ্রকাশ করে। রিয়াজ গার্মেন্টস 1977 সালে ফ্রান্সের প্যারিসভিত্তিক একটি ফার্মের সাথে 13 মিলিয়ন ফ্রাংক মূল্যের 10 হাজার পিস ছেলেদের শার্ট রপ্তানি করে। আর এটাই ছিল প্রথম বাংলাদেশ থেকে সরাসরি পোশাক রপ্তানি। এরপর 27 ডিসেম্বর 1977 বাংলাদেশের প্রথম",,773e1b820203,1337
53,CONTRADICTED,numeral,13,"21,72,000","1878 খ্রিষ্টাব্দে ফরাসি যেশুইট মিশনারি গ্যাব্রিয়েল পালাত্রে 21,72,000টা প্রদেশ থেকে তথ্য জোগাড় করেছিলেন, এবং অ্যানালেস দে লা সাইন্তে-এনফানস (অ্যানালস অফ দ্য হোলি চাইল্ডহুড)ও শ্যাংক্সি এবং সিকুয়ানএ কন্যাশিশু হত্যার প্রমাণ দেখেছিল।","চীনের কন্যাশিশু হত্যার ইতিহাস 2,000 বছরের বিস্তৃত সময়ের। ষোড়শ শতকের শেষদিকে খ্রিস্টান মিশনারিদের আগমনের সঙ্গে মিশনারিরা আবিষ্কার করলেন যে, সেখানে কন্যাশিশু হত্যা সংঘটিত হচ্ছে - সদ্যোজাতদের নদী অথবা জমা করা রাবিশের মধ্যে ছুড়ে ফেলতে দেখা যেত। সপ্তদশ শতকে মাতেও রিকি নথিবদ্ধ করেছিলেন যে, এই অভ্যাস চীনের বিভিন্ন প্রদেশে ঘটেছিল এবং যে অভ্যাসের প্রাথমিক কারণ ছিল দারিদ্র্য।

ঊনবিংশ শতকে চীনে কন্যাশিশু হত্যা ব্যাপকভাবে ছড়িয়ে পড়েছিল। তখনকার কিং থেকে লেখা পাঠ করে প্রচলিত শব্দটা জানা গিয়েছিল নি নু ('শিশু কন্যাদেরকে ডোবানো'), এবং শিশু কন্যাকে ডুবিয়ে হত্যা করার অভ্যাসটা সাধারণ পদ্ধতি ছিল। অন্যান্য হত্যার পদ্ধতি ছিল দম বন্ধ করা এবং খেতে না-দেওয়া। সদ্যোজাতকে হত্যার অন্য পদ্ধতি ছিল কন্যাশিশুকে কোনো খোলামেলা জিনিসের মধ্যে ছেড়ে দেওয়া: কন্যাশিশুকে কোনো ঝুড়ি অথবা বালতির মধ্যে রেখে সেটা আবার একটা গাছের মধ্যে ঝোলানো হোত। নারীমঠগুলোতে বৌদ্ধ 'শিশু টাওয়ার' বানানো হোত, যাতে জনগণ একটা শিশুকে সেখানে রখতে পরে; যাইহোক, তবে এটা পরিষ্কার ছিলনা যে, শিশুটাকে দত্তক নেওয়ার জন্যে রাখা হয়েছে অথবা ওটা ইতিমধ্যে মারা গিয়েছে এবং তার শেষকৃত্যের কাজে ওখানে রাখা হয়েছে। 1845 খ্রিষ্টাব্দে জিয়াংক্সি প্রদেশে এক মিশনারি লিখেছিলেন যে, এই শিশুদের যখন ওই খোলামেলার মধ্যে কোনো জিনিসে ফেলে রাখা হোত, তখন তারা দু-দিন পর্য",,773e1b820203,1337
54,CONTRADICTED,entity,টেলিভিশন,বিষ্ণুপুর,বাংলাদেশ বিষ্ণুপুর (বিটিভি) বাংলাদেশের সরকারি টেলিভিশন সংস্থা।,"বাংলাদেশ টেলিভিশন (বিটিভি) বাংলাদেশের সরকারি টেলিভিশন সংস্থা। এটি 25 ডিসেম্বর 1964 সালে সম্প্রচার শুরু করে। সে সময় এটি পাকিস্তান টেলিভিশন নামে পরিচিত ছিল। মুক্তিযুদ্ধের পর এর নাম পরিবর্তন করে বর্তমান নাম রাখা হয়। বাংলাদেশে টেলিভিশন বিশ্বের প্রথম বাংলা ভাষার টেলিভিশন সংস্থা, এবং বাংলাদেশের টেরেস্ট্রিয়াল টেলিভিশনের একমাত্র সংস্থা। বাংলাদেশ টেলিভিশনের সদর দপ্তর এবং প্রশাসনিক ভবন ঢাকার রামপুরায় স্থাপিত।

1990 দশকের শেষ দিকের পর্যন্ত বাংলাদেশে টেলিভিশন ছিল বাংলাদেশের একমাত্র টেলিভিশন চ্যানেল, এবং এটি একটি প্রচুর জনপ্রিয় টেলিভিশন চ্যানেল ছিল। বেসরকারি স্যাটেলাইট টেলিভিশন চ্যানেলের উত্থানের পর বিটিভির জনপ্রিয়তা ক্ষয় যায়, বেশিরভাগ এটিকে সরকারি প্রজ্ঞাপন ছড়ানোর জন্য ব্যবহার করানোর কারণে।

বাংলাদেশ টেলিভিশন দুটি পূর্ণাঙ্গ টেলিভিশন কেন্দ্র এবং 14টি রিলে কেন্দ্র চালায়। 2004 সালে এটি স্যাটেলাইটে বিটিভি ওয়ার্ল্ড এর উদ্বোধন করে। এটি এশিয়া প্যাসিফিক ব্রডকাস্টিং ইউনিয়ন এবং এশিয়াভিশন এর একটি সদস্য, এবং ইউরোপিয়ান ব্রডকাস্টিং ইউনিয়ন এর একটি সহযোগী সদস্য। বিটিভি স্যাটেলাইটের মাধ্যমে এশিয়া এবং ইউরোপ এবং আফ্রিকার কিছু অংশে দেখা যায়।",,773e1b820203,1337
55,CONTRADICTED,polarity,,না,"প্রেস বিজ্ঞপ্তি ব্যবহারের মাধ্যমে সাধারণত গণমাধ্যম প্রতিষ্ঠানগুলো উপকৃত হয় কারণ তারা ব্যয় হ্রাস করতে এবং এর উপাদানের পরিমাণ কম সময়ে উন্নত করতে সহায়তা করে, যা মিডিয়া ফার্মগুলোর দ্বারা করানো হলে আরও বেশি সময় লাগে না।","একটি প্রেস বিজ্ঞপ্তি বা প্রেস রিলিজ হল সংবাদমাধ্যমের সদস্যদের তথ্য সরবরাহের উদ্দেশ্যে, একটি দাপ্তরিক বিবৃতি প্রদান বা কোনও ঘোষণা দেওয়ার উদ্দেশ্যে দেওয়া একটি দাপ্তরিক বিবৃতি। একটি প্রেস বিজ্ঞপ্তি ঐতিহ্যগতভাবে শিরোনাম, ভূমিকা, দেহ এবং অন্যান্য তথ্যসহ নয়টি কাঠামোগত উপাদান নিয়ে গঠিত। সংবাদ বিজ্ঞপ্তিগুলি খবরের কাগজে এবং ইলেক্ট্রনিক মিডিয়া সদস্যদের কাছে সরবরাহ করা হতে পারে।

প্রেস বিজ্ঞপ্তি ব্যবহারের মাধ্যমে সাধারণত গণমাধ্যম প্রতিষ্ঠানগুলো উপকৃত হয় কারণ তারা ব্যয় হ্রাস করতে এবং এর উপাদানের পরিমাণ কম সময়ে উন্নত করতে সহায়তা করে, যা মিডিয়া ফার্মগুলোর দ্বারা করানো হলে আরও বেশি সময় লাগে। পূর্বপরিকল্পিত হওয়ার কারণে, প্রেস বিজ্ঞপ্তি সাংবাদিকের সময় বাঁচায়, কেবল একটি ঘটনা লেখার ক্ষেত্রেই নয়, সংবাদটি হাতে হাতে গ্রহণে জন্য যে সময় এবং অর্থের দরকার তাও এটি বহুলাংশে হ্রাস করে।

যদিও প্রেস বিজ্ঞপ্তি ব্যবহারে ফলে কোন সংস্থার সময় এবং অর্থ সাশ্রয় হতে পারে, এটি বিস্তৃত গণমাধ্যমের কাঠামো এবং শৈলীকে সীমাবদ্ধ করে। পাশাপাশি, প্রেস বিজ্ঞপ্তিগুলি তাদের আদিষ্ট সংগঠনের প্রতি পক্ষপাতদুষ্ট হতে পারে। ডিজিটাল যুগে গ্রাহকরা তাৎক্ষণিকভাবে তাদের তথ্য পেতে চান যা সংবাদ মাধ্যমকে যতটা সম্ভব অধিক উপাদান তৈরি করার জন্য চাপ দেয়। এ বিষয়টি সংবাদমাধ্যম সংস্থাগুলোকে প্রতিবেদন তৈরির ক্ষেত্রে প্রেস বিজ্ঞপ্তির উপর",,773e1b820203,1337
56,CONTRADICTED,date,1972,1802,"1802-এর জানুয়ারির 11 তারিখ গণপ্রজাতন্ত্রী বাংলাদেশের রাষ্ট্রপ্রধান শেখ মুজিবুর রহমান কর্তৃক স্বাক্ষরিত ""বাংলাদেশের অস্থায়ী সংবিধান আদেশ, 1972"" জারি করা হয়।","বাংলাদেশ গণপরিষদ হল বাংলাদেশের গণপ্রতিনিধিদের সমন্বয়ে গঠিত হয় গণপরিষদ। এটি 1971 থেকে 1973 সালে পর্যন্ত বাংলাদেশ অস্থায়ী সংসদ হিসেবে ছিল। 1972 সালে এটি বাংলাদেশের সংবিধানের খসড়া প্রণয়ন ও গ্রহণ করে।

1972-এর জানুয়ারির 11 তারিখ গণপ্রজাতন্ত্রী বাংলাদেশের রাষ্ট্রপ্রধান শেখ মুজিবুর রহমান কর্তৃক স্বাক্ষরিত ""বাংলাদেশের অস্থায়ী সংবিধান আদেশ, 1972"" জারি করা হয়। এই আদেশ বলে বাংলাদেশের জনগণের অভিপ্রায় অনুসারে সংসদীয় গণতান্ত্রিক ব্যবস্থা অবলম্বিত হয় এবং শেখ মুজিবুর রহমান প্রধানমন্ত্রীর দায়িত্বভার গ্রহণ করেন। পরে রাষ্ট্রপতি বিচারপতি আবু সাইদ চৌধুরী 1972 সালের 23শে মার্চ গণপরিষদ আদেশ জারি করেন। এবং তা 1971 সালের 26শে মার্চ থেকে কার্যকরী বলে ঘোষিত হয়।

এই আদেশ বলে, 7 ও 17 ডিসেম্বর, 1970 সালের নির্বাচনের জাতীয় এবং প্রাদেশিক পরিষদের নির্বাচিত 469-এর (জাতীয় পরিষদে 169 জন আর প্রাদেশিক পরিষদে 300 জন) মধ্যে 403 জন সদস্য নিয়ে গণপরিষদ গঠিত হয়। 403 জনের মধ্যে 400 জন সদস্য ছিল আওয়ামী লীগের আর 1 ছিল ন্যাপের আর 2 জন ছিল নির্দলীয়। গণপরিষদের প্রথম অধিবেশন বসে 10 এপ্রিল 1972 সালে। অধিবেশনের সভাপতি ছিলেন মাওলানা আবদুর রশীদ তর্কবাগীশ। প্রথম অধিবেশনের শুরুতে শাহ আব্দুল হামিদ স্পীকার ও মোহাম্মদ উল্ল্যাহ ডেপুটি স্পীকার নির্বাচিত হন।",,773e1b820203,1337
57,SUPPORTED,gold,,,পূর্ব পাকিস্তানের রাজনৈতিক নেতৃবৃন্দ মুক্তিযুদ্ধকে সংগঠিত করার লক্ষ্যে শেখ মুজিবের আদেশে আত্মগোপনে চলে যান।,"1971 সালের 25শে মার্চ দিবাগত রাতে পশ্চিম পাকিস্তানি হানাদার বাহিনী পূর্ব পাকিস্তানের নিরস্ত্র বাঙালিদের ওপর হামলা চালায়। সে রাতে পশ্চিম পাকিস্তানি হানাদার বাহিনীর হাতে পূর্ব পাকিস্তানের নেতা শেখ মুজিবুর রহমান গ্রেফতার হন। গ্রেফতার হবার পূর্বে তিনি বাংলাদেশের স্বাধীনতা ঘোষণা করেন। পূর্ব পাকিস্তানের রাজনৈতিক নেতৃবৃন্দ মুক্তিযুদ্ধকে সংগঠিত করার লক্ষ্যে শেখ মুজিবের আদেশে আত্মগোপনে চলে যান। এই সঙ্কটময় মুহূর্তে 1971 সালের 25শে মার্চ পূর্ব পাকিস্তানের রাজধানী ঢাকায় পশ্চিম পাকিস্তানি বাহিনীর আক্রমণের পর জিয়াউর রহমান বিদ্রোহ করেন

বাংলাদেশের স্বাধীনতার ঘোষণাপত্র পাঠ করে জিয়া প্রশংসিত হন। 26শে মার্চের প্রথম প্রহরে শেখ মুজিবুর রহমান ইতোপূর্বে স্বাধীনতা ঘোষণা করেন ও সে ঘোষণা চট্টগ্রামে পাঠিয়ে দেন। চট্টগ্রাম আওয়ামী লীগের সাধারণ সম্পাদক এম এ হান্নান কালুরঘাট সম্প্রচার কেন্দ্র থেকে শেখ মুজিব প্রেরিত স্বাধীনতার ঘোষণাপত্রের লিফলেট, যা পূর্বেই মাইকে প্রচার ও বিতরণ করা হয়েছিলো, তা পাঠ করেছিলেন যে ঘোষণা জিয়াও শুনেছিলেন। অধ্যাপক আবুল কাশেম সন্দ্বীপও সদ্য প্রতিষ্ঠিত স্বাধীন বাংলা বিপ্লবী বেতার কেন্দ্র থেকে স্বাধীনতার ঘোষণাটি পাঠ করেন। বেলাল মোহাম্মদ নিজে, আওয়ামী লীগ নেতা হান্নান, আবুল কাশেম সন্দ্বীপ, বেতার ঘোষক- আব্দুল্লাহ আল ফারুক, মাহমুদ হোসেন এবং সুলতানুল আলম-ও জিয়ার পূর্বে স্বাধীনতার ঘোষণ",,773e1b820203,1337
58,NEUTRAL,cross_passage,,,"নাসা ভূ-মানমন্দির তিনটি বিশেষত শীতল পর্যায়কে সূচিত করে: একটির সূচনা প্রায় 1650 সালে, অন্যটির 1770 সালে এবং শেষটির 1850 সালে, এই তিনটি পর্যায়ই এই শীতল সময়ের মধ্যবর্তী সামান্য উষ্ণতার কাল দ্বারা পৃথকীকৃত, অর্থাৎ এই তিন শীতল সময়ের মধ্যবর্তী সময়ে সামান্য উষ্ণ সময় রয়েছে।","তালাসের যুদ্ধ বা আর্টলখের যুদ্ধ ছিল আব্বাসীয় খিলাফতের ও তার মিত্র তিব্বত সাম্রাজ্যের সাথে চীনা তাং রাজবংশের বিরুদ্ধে সামরিক অভিযান। 751 খ্রিস্টাব্দে, তাং এবং আব্বাসীয় বাহিনী মধ্য এশিয়ার সির দারিয়া অঞ্চল নিয়ন্ত্রণের জন্য তালাস নদীর উপত্যকায় মিলিত হয়েছিল।বেশ কয়েকদিন অচলাবস্থার পর, কার্লুক তুর্কিরা, মূলত তাং এর মিত্র, আব্বাসীয়দের দলত্যাগ করে এবং ক্ষমতার ভারসাম্য বজায় রাখে, যার ফলে একটি তাং রুট তৈরি হয়।

এই পরাজয়ের ফলে তাংদের পশ্চিমমুখী সম্প্রসারণের সমাপ্তি শুরু হয় এবং এর ফলে পরবর্তী 400 বছর ধরে ট্রান্সসেক্সিয়ানা মুসলিমদের নিয়ন্ত্রণে ছিল। আব্বাসীয়দের পক্ষে এই অঞ্চলটির নিয়ন্ত্রণ অর্থনৈতিকভাবে গুরুত্বপূর্ণ ছিল কারণ এটি সিল্ক রোডের উপর ছিল। ঐতিহাসিকরা বিতর্ক করেছেন যে যুদ্ধের পরে বন্দি চীনারা মধ্য প্রাচ্যে কাগজ তৈরির প্রযুক্তি নিয়ে এসেছিল কি না, যা শেষ পর্যন্ত এটি ইউরোপে ছড়িয়ে পড়ে।

যুদ্ধের সঠিক অবস্থানটি নিশ্চিত করা যায় নি তবে এটি বর্তমান কাজাখস্তান ও কিরগিজস্তানের সীমান্তে ট্রেনভিল তারাজ ও তালাসের নিকটবর্তী বলে মনে করা হচ্ছে। চীনা নাম ডালুসি প্রথম দেখা যায় সুয়ানচাংয়ের বর্ণনায়। ডু হুয়ান শহরটি চুই নদীর পশ্চিম ড্রেনের কাছে অবস্থিত। যুদ্ধটি ছিল ট্র্যাংসোসিয়ানা অঞ্চলে তাং রাজবংশ এবং আব্বাসীয় খিলাফতের মধ্যে বিরোধ।",,773e1b820203,1337
59,CONTRADICTED,unit,কিলোমিটার,ডলার,"নদীটির বাংলাদেশ অংশের দৈর্ঘ্য 161 ডলার, গড় প্রস্থ 453 মিটার এবং এর প্রকৃতি সর্পিলাকার।","কর্ণফুলি নদী বা কথলাংতুইপুই নদী (মিজোরামে পরিচিত নাম) বাংলাদেশ-ভারতের একটি আন্তঃসীমান্ত নদী। এটি বাংলাদেশের দক্ষিণ-পূর্বাঞ্চলের একটি প্রধান নদী। নদীটির বাংলাদেশ অংশের দৈর্ঘ্য 161 কিলোমিটার, গড় প্রস্থ 453 মিটার এবং এর প্রকৃতি সর্পিলাকার। বাংলাদেশ পানি উন্নয়ন বোর্ড বা ""পাউবো"" কর্তৃক কর্ণফুলী নদীর প্রদত্ত পরিচিতি নম্বর হলো পূর্ব-পাহাড়ি অঞ্চলের নদী নং 03। এর উপ-নদী সমূহঃ হালদা, বোয়ালখালী, কাসালং, সাহনী।
কর্ণফুলী নদী ভারতের মিজোরাম প্রদেশের মমিত জেলার শৈতা গ্রাম (লুসাই পাহাড়) হতে শুরু হয়ে পার্বত্য চট্টগ্রাম ও চট্টগ্রামের মধ্য দিয়ে প্রবাহিত হয়ে চট্টগ্রামের পতেঙ্গার কাছে বঙ্গোপসাগরে মিলিত হয়েছে। এই নদীর মোহনাতে বাংলাদেশের প্রধান সমুদ্র বন্দর চট্টগ্রাম সমুদ্র বন্দর অবস্থিত। এই নদীর দৈর্ঘ্য 320 কিলোমিটার। রাঙ্গামাটি জেলার বরকল উপজেলার থেগা নদীর মোহনা বা ঠেগামুখ হতে বড় হরিণার মুখ পর্যন্ত এই 6 কিলোমিটার কর্ণফুলী ভারত বাংলাদেশের সীমানা নির্ধারণ করেছে। এই ছয় কিলোমিটার নদীর ডান পাশে ভারত এবং বাম পাশে বাংলাদেশ।",,773e1b820203,1337
60,CONTRADICTED,polarity,,না,অ্যাস্কি শিল্পের জন্য সর্বাধিক ব্যবহৃত ফন্ট হল কুরিয়ার না।,"অ্যাস্কি শিল্প হল একধরনের ডিজিটাল শিল্পমাধ্যম যাতে অ্যাস্কি কোডের 95টি ছাপার যোগ্য বর্ণ ব্যবহার করে চিত্রকর্ম তৈরি করা হয়। এই 95 টি ব্যবহারযোগ্য বর্ণের মধ্যে রয়েছে ইংরেজি ভাষার 26 টি বর্ণ, ছোট হাতের এবং বড় হাতের মিলিয়ে 52টি সেই সাথে 0 থেকে 9 পর্যন্ত অঙ্কগুলোর ইংরেজি রূপ, যতি চিহ্ন সমূহ, গাণিতিক প্রতীক সমূহ এবং ফাঁকা স্থান। সাধারণ টেক্সট এডিটর প্রোগ্রাম ব্যবহার করেই অ্যাস্কি শিল্প তৈরি করা সম্ভব। যেসব ফন্টের সকল অক্ষর সমান প্রশস্ত, টাইপ রাইটার দিয়ে লেখার মত ফলাফল পাওয়া যায়, তারাই অ্যাস্কি শিল্পের জন্য উপযুক্ত। অ্যাস্কি শিল্পের জন্য সর্বাধিক ব্যবহৃত ফন্ট হল কুরিয়ার। অতি প্রাচীন কাল থেকেই মানুষ অক্ষর ব্যবহার করে চিত্র কর্ম তৈরির চেষ্টা করে আসছে। প্রাচীন মিশর ও রোমান সভ্যতায় এর নিদর্শন পাওয়া গেছে।",,773e1b820203,1337
61,CONTRADICTED,date,1885,1666,"সবচেয়ে বিখ্যাতদের মধ্যে একজন ছিলেন আন্দ্রেজ গাওরনস্কি (1666-1927), যিনি লভিভ বিশ্ববিদ্যালয়ে সংস্কৃতের অধ্যাপকের পদে অধিষ্ঠিত ছিলেন।","পোল্যান্ডে বৌদ্ধধর্মের শিকড়গুলি 20 শতকের শুরুতে ফিরে যায় এবং চীন, জাপান, তিব্বত এবং কোরিয়ার ধর্ম ও সংস্কৃতির সাথে মেরুদের আকস্মিক মুগ্ধতার সাথে সম্পর্কিত। পোলিশ প্রাচ্যবিদরা বৈজ্ঞানিক জার্নালে বৌদ্ধ ধর্মের উল্লেখ করেছেন। সবচেয়ে বিখ্যাতদের মধ্যে একজন ছিলেন আন্দ্রেজ গাওরনস্কি (1885-1927), যিনি লভিভ বিশ্ববিদ্যালয়ে সংস্কৃতের অধ্যাপকের পদে অধিষ্ঠিত ছিলেন। অসংখ্য জার্নালের জন্য লেখা প্রবন্ধ ছাড়াও, তিনি দুটি রচনার লেখক ছিলেন যেগুলি পোল্যান্ডে ক্লাসিকের মর্যাদা পেয়েছে: ""সংস্কৃত বৌদ্ধ সাহিত্য সম্পর্কে অধ্যয়ন"" (""সংস্কৃতে বৌদ্ধ সাহিত্যের উপর অধ্যয়ন"", ক্রাকো, 1919) এবং ""সংস্কৃত হ্যান্ডবুক"" (ক্র্যাকো, 1932)। স্ট্যানিস্লো ফ্রান্সিসজেক মিশালস্কি, লোড বিশ্ববিদ্যালয়ের একজন প্রভাষক, পালি ভাষার অধ্যয়নে অবদান রেখেছিলেন। তিনি 1925 সালে ধম্মপদ অনুবাদ করেন, একটি দীর্ঘ ভাষ্য এবং বৌদ্ধ ধর্মের একটি সাধারণ ওভারভিউ সহ পাঠের পরিপূরক। তিনি রিয়াস ডেভিডস (ওয়ারশ-ক্রাকোউ, 1912) দ্বারা ""বৌদ্ধধর্ম"" অনুবাদ করেছেন এবং পালি ভাষার একটি অসমাপ্ত ব্যাকরণ রেখে গেছেন।",,773e1b820203,1337
62,CONTRADICTED,date,1930,1971,বাংলাদেশে 1971 সালে ইলেক্ট্রনিক্স যন্ত্রাংশের ব্যবহার শুরু হয়।,"বাংলাদেশের ইলেকট্রনিক্স শিল্প বর্তমানে দেশটির দ্রুত বর্ধনশীল এবং সম্ভাবনাময় শিল্পখাত। বাংলাদেশের জনপ্রিয় ইলেকট্রনিক ব্র্যান্ডগুলো হচ্ছেঃ ওয়ালটন, মার্সেল, মিনিস্টার, ভিসন ইত্যাদি।

বাংলাদেশে 1930 সালে ইলেক্ট্রনিক্স যন্ত্রাংশের ব্যবহার শুরু হয়। দ্বিতীয় বিশ্বযুদ্ধের সময় সামরিক বাহিনী তাদের প্রয়োজনে যোগাযোগের মাধ্যম হিসেবে রেডিও স্টেশন, টেলিফোন এক্সচেঞ্জ এবং তারহীন যোগাযোগ মাধ্যম ব্যবহার করা শুরু করে এবং এর মাধ্যমেই ব্রিটিশ ভারতে যোগাযোগের মাধ্যম হিসেবে আধুনিক প্রযুক্তির পরিচয় ঘটে।

1950 সালে বেসরকারি পর্যায়ে ইলেক্ট্রনিক শিল্পের যাত্রা শুরু হয় এবং শুরুর দিকে কিছু কারখানা সীমিত সংখ্যক রেডিও তৈরি করার মধ্য দিয়ে এই শিল্পে প্রবেশ করে। ষাটের দশকে আরও প্রতিষ্ঠান এতে যুক্ত হয় এবং 1964 সালে ঢাকাতে প্রথম টেলিভিশন স্টেশন প্রতিষ্ঠার পর কিছু প্রতিষ্ঠান টেলিভিশন সেট বানানো শুরু করে। ডিজিটাল টেলিফোন সিস্টেমের সাথে মানুষ প্রথম পরিচিত হয় 1983 সালে এবং 1992 সালে প্রথম মোবাইল ফোন বাজারে আসে। 1980 সালের আগে ওয়ান-ব্যান্ড রেডিও ব্যতীত অধিকাংশ ইলেকট্রনিক পণ্য আমদানি করা হত। তবে 1980 সালের পরে অনেক কারখানা রেডিও, টেলিভিশন, অডিও-ভিডিও রেকর্ডার ও প্লেয়ার এর বিভিন্ন অংশ জোড়া দেয়ার প্রতিষ্ঠান গড়ে উঠে।

1990 সালে উন্নত পণ্য যেমনঃ কম্পিউটার, তারবিহীন টেলিফোন, স্যাটেলাইট টিভি সিগন্যাল গ্রহণকারী সর",,773e1b820203,1337
63,NEUTRAL,cross_passage,,,"যেহেতু গর্ভাবস্থার শেষের দিকে ভ্রূণের ফুসফুস বিকাশ লাভ করে, তাই অকালপ্রসূত নবজাতক শিশুদের ফুসফুসগুলি প্রায়শই অবিকশিত থাকে।","স্থায়ী পথ দৈহিক ভৌগোলিক পথ ধরে। ট্র্যাকের জ্যামিতি দৈহিক ভূগোল দ্বারা সীমাবদ্ধ থাকে। এক বা একাধিক লোকোমোটিভ ইউনিট দ্বারা ট্রেনগুলোকে ধাক্কা দেওয়া বা টানা হয়। মালবাহী ট্রেনের ক্ষেত্রে প্রায়ই দুই বা ততোধিক লোকোমোটিভ মিলিয়ে ব্যবহার করা হয়। রেলপথের গাড়ির (রোলিং স্টক) মধ্যে যাত্রী গাড়ি (কোচ), মালবাহী গাড়ি (ওয়াগন), রক্ষণাবেক্ষণ গাড়ি এবং ক্যাবোস রয়েছে। আধুনিক যাত্রীবাহী ট্রেনগুলো মাঝেমধ্যে একটি হেড ও টেল ইউনিট দ্বারা ধাক্কা দেওয়া ও টানা হয়, যার মধ্যে উভয়কেই মোটর চালিত হওয়া বা চলার দরকার হয় না। অনেক যাত্রীবাহী ট্রেনে মাল্টিপল ইউনিট থাকে, এক্ষেত্রে প্রতিটি যাত্রীবাহী গাড়ির নীচে মোটর লাগানো থাকে। বেশিরভাগ যাত্রীবাহী গণপরিবহন কার্যক্রম ট্রেন স্টেশন এবং যাত্রীবাহী গাড়িতে হয়। যাত্রীরা স্টেশনে বা ট্রেনে (কখনও কখনও বেশি ভাড়া নিয়ে) টিকিট কিনে থাকে।
সাধারণত টিকিট যাচাইয়ের দুটি উপায় রয়েছে:
যাত্রীরা টিকিটগুলি নিজেরাই বৈধ করে তোলেন (উদাহরণস্বরূপ, এটি ছিদ্র করে) যা এলোমেলোভাবে টিকিট নিয়ামক দ্বারা পরীক্ষা করা হয়। এই পদ্ধতিটি কখনও কখনও প্রুফ-অফ-পেমেন্ট হিসাবে পরিচিত এবং এক-ব্যক্তি পরিচালিত রেল ও বাস লাইনে ব্যাপকভাবে ব্যবহৃত হয় এবং প্রবেশপথে, বিশেষত বৃহত্তর স্টেশনগুলিতে টিকিট বাধা ব্যবহারের মাধ্যমে নিয়ন্ত্রণ করা যেতে পারে। একজন কন্ডাক্টর ট্রেনের সমস্ত ব্যক্তিকে বৈধ টিকিটের জন্",,773e1b820203,1337
64,CONTRADICTED,relation_order,কারাগার->তাঁদের,তাঁদের->কারাগার,"তাঁদের থেকে কারাগার মুক্তির পর আরো শতশত মানুষের সাথে রাশিয়াতে নির্বাসিত করা হয়।""বলশেভিক বিপ্লবে"" প্রাথমিকভাবে সহায়ক ছিলেন, ক্রোনস্ট্রাট বিদ্রোহের প্রাক্কালে গোল্ডম্যানের বিপরীত মতাদরর্শ এবং স্বাধীন কণ্ঠ দমনের কারণের সোভিয়েত ইউনিয়ন নিন্দা জানান।""মাই ডিসইলউসেন্পমেন্ট ইন রাশিয়া"" সম্পর্কে 1923 সালে একটি বই প্রকাশ করেন।ইংল্যান্ড, কানাডা এবং ফ্রান্স বসবাস কালে 'লিভিং মাই লাভ"" নামক একটি আত্মজীবনীমূলক বই রচনা করেন।স্প্যানিশ সিভিল ওয়ার পরবর্তীতে তিনি নৈরাজ্যবাদী বিপ্লব সমর্থনে স্পেন ভ্রমণে যান।তিনি 14 মে 1940 সালে 70 বছর বয়সে টরেন্টতে মারা যান।","1917 সালে গোল্ডম্যান এবং বার্কম্যান ""না রেজিস্টার ব্যক্তি প্রবৃত্ত"" চক্রান্ত জন্য দুই বছরের কারা দন্ডে দণ্ডিত করা হন। কারাগার থেকে তাঁদের মুক্তির পর আরো শতশত মানুষের সাথে রাশিয়াতে নির্বাসিত করা হয়।""বলশেভিক বিপ্লবে"" প্রাথমিকভাবে সহায়ক ছিলেন, ক্রোনস্ট্রাট বিদ্রোহের প্রাক্কালে গোল্ডম্যানের বিপরীত মতাদরর্শ এবং স্বাধীন কণ্ঠ দমনের কারণের সোভিয়েত ইউনিয়ন নিন্দা জানান।""মাই ডিসইলউসেন্পমেন্ট ইন রাশিয়া"" সম্পর্কে 1923 সালে একটি বই প্রকাশ করেন।ইংল্যান্ড, কানাডা এবং ফ্রান্স বসবাস কালে 'লিভিং মাই লাভ"" নামক একটি আত্মজীবনীমূলক বই রচনা করেন।স্প্যানিশ সিভিল ওয়ার পরবর্তীতে তিনি নৈরাজ্যবাদী বিপ্লব সমর্থনে স্পেন ভ্রমণে যান।তিনি 14 মে 1940 সালে 70 বছর বয়সে টরেন্টতে মারা যান।",,773e1b820203,1337
65,NEUTRAL,cross_passage,,,2018 সালে শঙ্কর সেনের মৃত্যুর পর মাতৃ ভান্ডারের বর্তমান মালিক হয়েছেন অনির্বাণ সেন গুপ্ত; যিনি খনিন্দ্র সেনের নাতি।,"বাংলা সালতানাত বা শাহী বাংলা ছিল মধ্যযুগের বাংলায় একটি মুসলিম স্বাধীন রাষ্ট্র। যা চতুর্দশ শতাব্দী থেকে ষোড়শ শতাব্দী পর্যন্ত টিকে ছিলো। এর রাজধানী ছিল বিশ্বের বৃহত্তম শহরগুলির মধ্যে একটি। যার অধীন রাষ্ট্র ছিল দক্ষিণ-পশ্চিমে ওড়িশা, দক্ষিণ-পূর্বে আরাকান, এবং পূর্বে ত্রিপুরা। 1494 সালে, বাংলা সালতানাত কামরূপ এবং কামতার নিয়ন্ত্রণের মাধ্যমে সাম্রাজ্যের শীর্ষে আহোরণ করে। এটি মধ্যযুগীয় বিশ্বের অন্যতম প্রধান বাণিজ্যিক দেশ হিসাবে পরিচিত ছিল। ষোড়শ শতাব্দীতে, বাংলা সূরি সাম্রাজ্য এবং মোগল সাম্রাজ্যের নিকটে দুটি বড় পরাজয়ের মুখোমুখি হয়।

তুর্কি, আরব, পারসিক, বাঙালি ও হাবশি বংশোদ্ভূত বেশ কিছু সুন্নি রাজবংশ এর শাসনভার লাভ করে। 16 শতকের শেষের দিকে সালতানাত ভেঙে যায় এবং মোগল সাম্রাজ্য ও আরাকানি মারুক ইউ রাজ্যের অংশে পরিণত হয়। ইউরোপবাসীরা বাংলাকে পৃথিবীর সবচেয়ে ধনী বাণিজ্য দেশ হিসেবে গণ্য করতো। মুঘল সাম্রাজ্য আমলে বিশ্বের মোট উৎপাদনের (জিডিপির) 12 শতাংশ উৎপন্ন হত সুবাহ বাংলায়, যা সে সময় সমগ্র ইউরোপের জিডিপির চেয়ে বেশি ছিল।
পটভূমি (13শ এবং 14শ শতক)
1200 শতকে বাংলা ধীরে ধীরে দিল্লি সালতানাত অন্তর্ভুক্ত হয়েছিল। মুহাম্মদ ঘুরির রাজত্বকালে 1202 থেকে 1204 এর মধ্যে বখতিয়ার খিলজির গৌড় বিজয়ের মধ্য দিয়ে এটি শুরু হয়েছিল। দিল্লি সুলতান শামসুদ্দিন ইলতুতমিশ 1225 সালে বাংলাকে দিল্লির একটি প্রদেশ",,773e1b820203,1337
66,SUPPORTED,gold,,,"বর্তমানে অনেক ধরনের ওয়াটার জেট বাজারে রয়েছে যাদের মধ্যে উল্লেখ যোগ্য হলো শুধু ওয়াটার জেট, অ্যাবরেসিভ ওয়াটার জেট (পানির ছিদ্রের ভেতর দিয়ে পার হবার পরে ঘর্ষকপদার্থ মেশানো হয়), স্লারি জেট (পানি নজেলে প্রবেশের আগেই ঘর্ষকপদার্থ মেশানো হয়) ও অন্যান্য।","উচ্চগতির জলধারা দ্বারা কাটার যন্ত্র (যা ইংরেজি ভাষায় ওয়াটার জেট কাটার যা ওয়াটার জেট নামেও পরিচিত) এমন একটি প্রক্রিয়া যেখানে উচ্চ চাপ ও গতিসম্পন্ন পানির সরু ধারা ব্যবহার করে ধাতু বা অন্যান্য বস্তুকে কাটা হয়। কাটার এই প্রক্রিয়া প্রকৃতিতে পানির দ্বারা সাধারণ ক্ষয়ের মতই, তবে অনেক ত্বরান্বিত এবং একই স্থানে নিবিষ্ট। অনেক সময় পানির সাথে ঘর্ষকপদার্থ (বালি অথবা ধাতব কণা) মিশিয়ে উচ্চ ক্ষয় ক্ষমতা সম্পন্ন উচ্চগতির জলধারা দ্বারা কাটার যন্ত্র তৈরী করা হয়। এই প্রক্রিয়া ব্যবহার করে খুব শক্ত ধাতু থেকে শুরু করে কাগজ পর্যন্ত কাটা যায়। কাটার সময় তাপজনিত পীড়ন (থারমাল স্ট্রেস) প্রায় শূন্য হওয়াতে তাপ সংবেদনশীল বস্তুর ক্ষেত্রে এই কাটার প্রক্রিয়া অগ্রগণ্য। উচ্চপ্রযুক্তির কলকারখানা, যেমন বিমান শিল্প, জাহাজ শিল্প, গাড়ি শিল্পে এই প্রযুক্তি দিন দিন জনপ্রিয় হয়ে উঠছে। 1950 সালে নরম্যান ফ্র্যাঞ্জ নামক একজন 'অরণ্য প্রোকৌশলী' সর্ব প্রথম ওয়াটার জেট ব্যবহার করেন কাঠ কাটার জন্য। কিন্তু শুধু মাত্র পানি ব্যবহার করার কারণে ওয়াটার জেট কাটিং খুব বেশি জনপ্রিয় হয়ে উঠতে পারেনি। 1970 সালে একজন মিশরীয় ইঞ্জিনিয়ার মোহাম্মাদ হাসিস পানির সাথে ঘর্ষকপদার্থ (অ্যাবরেসিভ) মেশানোর প্রযুক্তি উদ্ভাবন করেন এবং ওয়াটার জেট কাটিং এর জন্য একটা নতুন দিগন্ত খুলে দেন। বর্তমানে অনেক ধরনের ওয়াটার জেট বাজারে রয়েছে যাদের ",,773e1b820203,1337
67,NEUTRAL,cross_passage,,,ছয় পর্বে সমাপ্ত হয় এই কমিকস্।,"পাভেল রহমান (জন্ম: 26 এপ্রিল 1956) বাংলাদেশের একজন চিত্রসাংবাদিক। আলোকচিত্রে গুরুত্বপূর্ণ অবদানের জন্য বাংলাদেশ সরকার তাকে 2021 সালে একুশে পদক প্রদান করে।
পাভেল রহমান 26 এপ্রিল 1956 সালে রংপুরে জন্ম গ্রহণ করেন। তিনি যশোর জিলা স্কুলে লেখাপড়া করে ঢাকা বিশ্ববিদ্যালয় থেকে স্নাতক ডিগ্রি লাভ করেন।

পাভেল রহমান 1973 সালে আলোকচিত্রী হিসেবে সাপ্তাহিক একতায় যোগ দেন। 1976 সাল থেকে 1980 সাল পর্যন্ত তিনি দৈনিক সাংবাদে আলোকচিত্রী হিসেবে কাজ করেন। 1980 সাল থেকে 1993 সাল পর্যন্ত তিনি দ্য নিউ নেশনে কাজ করেন। 1983 সালে, তিনি সামরিক স্বৈরশাসক হুসেইন মুহম্মদ এরশাদের বিরুদ্ধে জনতার বিক্ষোভের সময় নূর হোসেনের পিঠের একটি আইকনিক ছবি তুলেছিলেন। ছবিতে নূর হোসেনের পিঠে লেখা ছিল ""গণতন্ত্র মুক্তি পাক"" (নূর হোসেনের বুকে ও পিঠে লেখা পুরো স্লোগানটি ছিল ""স্বৈরাচার নিপাত যাক, গণতন্ত্র মুক্তি পাক"")।

1993 সালে তিনি বাংলাবাজার পত্রিকায় আলোকচিত্র সম্পাদক হিসেবে যোগ দেন। তিনি 1994 সালে জনকণ্ঠে যোগ দেন এবং 1997 সাল পর্যন্ত সেখানে কর্মরত ছিলেন। তিনি আলোকচিত্রশিল্পী হিসেবে অ্যাসোসিয়েটেড প্রেসে যোগদান করেন এবং দৈনিক প্রথম আলোর আলোকচিত্র উপদেষ্টা হিসেবে কাজ করেন। 2008 সালে, তিনি অ্যাসোসিয়েটেড প্রেসের সাত জন বিজয়ীর একজন হিসেবে বর্ষসেরা ছবি আন্তর্জাতিক পুরস্কার লাভ করেছিলেন।

পাভেল রহমান থিয়েটার পত্রিকা 'ক্ষ্যাপা'র সম",,773e1b820203,1337
68,SUPPORTED,gold,,,কোভাই কোরা শাড়ি হল সুতির তৈরি এক ধরনের শাড়ি যা ভারতের তামিলনাড়ুর কোয়েম্বাটুর অঞ্চলে তৈরি করা হয়।,কোভাই কোরা শাড়ি হল সুতির তৈরি এক ধরনের শাড়ি যা ভারতের তামিলনাড়ুর কোয়েম্বাটুর অঞ্চলে তৈরি করা হয়। 2014-15 সালে ভারত সরকার কর্তৃক এটিকে ভৌগোলিক নির্দেশক হিসাবে স্বীকৃতি দেওয়া হয়েছে।কোভাই কোরা শাড়ি রেশম এবং সুতির মিশ্রণে প্রস্তুতকৃত কোরা তুলা থেকে তৈরি করা হয়। কোরা তুলা উৎপাদনের জন্য উন্নত মানের সুতির সুতোর সাথে ঐতিহ্যবাহী রেশম মিশ্রিত করা হয়। এই শাড়িতে উজ্জ্বল রঙের নকশাবহুল পাড় এবং মাঝে মাঝে চকচকে জরি ব্যবহার করা হয়। আবশ্যক নকশাগুলো রঙিন তুলো এবং রেশমের সুতোর সংমিশ্রণে তাঁত ব্যবহার করে বোনা হয়।,,773e1b820203,1337
69,CONTRADICTED,date,1982,1880,"1880 সালের আগস্টে, এখানে একটি 50 মেগাওয়াট বিদ্যুৎ উৎপাদন ক্ষমতাসম্পন্ন জেনারেটর স্থাপন করা হয়।","তৎকালীন পাকিস্তান সরকারের আমলে 1957 সালে কাপ্তাই বাঁধের নির্মাণ কার্য শুরু হয় ও 1962 সালে এর নির্মাণ সমাপ্ত হয়। ইন্টারন্যাশনাল ইঞ্জিনিয়ারিং কোম্পানি এবং ইউতাহ ইন্টারন্যাশনাল ইনকর্পোরেট এ বাঁধটি নির্মাণ করে। সে সময় বাঁধে, পানি নির্গমন পথ, জলকপাট এবং দুটি 40 মেগাওয়াট উৎপাদন ক্ষমতাসম্পন্ন কাপলান টারবাইন জেনারেটর নির্মিত হয়। প্রকল্পের জন্য তখন প্রায় 25 কোটি 40 লাখ টাকা বাজেট নির্ধারণ করা হলেও পরে তা 48 কোটি ছাড়িয়ে যায়। এই প্রকল্পটির অর্থায়ন করে পূর্ব পাকিস্তান সরকার, মার্কিন যুক্তরাষ্ট্র এবং বিদেশী অর্থনৈতিক সহযোগিতা তহবিল। 
1982 সালের আগস্টে, এখানে একটি 50 মেগাওয়াট বিদ্যুৎ উৎপাদন ক্ষমতাসম্পন্ন জেনারেটর স্থাপন করা হয়। 1988 সালের অক্টোবরে, চতুর্থ এবং পঞ্চম উৎপাদক ইউনিটে 50 মেগাওয়াট উৎপাদন ক্ষমতাসম্পন্ন কাপলান ধরনের টারবাইন স্থাপন করা হয়; যার ফলে মোট বিদ্যুৎ উৎপাদন ক্ষমতা 230 মেগাওয়াটে উন্নীত হয়।
মাটি ভরাটের মাধ্যমে এই বাঁধটি নির্মিত হয়েছে। বাঁধটির দৈর্ঘ্য 670 মিটার (2,200 ফুট) ও প্রশস্ত 45.7 মিটার (150 ফুট)। এর ভিত্তিস্তর এবং উপরিতলের প্রশস্ততা যথাক্রমে 457 মিটার এবং 7.6 মিটার। বাঁধটি সমুদ্রপৃষ্ঠের গড় উচ্চতা থেকে 36 মিটার উপরে অবস্থিত। পানি নির্গমনের জন্য বাঁধের বাঁদিকে 227 মিটার দীর্ঘ আলাদা নির্গমপথ রয়েছে, যা দিয়ে প্রতি সেকেন্ডে 16,000 ঘন মিটার পানি নির্গত হতে পারে",,773e1b820203,1337
70,NEUTRAL,cross_passage,,,"""পরিগণক যন্ত্রের (কম্পিউটারের) সহায়তায় স্তরচিত্রণ উদ্ভাবনের জন্য"" 1979 সালে দক্ষিণ আফ্রিকান বংশোদ্ভূত মার্কিন পদার্থবিজ্ঞানী অ্যালান এম. করম্যাক এবং ব্রিটিশ তড়িৎ প্রকৌশলী গডফ্রি এন. হাউন্সফিল্ডকে যৌথভাবে চিকিৎসাবিজ্ঞানে নোবেল পুরস্কার প্রদান করা হয়।","হালখাতা হলো বছরের প্রথম দিনে দোকানপাটের হিসাব আনুষ্ঠানিকভাবে হালনাগাদ করার প্রক্রিয়া। বছরের প্রথম দিনে ব্যবসায়ীরা তাদের দেনা-পাওনার হিসাব সমন্বয় করে এদিন হিসাবের নতুন খাতা খোলেন। এজন্য খদ্দেরদের বিনীতভাবে পাওনা শোধ করার কথা স্মরণ করিয়ে দেওয়া হয়; শুভ হালখাতা কার্ড'-এর মাধ্যমে ঐ বিশেষ দিনে দোকানে আসার নিমন্ত্রণ জানানো হয়। এই উপলক্ষে নববর্ষের দিন ব্যবসায়ীরা তাদের খদ্দেরদের মিষ্টিমুখ করান। খদ্দেররাও তাদের সামর্থ্য অনুযায়ী পুরোনো দেনা শোধ করে দেন। আগেকার দিনে ব্যবসায়ীরা একটি মাত্র মোটা খাতায় তাদের যাবতীয় হিসাব লিখে রাখতেন। এই খাতাটি বৈশাখের প্রথম দিনে নতুন করে হালনাগাদ করা হতো। হিসাবের খাতা হাল নাগাদ করা থেকে ""হালখাতা""-র উদ্ভব। বাংলাদেশ ও ভারতের পশ্চিমবঙ্গের বিভিন্ন জেলায় ছোট বড় মাঝারি যেকোনো দোকানেই এটি পালন করা হয়ে থাকে।",,773e1b820203,1337
71,SUPPORTED,gold,,,সমান্তরাল দোলনায় দুই বা ততোধিক শিশু অবস্থান করতে পারে।,"দোলনা একটি ঝুলন্ত আসন যা শিশুকে দোল দেয়ার জন্যে বাঁশ, কাঠ বা লোহার তৈরী কাঠামোবিশেষ। এটি খেলার মাঠ, উদ্যান, সার্কাসে দেখা যায়। আসনের সাথে সাধারণতঃ লোহার শিকল বা দড়ি ব্যবহার করা হয়। একবার দোল দেয়ার উপযোগী বল প্রয়োগে এটি পেন্ডুলাম ঘড়ির ন্যায় অনবরত সামনে-পেছনে দুলতে থাকে।
টায়ারের তৈরী দোলনায় সম্পূর্ণ একটি টায়ার ব্যবহার করা হয়। সাধারণতঃ এতে সম্পূর্ণ নতুন কিংবা ব্যবহৃত টায়ারকে উঁচু বৃক্ষের শাখায় রশি বা দড়ির সাথে শক্তভাবে বেঁধে ঝুলানোর উপযোগী করা হয়। বাণিজ্যিকভিত্তিতে খেলার মাঠে অথবা পার্কে প্রায়শঃই ধাতব পদার্থ বা কাঠের বীমে শিকল দিয়ে বেঁধে ব্যবহার করা হয়। ঝোলানোর জন্যে উলম্ব কিংবা সমান্তরাল - উভয়ভাবেই রাখা হয়। সমান্তরাল দোলনায় দুই বা ততোধিক শিশু অবস্থান করতে পারে।",,773e1b820203,1337
72,CONTRADICTED,unit,বছর,ঘণ্টা,পরিত্যাজ্য তড়িৎকোষগুলি সাধারণত কক্ষ তাপমাত্রায় (20-30° সে.) মজুদ করে রাখলে প্রতি ঘণ্টা তাদের মূল চার্জের 8 থেকে 20 শতাংশ হারিয়ে ফেলে।,"ব্যাটারি লাইফ (এবং এর সমার্থক শব্দ ব্যাটারির জীবনকাল) এর পুনর্ভরণযোগ্য ব্যাটারিগুলির ক্ষেত্রে দুটি অর্থ রয়েছে তবে অ-পুনর্ভরণযোগ্য ব্যাটারির ক্ষেত্রে কেবলমাত্র একটি অর্থ রয়েছে। পুনর্ভরণযোগ্য ব্যাটারিগুলির ক্ষেত্রে, এর অর্থ কোষগুলি সন্তুষ্টিজনকভাবে পরিচালিত করতে ব্যর্থ হওয়ার আগ পর্যন্ত কোনও যন্ত্র পুরোপুরি চার্জ করা ব্যাটারি দিয়ে যত সম্ভব সময় চলতে পারে বা চার্জ /ক্ষরণ চক্রের সংখ্যাকে বোঝায়। অ-পুনর্ভরণযোগ্য ব্যাটারির ক্ষেত্রে এই দুটি জীবন সমান হয় কারণ, সংজ্ঞা অনুসারে এ ধরনের কোষগুলি কেবল একটি চক্রের জন্য স্থায়ী হয়। (শেল্ফ লাইফ শব্দটি ব্যাটারি উতপাদন ও ব্যবহারের মধ্যে কত সময় তার কার্যকারিতা বজায় রাখতে পারে তা বর্ণনা করতে ব্যবহৃত হয়।) সমস্ত ব্যাটারির উপলব্ধ ক্ষমতা তাপমাত্রা হ্রাস পাওয়ার সাথে সাথে কমে যায়। আজকের দিনের বেশিরভাগ ব্যাটারির বিপরীতে, 1812 সালে উদ্ভাবিত জাম্বোনি পাইল সংস্কার বা রিচার্জ ছাড়াই একটি অনেক বেশি সময় ধরে কাজ করতে পারত, যদিও এটি কেবল ন্যানো অ্যাম্পিয়ার পরিসরে তড়িৎপ্রবাহ সরবরাহ করে। অক্সফোর্ড ইলেক্ট্রিক বেলটি 1840 সাল থেকে এটির আসল ব্যাটারি জোড়া দিয়ে প্রায় একটানা বেজে চলেছে, এটিকে জাম্বোনি পাইল বলে মনে করা হয়।
পরিত্যাজ্য তড়িৎকোষগুলি সাধারণত কক্ষ তাপমাত্রায় (20-30° সে.) মজুদ করে রাখলে প্রতি বছর তাদের মূল চার্জের 8 থেকে 20 শতাংশ হারিয়ে ফেলে। এটি ",,773e1b820203,1337
73,SUPPORTED,gold,,,"উইন্ডোজ এক্স পিতে ক্ষতিগ্রস্ত সিস্টেমকে পূর্বাবস্থায় ফিরিয়ে নিয়ে আসার পদ্ধতিটি সিস্টেম রিস্টোর নামে পরিচিত, যা রেজিস্ট্রি এবং গুরুত্বপূর্ণ সিস্টেম ফাইলসমূহকে স্বাভাবিক অবস্থায় ফিরিয়ে নিয়ে আসে।","কোন কম্পিউটার একবার ভাইরাস দ্বারা আক্রান্ত হবার পর অপারেটিং সিস্টেম পুনরায় ইনস্টল করা ছাড়া তা ব্যবহার করা বিপজ্জনক। তবে ভাইরাস আক্রান্ত কম্পিউটারকে সারিয়ে তোলার জন্য বেশ কয়েকটি পদ্ধতি রয়েছে। এই পদ্ধতিগুলো ভাইরাসের প্রকার ও আক্রান্ত হবার মাত্রার উপর নির্ভর করে। উন্মুক্ত-উৎসের ক্ল্যামউইন অ্যান্টিভাইরাস সফটওয়্যারের স্ক্রিন্শট যা উবুন্টু অপারেটিং সিস্টেমের ওয়াইনে (মুক্ত সফটওয়্যার অ্যাপ্লিকেশন) সচল রয়েছে।
উইন্ডোজ এক্স পিতে ক্ষতিগ্রস্ত সিস্টেমকে পূর্বাবস্থায় ফিরিয়ে নিয়ে আসার পদ্ধতিটি সিস্টেম রিস্টোর নামে পরিচিত, যা রেজিস্ট্রি এবং গুরুত্বপূর্ণ সিস্টেম ফাইলসমূহকে স্বাভাবিক অবস্থায় ফিরিয়ে নিয়ে আসে। অনেক সময় এর প্রয়োগ ভাইরাস সিস্টেমটিকে হ্যাং করে দেয় এবং পরবর্তীকালে হার্ড রিবুট এটিকে ক্ষতিগ্রস্ত করার আগের অবস্থায় নিয়ে যাবে। অবশ্য কিছু ভাইরাস রিস্টোর সিস্টেমসহ অন্যান্য গুরুত্বপূর্ণ টুল যথা টাস্ক ম্যানেজার এবং কমাণ্ড প্রম্পট বিকল করে দেয়। এগুলো করে এমন একটি ভাইরাসের নাম সায়াডোর। বিভিন্ন উদ্দেশ্যে এডমিনিস্ট্রেটরের উক্ত টুলগুলো অন্যান্য ব্যবহারকারীদের জন্য অকেজো করে রাখার ক্ষমতা আছে। ভাইরাস রেজিস্ট্রিকে পরিবর্তন করে দেবার মাধ্যমে একই কাজ করে, ফলে যখন একজন প্রশাসক কম্পিউটারটি চালান তখন তিনিসহ অন্যান্য ব্যবহারকারী এই টুলগুলো ব্যবহার করা থেকে বঞ্চিত হন। যখন একটি আক্রান্ত টুল ভ",,773e1b820203,1337
74,CONTRADICTED,relation_order,দালাল->এই,এই->দালাল,যখন বম্বে স্টক এক্সচেঞ্জ এর দপ্তর বম্বে সমাচার মার্গ ও হাম্মাম স্ট্রিটের মোড়ে একটি নতুন জায়গায় স্থানান্তর করা হয় তখন সেই রাস্তাটি দালাল স্ট্রিট হিসেবে নামকরণ করা হয়।[তথ্যসূত্র প্রয়োজন] দক্ষিণ এশীয় শব্দ এই থেকে দালাল পথটির নাম দালাল পথ হয়েছে বলে মনে করা হয়।,"দালাল স্ট্রিট ভারতের, মুম্বাই মহানগরীর বাণিজ্যিক কেন্দ্রস্থল, যেখানে বম্বে স্টক এক্সচেঞ্জ এবং এর সাথে সম্পর্কিত আর্থিক সংস্থা ও বিভিন্ন প্রতিষ্ঠান অবস্থিত। যখন বম্বে স্টক এক্সচেঞ্জ এর দপ্তর বম্বে সমাচার মার্গ ও হাম্মাম স্ট্রিটের মোড়ে একটি নতুন জায়গায় স্থানান্তর করা হয় তখন সেই রাস্তাটি দালাল স্ট্রিট হিসেবে নামকরণ করা হয়।[তথ্যসূত্র প্রয়োজন] দক্ষিণ এশীয় শব্দ দালাল থেকে এই পথটির নাম দালাল পথ হয়েছে বলে মনে করা হয়। এই স্থানটি নিউইয়র্ক সিটির, ওয়াল স্ট্রিট এর অনুরূপ, স্থানটি সমগ্র ভারতের অর্থনীতির মেটোনিম হিসেবে ব্যবহৃত হয়।",,773e1b820203,1337
75,CONTRADICTED,polarity,,না,"সাকরাইন উৎসব, মূলত পৌষসংক্রান্তি, ঘুড়ি উৎসব নামেও পরিচিত, বাংলাদেশে শীত মৌসুমের বাৎসরিক উদ্যাপন, ঘুড়ি উড়িয়ে পালন করা হয় না।","সাকরাইন উৎসব, মূলত পৌষসংক্রান্তি, ঘুড়ি উৎসব নামেও পরিচিত, বাংলাদেশে শীত মৌসুমের বাৎসরিক উদ্যাপন, ঘুড়ি উড়িয়ে পালন করা হয়। সংস্কৃত শব্দ 'সংক্রান্তি' ঢাকাইয়া অপভ্রংশে সাকরাইন রূপ নিয়েছে। পৌষ ও মাঘ মাসের সন্ধিক্ষণে, পৌষ মাসের শেষদিন সারা ভারতবর্ষে সংক্রান্তি হিসাবে উদযাপিত হয়। তবে পুরান ঢাকায় পৌষসংক্রান্তি বা সাকরাইন সার্বজনীন ঢাকাইয়া উৎসবের রূপ নিয়েছে। বর্তমানে দিনভর ঘুড়ি উড়ানোর পাশাপাশি সন্ধ্যায় বর্ণিল আতশবাজি ও রঙবেরঙ ফানুশে ছেয়ে যায় বুড়িগঙ্গা তীরবর্তী শহরের আকাশ। এক কথায় বলা যায় সাকরাইন হচ্ছে এক ধরনের ঘুড়ি উৎসব। বাংলা বর্ষপঞ্জিকার নবম মাস পৌষ মাসের শেষ দিনে আয়োজিত হয় যা গ্রেগরীয় বর্ষপঞ্জিকার হিসেবে জানুয়ারি মাসের 14 অথবা 15 তারিখে পড়ে।বাংলায় দিনটি পৌষ সংক্রান্তি এবং ভারতীয় উপমহাদেশে মকর সংক্রান্তি নামে পরিচিত।",,773e1b820203,1337
76,CONTRADICTED,polarity,,না,সেক্টামসেম্প্রার মারাত্মক ক্ষমতা সত্ত্বেও স্নেপ এর ফলে সৃষ্ট আঘাত নিরাময় করতে পারতেন না।,"সেক্টামসেম্প্রার মারাত্মক ক্ষমতা সত্ত্বেও স্নেপ এর ফলে সৃষ্ট আঘাত নিরাময় করতে পারতেন। ডার্ক আর্টস সম্পর্কে প্রচুর জ্ঞান থাকায় স্নেপ অন্যান্য ডার্ক কার্সের দ্বারা সৃষ্ট মারাত্মক ক্ষতিকর প্রভাব নষ্ট করা বা হ্রাস করার ক্ষেত্রেও পারদর্শী ছিলেন, যেমনটি তিনি করেন ডাম্বলডোর এবং কেটি বেল কার্স দ্বারা আক্রান্ত হলে। স্নেপ লেজিলিমেন্সি এবং অক্লুমেন্সিতেও বিশেষভাবে দক্ষ ছিলেন, যার ফলে তিনি অন্যের মনে অনুপ্রবেশ করার পাশাপাশি নিজের মনকেও অন্যের অনুপ্রবেশ থেকে সুরক্ষিত করতে পারতেন। একজন সুদক্ষ অক্লুমেন্স হওয়ার কারণেই স্নেপ ভলডেমর্টের (ভলডেমর্টকে ইতিহাসের 'শ্রেষ্ঠতম লেজিলিমেন্স' হিসেবে বর্ণনা করা হয়েছে) কাছ থেকে তাঁর বিশ্বাসঘাতকতা গোপন রাখতে সক্ষম হন। রাওলিং-এর মতে, স্নেপই একমাত্র ডেথ ইটার যিনি একটি পূর্ণরূপ প্যাট্রোনাস সৃষ্টি করতে পারতেন; স্নেপের প্যাট্রোনাস হরিণীর রূপ নিত (লিলি পটারের প্যাট্রোনাসের রূপের অনুকরণ)। স্নেপ একজন মেধাবী ডুয়েলিস্ট; ডেথলি হ্যালোসে তিনি একাই প্রাক্তন ডুয়েলিং চ্যাম্পিয়ন ফিলিয়াস ফ্লিটউইকসহ হগওয়ার্টসের তিনজন শিক্ষকের সঙ্গে দ্বন্দ্বযুদ্ধে লিপ্ত হন। প্রফেসর ম্যাকগোনাগাল পরে বর্ণনা করেন যে, স্নেপ ঝাড়ুর ব্যবহার ছাড়াই উড়তে পারতেন (যে বিরল দক্ষতা একমাত্র ভলডেমর্টের ক্ষেত্রে প্রদর্শিত হয়)।",,773e1b820203,1337
77,CONTRADICTED,relation_order,সেখান->30,30->সেখান,"টার্বিডিটি স্রোতগুলি সাবমেরিন ক্যানিয়নের একটি সিরিজের মাধ্যমে পলি পরিবহন করেছে, যার মধ্যে কয়েকটি 1,500 মাইল (2,414 কিলোমিটার) দৈর্ঘ্যেরও বেশি, যা বঙ্গোপসাগরে 30 ডিগ্রি অক্ষাংশ পর্যন্ত জমা করা হবে, যেখান থেকে এটি শুরু হয়েছিল 30 থেকে সেখান ডিগ্রি অক্ষাংশ পর্যন্ত জমা করা হবে।","বঙ্গ পাখা বা বেঙ্গল ফ্যান যা গঙ্গা পাখা নামেও পরিচিত। এটি হচ্ছে পৃথিবীর সবচেয়ে বড় সমুদ্রগর্ভস্থ ডুবো গিরিখাত। এই ডুবো গিরিখাতটি কমপক্ষে 3,000 কিমি (1,900 মা) লম্বা, 1,430 কিমি (890 মা) চওড়া, যার সর্বোচ্চ গভীরতা 16.5 কিমি (10.3 মা)। তিব্বতী প্লেট দ্বারা ইউরেশিয়ান প্লেট ও ভারতীয় প্লেটের মধ্যে সংঘর্ষের ফলে এবং হিমালয় পর্বতের উত্থান ও ক্ষয়ের ফলে খাতটি তৈরি হয়। অধিকাংশ পলল গঙ্গা ও বুড়িগঙ্গা দ্বারা সংগৃহিত হয়ে যা বাংলাদেশের নিম্ন মেঘনা ব-দ্বীপ এবং পশ্চিমবঙ্গের (ভারত) হুগলী ব-দ্বীপে গিয়ে পতিত হয়। টার্বিডিটি স্রোতগুলি সাবমেরিন ক্যানিয়নের একটি সিরিজের মাধ্যমে পলি পরিবহন করেছে, যার মধ্যে কয়েকটি 1,500 মাইল (2,414 কিলোমিটার) দৈর্ঘ্যেরও বেশি, যা বঙ্গোপসাগরে 30 ডিগ্রি অক্ষাংশ পর্যন্ত জমা করা হবে, যেখান থেকে এটি শুরু হয়েছিল সেখান থেকে 30 ডিগ্রি অক্ষাংশ পর্যন্ত জমা করা হবে। এখন পর্যন্ত, বাংলার ফ্যান থেকে উদ্ধার হওয়া প্রাচীনতম পলিগুলি মায়োসিন যুগের প্রথম দিকের। তাদের খনিজ ও ভূ-রাসায়নিক বৈশিষ্ট্যগুলি তাদের হিমালয়ের উৎপত্তি সনাক্ত করে এবং প্রমাণ করে যে হিমালয় 20 মিলিয়ন বছর আগেও একটি প্রধান পর্বতশ্রেণী ছিল। পাখাটি পুরোপুরি বঙ্গোপসাগরের মেঝে ঢেকে দেয়। ষাটের দশকে ব্রুস সি. হিজেন এবং মারি থার্পের দ্বারা বাথিমেট্রিক জরিপের মাধ্যমে ফ্যানটি প্রথম সনাক্ত করা হয়েছিল, যা অগভীর শঙ্কু এবং ",,773e1b820203,1337
78,CONTRADICTED,unit,বছর,মাইল,উভয় পক্ষের মধ্যে দীর্ঘ সময় শান্তি চুক্তি না হওয়ায় এই যুদ্ধটি মাইলের পর বছর ধরে চলছিল।,"335 বছরের যুদ্ধটি হয়েছিল সংযুক্ত নেদারল্যান্ডস ও সিলি দ্বীপপুঞ্জের মধ্যে। উভয় পক্ষের মধ্যে দীর্ঘ সময় শান্তি চুক্তি না হওয়ায় এই যুদ্ধটি বছরের পর বছর ধরে চলছিল। যদিও উভয় পক্ষ থেকে একটি গুলিও ছোঁড়া হয়নি ও একজন মানুষও আহত বা নিহত হয়নি। এজন্য এই যুদ্ধকে রক্তপাতহীন যুদ্ধ ও পৃথিবীর সবচেয়ে দীর্ঘস্থায়ী যুদ্ধের একটি হিসেবে অবহিত করা হয়। অবশেষে 1651 সালে শুরু হওয়া এ যুদ্ধ, 1986 সালে শান্তি চুক্তির মাধ্যমে আনুষ্ঠানিকভাবে অবসান হয়।
1642 থেকে 1652 সাল পর্যন্ত চলা দ্বিতীয় ব্রিটিশ গৃহযুদ্ধের সময় সিলি দ্বীপপুঞ্জ থেকে রাজা চার্লসের অনুগত রয়ালিস্টিক বাহিনী পিছু হঠতে বাধ্য হয় এবং এই দ্বীপে পার্লামেন্টারিয়ানদের আধিপত্য বিস্তার হয়।

এদিকে পার্লামেন্টারিয়াদের দ্বারা সিলি দ্বীপপুঞ্জে সংযুক্ত নেদারল্যান্ডসের একটি নৌজাহাজ আক্রান্ত হয়। সেসময় ডাচরা ব্রিটিশদের সাথে ভালো সম্পর্ক বজায় রেখে চলত কারণ রানী প্রথম এলিজাবেথের সময় তারা তাদের যুদ্ধে ইংরেজদের সাহায্য পেয়েছিল। গৃহযুদ্ধে যে পক্ষই জয় লাভ করবে তারা সে দলকেই সমর্থন দেবে এই নীতি বজায় রেখে চলত।

ডাচ নেভির জাহাজে আক্রমণের ফলে ডাচদের অনেক ক্ষতি হয় যার ফলে 30 মার্চ, 1651 সালে অ্যাডমিরাল মার্টেন হারপারর্টজোন ট্রুম্প সিলিতে আসেন এবং তার জাহাজের জন্য ক্ষতিপূরন দাবি করেন এবং কিন্তু ইংরেজদের পক্ষ থেকে কোন উত্তর না পেয়ে তিনি সিলিদের বিরুদ্ধ",,773e1b820203,1337
79,CONTRADICTED,polarity,,না,টাইর্যানোসরাস বর্তমানের উত্তর আমেরিকার পশ্চিমাংশে তখনকার লারামিডিয়া নামের দ্বীপ মহাদেশে বাস করতো না।,"টাইর্যানোসরাস (অর্থ টাইর্যান্ট লিজার্ড যা গ্রীক শব্দ টাইর্যানোস এবং সরাস (লিজার্ড) থেকে এসেছে।) এটি কোয়েলুরোসরিয়ান থেরাপড গণের ডাইনোসর। টাইর্যানোসরাস রেক্স ((লাতিন রেক্স অর্থ রাজা) একটি সুপরিচিত বৃহৎ থেরাপডস। টাইর্যানোসরাস বর্তমানের উত্তর আমেরিকার পশ্চিমাংশে তখনকার লারামিডিয়া নামের দ্বীপ মহাদেশে বাস করতো। বিভিন্ন পাথরে রুপান্তরিত হওয়া জীবাশ্মের সন্ধান পাওয়া গেছে যা ম্যাসট্রিচশিয়ান যুগের, 68 থেকে 66 বছর আগেকার।. এরা টাইর্যানোসরয়েডস পরিবারের শেষ সদস্য,, এবং শেষ অপক্ষী ডাইনোসরগোষ্ঠী।

অন্যান্য টাইর্যানোসরয়েডের মত টাইর্যানোসরাস দ্বীপদ, মাংসাশী, সুবৃহৎ মাথার খুলি, লম্বা এবং ভারী লেজযুক্ত প্রাণী। এদের সামনের পা খুবই ছোট কিন্তু আকারের তুলনায় অস্বাভাবিক শক্তিধর এবং দুটো করে আঙুল আছে।

টাইনোসরাস রেস ছিলো অন্যতম বৃহৎ স্থলচর মাংসাশী প্রাণী। প্রাপ্ত পরিপূর্ণ নমুনা সমূহের মধ্যে সব থেকে বড়টি রাখা হয়েছে প্রাকৃতিক ইতিহাস জাদুঘরে যার নাম ফমনঃ প্রটো81 এবং ডাকনাম সু, লম্বায় 40 ফুট, উরু থেকে 12 ফুট উঁচু এএবং ওজন সাড়ে চার থেকে সাত মেট্রিক টনের বেশীও হতো।

2011 সালের এক গবেষণা থেকে জানা যায় সু এর ওজন, সর্ববৃহৎ টাইর্যানোসরাস, 9.5 এবং 18.5 মেট্রিক টনের মধ্যে। গবেষণা পত্রের লেখকেরা এই ঊর্ধ্ব ও নিম্ন পরিমাপের কারণ হিসেবে উল্লেখ করেছেনন যে এরা খুব চিকনও হতে পারে আবার খুব মোটাও হতে পারে।

1955 স",,773e1b820203,1337
80,CONTRADICTED,relation_order,স্থান->আরেক,আরেক->স্থান,"সাধারণভাবে পরিবহন হল সেই প্রক্রিয়া যার মাধ্যমে মানুষ, প্রাণী এবং অন্যান্য সামগ্রী কোনও একটি মাধ্যমের ভেতর দিয়ে এক আরেক থেকে স্থান স্থানে বহন করা হয়।","পরিবহন মাধ্যম বলতে যার ভেতর দিয়ে মানুষ ও মালামাল উৎস থেকে গন্তব্যস্থলে পরিবহন করা হয়, তাকে বোঝায়। পরিবহনের বিভিন্ন মাধ্যমগুলি হল বিমান পরিবহন (আকাশের বায়ুমণ্ডলের ভেতর দিয়ে), নৌ-পরিবহন (নদী, হ্রদ, সাগর, খাল, ইত্যাদি জলরাশির উপর দিয়ে) ও স্থল পরিবহন (স্থলভাগের উপর দিয়ে)। নৌ-পরিবহনের মধ্যে অভ্যন্তরীণ নৌ-পরিবহন ও সামুদ্রিক পরিবহন অন্তর্ভুক্ত। স্থল পরিবহনের মধ্যে রেল পরিবহন (রেলপথ দিয়ে), সড়ক পরিবহন (পাকা সড়কপথ দিয়ে) ও দুর্গম সড়ক পরিবহন (কাঁচা রাস্তা দিয়ে) অন্তর্ভুক্ত। অন্যান্য পরিবহন মাধ্যমও আছে, যেমন নলধারা পরিবহন, তারভিত্তিক পরিবহন ও মহাকাশ পরিবহন। মানবচালিত পরিবহন ও প্রাণীচালিত পরিবহনকে স্বতন্ত্র গণ্য করা হয়। সাধারণভাবে পরিবহন হল সেই প্রক্রিয়া যার মাধ্যমে মানুষ, প্রাণী এবং অন্যান্য সামগ্রী কোনও একটি মাধ্যমের ভেতর দিয়ে এক স্থান থেকে আরেক স্থানে বহন করা হয়। এর বিপরীতে পরিবহন কৌশল বলতে প্রদত্ত কোনও পরিবহন মাধ্যমের ভেতর দিয়ে মানুষ ও মালামাল কী যন্ত্রকৌশল তথা বাহন ব্যবহার করে সম্পন্ন করা হয়, তাকে বোঝায়। প্রত্যেক পরিবহন মাধ্যমের জন্য প্রযুক্তিগত সমাধান আছে, যেগুলি মৌলিকভাবে একে অপর থেকে ভিন্ন, এবং কিছু প্রযুক্তির জন্য বিচ্ছিন্ন পরিবেশ প্রয়োজন হয়। প্রত্যেক পরিবহন মাধ্যমের নিজস্ব অবকাঠামো, বাহন, পরিবহন পরিচালনাকারী সংস্থা ও বিবিধ কর্মকাণ্ড বিদ্যমান।",,773e1b820203,1337
81,CONTRADICTED,relation_order,প্রসব->বিরত,বিরত->প্রসব,"জন্ম নিয়ন্ত্রণ বা গর্ভবিরতিকরণ বা গর্ভনিরোধ বা প্রজনন নিয়ন্ত্রণ হলো গর্ভধারণ প্রতিরোধের এক বা একাধিক কর্মপ্রক্রিয়া, পদ্ধতি, সংযমিত যৌনচর্চা অথবা ঔষধ প্রয়োগের মাধ্যমে ঐচ্ছিকভাবে গর্ভধারণ বা সন্তান বিরত থেকে প্রসব থাকার স্বাস্থ্যবিধি।","জন্ম নিয়ন্ত্রণ বা গর্ভবিরতিকরণ বা গর্ভনিরোধ বা প্রজনন নিয়ন্ত্রণ হলো গর্ভধারণ প্রতিরোধের এক বা একাধিক কর্মপ্রক্রিয়া, পদ্ধতি, সংযমিত যৌনচর্চা অথবা ঔষধ প্রয়োগের মাধ্যমে ঐচ্ছিকভাবে গর্ভধারণ বা সন্তান প্রসব থেকে বিরত থাকার স্বাস্থ্যবিধি। জন্ম নিয়ন্ত্রণ পরিকল্পনা, বিধান ও ব্যবহারের পরিবার পরিকল্পনা বলা হয়। নিরাপদ যৌনতা, যেমন পুরুষ বা মহিলা কনডম ব্যবহার যৌন সংক্রমণ প্রতিরোধে সাহায্য করতে পারে। জন্ম নিয়ন্ত্রণ পদ্ধতি আদিকাল থেকেই ব্যবহৃত হয়ে আসছে, কিন্তু এর কার্যকর ও নিরাপদ পদ্ধতি শুধুমাত্র বিশ শতকের মধ্যেই সহজলভ্য হয়ে ওঠে। কিছু সংস্কৃতিতে ইচ্ছাকৃতভাবে জন্ম নিয়ন্ত্রণ পদ্ধতি গ্রহণের সীমাবদ্ধতাও রয়েছে, কারণ তারা এটাকে নৈতিকভাবে বা রাজনৈতিকভাবে অবাঞ্ছিত বিবেচনা করে থাকে।

জন্ম নিয়ন্ত্রণের সবচেয়ে কার্যকর পদ্ধতি হলো, পুরুষদের ক্ষেত্রে ভেসেকটমি (99.85% সাফল্যের হার) আর নারীদের ক্ষেত্রে টিউবাল বন্ধ্যাকরণ (99.5% সাফল্যের হার) অথবা টিউবেকটমি। এই পদ্ধতি অনুসরণ করা হয় মৌখিক ঔষধ, প্যাচ, যোনি আংটি, এবং ইনজেকশনসহ হরমোন ঘটিত গর্ভনিরোধক অনুসারে। স্বল্প কার্যকর পদ্ধতির মধ্যে রয়েছে কনডম, জন্মনিরোধক বড়ি, গর্ভনিরোধক স্পঞ্জ এবং প্রজনন সচেতনতা পদ্ধতি। ন্যুনতম কার্যকর পদ্ধতির মধ্যে রয়েছে শুক্রাণু নষ্ট করা এবং পুরুষের বীর্যস্খলনের পূর্বে তা অপসরণ করা। নির্বীজন একটি অত্যন্ত কার্যকর পদ্ধতি এবং যা সা",,773e1b820203,1337
82,CONTRADICTED,polarity,,না,"উপকরণহীন খেলার মধ্যে এক্কাদোক্কা, দাড়িয়াবান্দা, গোল্লাছুট, কানামাছি, বরফ-পানি, বউচি, ছোঁয়াছুঁয়ি ইত্যাদি খেলা উল্লেখযোগ্য না।","বাংলাদেশের জাতীয় খেলা হা-ডু-ডু বা কাবাডি। এই খেলার মতোই বাংলাদেশের অধিকাংশ নিজস্ব খেলাই উপকরণহীন কিংবা উপকরণের বাহুল্যবর্জিত। উপকরণবহুল খুব কম খেলাই বাংলাদেশের নিজস্ব খেলা। উপকরণহীন খেলার মধ্যে এক্কাদোক্কা, দাড়িয়াবান্দা, গোল্লাছুট, কানামাছি, বরফ-পানি, বউচি, ছোঁয়াছুঁয়ি ইত্যাদি খেলা উল্লেখযোগ্য। উপকরণের বাহুল্যবর্জিত বা সীমিত সহজলভ্য উপকরণের খেলার মধ্যে ডাঙ্গুলি, সাতচাড়া, রাম-সাম-যদু-মধু বা চোর-ডাকাত-পুলিশ, মার্বেল খেলা, রিং খেলা ইত্যাদির নাম করা যায়। যেহেতু বাংলাদেশের গ্রামাঞ্চলের মানুষকে কোনো কোনো ক্ষেত্রে আবশ্যকীয়ভাবে সাঁতার শিখতে হয় তাই সাঁতার বাংলাদেশে জাতীয় পর্যায় ছাড়া জনসাধারণের কাছে আলাদা ক্রীড়া হিসেবে তেমন একটা মর্যাদা পায় না। গৃহস্থালী খেলার মধ্যে লুডু, সাপ-লুডু, দাবা বেশ প্রচলিত। এছাড়া ক্রিকেট ও ফুটবলের মতো বিভিন্ন বিদেশী খেলাও এদেশে বেশ জনপ্রিয়। অন্যান্য খেলার মধ্যে হকি, হ্যান্ডবল, সাঁতার, কাবাডি, গলফ, আর্চারি এবং দাবা উল্লেখযোগ্য। এ যাবৎ 5জন বাংলাদেশী- নিয়াজ মোর্শেদ, জিয়াউর রহমান, রিফাত বিন সাত্তার, আবদুল্লাহ আল রাকিব এবং এনামুল হোসেন রাজীব দাবায় গ্র্যান্ড মাস্টার খেতাব লাভ করেছেন। বাংলাদেশের খেলাধুলা নিয়ন্ত্রণ বোর্ড 29টি খেলাধুলা সংক্রান্ত ভিন্ন ভিন্ন ফেডারেশন নিয়ন্ত্রণ করে।

1997 খ্রিষ্টাব্দে বাংলাদেশের জাতীয় ক্রিকেট দল কেনিয়াকে হারিয়ে আইসিসি ট্",,773e1b820203,1337
83,NEUTRAL,cross_passage,,,"উপ-আইন তিন প্রকার- রুল, রেগুলেশন এবং অর্ডার।","রকেট একটি বিশেষ ধরনের প্রচলন কৌশল। এটি এমন এক ধরনের যান যেখানে রাসায়নিক শক্তির দহনের মাধ্যমে সৃষ্ট উৎপাদকগুলিকে প্রবল বেগে যানের নির্গমন পথে বের করে দেয়া হয় এবং এর ফলে উৎপন্ন ঘাতবলের কারণে রকেট বিপরীত দিকে প্রবল বেগে অগ্রসর হয়। এক্ষেত্রে নিউটনের গতির তৃতীয় সূত্র অনুসৃত হয়। তাই এই সূত্রটিকে রকেট ইঞ্জিনের মূলনীতি হিসেবে চিহ্নিত করা যেতে পারে। রকেট ইঞ্জিন প্রতিক্রিয়া ইঞ্জিনের সাহায্যে কাজ করে। এই ইঞ্জিনের প্রচালক কঠিন, তরল বিভিন্ন রকম হতে পারে। 
 
বিশ্বে অনেক ধরনের রকেট উদ্ভাবিত হয়েছে। এটি ছোট্ট বোতল আকৃতি থেকে শুরু করে বৃহৎ আকৃতির মহাকাশযানের মতো হতে পারে। তন্মধ্যে এরিয়েন 5 হচ্ছে অন্যতম বৃহৎ আকৃতির রকেট যা দিয়ে কক্ষপথে কৃত্রিম উপগ্রহ প্রেরণ করা হয়। 
 
অসম্ভব মেধাবী জার্মান বিজ্ঞানী বার্নার ফন ব্রাউন সর্বপ্রথম তরল-জ্বালানী ব্যবহার উপযোগী রকেট আবিষ্কার করেন। দ্বিতীয় বিশ্বযুদ্ধের সময়কালে জার্মানির পক্ষে কাজ করেন; কিন্তু পরবর্তীকালে মার্কিন যুক্তরাষ্ট্রে স্থানান্তরিত হন। সেখানেই তিনি আমেরিকার মহাকাশ প্রকল্পে কাজ করেন ও চাঁদে নভোচারী প্রেরণে সহায়তা করেন। তাকে রকেট বিজ্ঞানের জনক নামে অভিহিত করা হয়। বর্তমান এ আরো অনেক আধুনিক রকেট আবিষ্কার করা হয়েছে মানুষের কল্যাণের জন্য ব্যবহার করা হয়| যেমন:ফ্যালকন নাইন",,773e1b820203,1337
84,CONTRADICTED,polarity,,না,তিনি কিংবদন্তি ভারতীয় জাদুকর প্রতুল চন্দ্র সরকার ও বাসন্তী দেবীর জ্যেষ্ঠপুত্র না।,"মানিক সরকার (আসল নাম প্রফুল্লচন্দ্র সরকার - পি সি সরকার) হলেন ভারতীয় বংশোদ্ভূত মার্কিন আলোক শিল্পী, অ্যানিমেটর, ইঞ্জিনিয়ার এবং লেজার শিল্পী তিনি চারুকলা, কার্টুন, অ্যানিমেশন, লেসার আর্ট শিল্পী এবং সারা বিশ্বের প্রেক্ষাগৃহে লেসার সহযোগে প্রাণবন্ত প্রদর্শনীর মাধ্যমে তার শিল্পীসত্তার পরিচয় উপস্থাপন করেন। তার এনিমেটেড সমস্ত চিত্রগুলি ভারতের শিশুদের গল্প আধারিত এবং সেগুলি আন্তর্জাতিক চলচ্চিত্র উৎসবে মর্যাদাপূর্ণ পুরস্কারের সম্মানিত। বিগত পঁচিশ বৎসর ধরে সেগুলি সরকারি প্রচার মাধ্যমে সম্প্রচারিত হচ্ছে তার লেসার আর্ট এবং বিভিন্ন ধরনের অ্যানিমেশন পরিবেশনা ইন্টারন্যাশনাল লেসার ডিসপ্লে অ্যাসোসিয়েশনের বৈশ্বিক পুরস্কার লাভ করেছে। মানিক সরকার বৃটিশ ভারতের অধুনা বাংলাদেশের টাঙ্গাইলে 1944 খ্রিস্টাব্দের 29 শে নভেম্বর জন্ম গ্রহণ করেন। তিনি কিংবদন্তি ভারতীয় জাদুকর প্রতুল চন্দ্র সরকার ও বাসন্তী দেবীর জ্যেষ্ঠপুত্র। তার দুই জ্যেষ্ঠা ভগিনীরা হলেন ইলা ও গীতা এবং কনিষ্ঠ দুই ভ্রাতা হলেন প্রদীপচন্দ্র সরকার বা পি সি সরকার জুনিয়র ও প্রভাসচন্দ্র সরকার বা পি সি সরকার ইয়ং। এরা দুজনেই জাদুকর। তিনি শিখা দেবীকে বিবাহ করেন এবং তাঁদের দুই কন্যারা হলেন পিয়া ও পায়েল। যুবা বয়সে তিনি সারা বিশ্বে ভ্রমণকারী পিতার মঞ্চে সহকারী হিসাবে কাজ করতেন। পিতার মঞ্চের দৃশ্যপট অঙ্কন, মঞ্চটিকে আলোর নক্সায় সজ্জিত করতে, আলোকসম্পা",,773e1b820203,1337
85,CONTRADICTED,date,1980,1952,"1952-এর দশক, 1990-এর দশক এবং 2000-এর দশকের প্রথমদিকের উল্লেখযোগ্য অঙ্কনশিল্পী হলেন ব্যারি মোজার (1982); গ্রেগ হিল্ডব্র্যান্ড (1990); ডেভিড ফ্রাঙ্কল্যাণ্ড (1996); লিসবেথ জোয়ারগার (1999), যিনি অ্যালিসের ছবিগুলো আঁকার ক্ষেত্রে জলরঙের ব্যবহার করেন; হেলেন অক্সেনবারি (1999)যিনি অ্যালিসের গল্পের ছবি আঁকার জন্য দুটি পুরস্কার পেয়েছিলেন--1999 সালে কার্ট মাস্লার পুরস্কার এবং 2000 সালে কেট গ্রিনাওয়ে মেডেল; আমেরিকান অঙ্কনশিল্পী ডিলস ম্যাকগ্র যিনি অ্যালিসের চিত্রগুলি অঙ্কন করার ক্ষেত্রে বিমূর্ত ভাবনার প্রয়োগ ঘটান।","1930-এর পরবর্তীকালের উল্লেখযোগ্য অঙ্কনশিল্পী হলেন এডগার থার্স্টান (1931); ডি আর সেক্সটন (1933) এবং জে মর্টন সেল (1933), এঁরা দুজনেই তাদের চিত্রে অ্যালিসের পূর্বতন বৈশিষ্ট্যকে ফুটিয়ে তোলেন; মেরভিন পিক (1954); র্যাল্ফ স্টেডম্যান (1967), যিনি তার চিত্রকর্মের জন্য 1972 সালে ফ্রান্সিস উইলিয়াম মেমোরিয়াল পুরস্কারে ভূষিত হন; সালভাদোর দালি (1969), যিনি তার আঁকায় পরাবাস্তববাদের প্রয়োগ ঘটান এবং পিটার ব্লেক, যিনি তার আঁকায় জলরঙের ব্যবহার করেন। 1972 সাল নাগাদ অ্যালিস অ্যাডভেঞ্চার্স ইন ওয়ান্ডারল্যান্ড-এ 90জন এবং থ্রু দ্য লুকিং গ্লাস-এ 21জন অঙ্কনশিল্পী তাদের চিত্রের মাধ্যমে বইগুলি সাজান। 1980-এর দশক, 1990-এর দশক এবং 2000-এর দশকের প্রথমদিকের উল্লেখযোগ্য অঙ্কনশিল্পী হলেন ব্যারি মোজার (1982); গ্রেগ হিল্ডব্র্যান্ড (1990); ডেভিড ফ্রাঙ্কল্যাণ্ড (1996); লিসবেথ জোয়ারগার (1999), যিনি অ্যালিসের ছবিগুলো আঁকার ক্ষেত্রে জলরঙের ব্যবহার করেন; হেলেন অক্সেনবারি (1999)যিনি অ্যালিসের গল্পের ছবি আঁকার জন্য দুটি পুরস্কার পেয়েছিলেন--1999 সালে কার্ট মাস্লার পুরস্কার এবং 2000 সালে কেট গ্রিনাওয়ে মেডেল; আমেরিকান অঙ্কনশিল্পী ডিলস ম্যাকগ্র যিনি অ্যালিসের চিত্রগুলি অঙ্কন করার ক্ষেত্রে বিমূর্ত ভাবনার প্রয়োগ ঘটান।",,773e1b820203,1337
86,CONTRADICTED,numeral,3705,162,দুটো উদাহরণ হতে পারে আইবিএম 162 যোগাযোগ নিয়ন্ত্রণকারী এবং বারোগস তথ্য যোগাযোগের প্রসেসর।,"ফ্রন্ট এন্ড প্রসেসর (এফইপি), অথবা একটি যোগাযোগকারী প্রসেসর হল ছোট আকারের কম্পিউটার যা হোস্ট কম্পিউটারে কিছু সংখ্যক নেটওয়ার্ক যেমন এসএসএ বা কিছু সংখ্যক পেরিফেরাল ডিভাইস যেমন টার্মিনাল, ডিস্ক ইউনিট, প্রিন্টার এবং টেপ ইউটনিট ইত্যাদির মধ্যে সাধারণ ক্ষেত্র হিসেবে কাজ করে। হোস্ট কম্পিউটার এবং ফ্রন্ট এন্ড প্রসেসরের মধ্যে ডেটা আদান প্রদান হয় দ্রুতগতির সমান্তরাল সাধারণ ক্ষেত্র দিয়ে। এটি পেরিফেরাল যন্ত্রাংশের সাথে যোগাযোগ করে কমগতি সম্পন্ন সাধারণ ক্ষেত্র ব্যবহার করে, সাধারণত যোগাযোগ নেটওয়ার্ক দিয়ে। উদ্দেশ্য হিসেবে হোস্ট কম্পিউটার থেকে পেরিফেরাল যন্ত্রাংশ ব্যবস্থাপনার কাজ অফ লোড করা, বার্তা প্রেরন ও গ্রহণ, প্যাকেট সন্নিহিত ও অসন্নিহিতকরন, ভুল নির্ণয় এবং তা ঠিক করা। দুটো উদাহরণ হতে পারে আইবিএম 3705 যোগাযোগ নিয়ন্ত্রণকারী এবং বারোগস তথ্য যোগাযোগের প্রসেসর।
কখনো কখনো এফইপি কেউ কেউ যোগাযোগ নিয়ন্ত্রণকারী হিসেবে অবিহিত করেন। প্রথম দিকের যোগাযোগ নিয়ন্ত্রণকারীগুলো যেমন আইবিএম 270x সিরিজগুলো ছিল তার দিয়ে বানানো কিন্তু পরেরগুলো ছিল প্রোগ্রাম করা যায় এমন ডিভাইস।
এটি একটি প্রসেসিং যন্ত্রাংশ (সাধারণত একটি কম্পিউটার) যা ইনপুট উৎসের কাছাকাছি থাকে মূল প্রসেসরের থেকে। এটি যে কাজগুলো করে তা হল রেডিওর মাধ্যমে উপাত্ত প্রেরন ও পরিমাপের নিয়ন্ত্রণ, তথ্য সংগ্রহ, প্রসেস হয়নি এমন সেন্সর তথ্যগুলোকে হ্রাস কর",,773e1b820203,1337
87,CONTRADICTED,date,651,1815,মুসলিমদের পারস্য বিজয় (647-1815) সালে সাসানীয় সাম্রাজ্যের পতন ঘটায় এবং এই বিজয়ের ফলে ইরানে জরস্ট্রিয়ান ধর্মের প্রভাব কমে আসে।,"মুসলিমদের পারস্য বিজয় (647-651) সালে সাসানীয় সাম্রাজ্যের পতন ঘটায় এবং এই বিজয়ের ফলে ইরানে জরস্ট্রিয়ান ধর্মের প্রভাব কমে আসে। তবে, পূর্ববর্তী ফার্সি সভ্যতার অর্জন হারিয়ে যায়নি, কিন্তু নতুন ইসলামী শাসন ব্যবস্থার দ্বারা এটি ব্যাপকভাবে শোষিত হয়েছে। মঙ্গোল অভিযান এবং ইলখানাত প্রতিষ্ঠার (13 শতাব্দীতে এটি প্রতিষ্ঠিত হয়) পর অল্প সময় ছাড়া তখন থেকেই ইসলাম ইরানের রাষ্ট্রীয় ধর্ম। 1979 সালের ইসলামী বিপ্লবের পর ইরানে ইসলামিক প্রজাতন্ত্র প্রতিষ্ঠিত হয়। ইসলামী বিজয়ের আগে, পারস্যরা প্রধানত জরস্ট্রিয়ান ধর্মের অনুসারী ছিলেন; তবে সেখানে বেশ বিশাল ও সমৃদ্ধশালী খৃস্টান এবং ইহুদি সম্প্রদায়ও ছিল, বিশেষ করে সেই সময়ের উত্তর-পশ্চিমাঞ্চল, পশ্চিম ও দক্ষিণ ইরান, বিশেষত ককেশীয় আলবেনিয়া, অশরিতান, ফার্সি আর্মেনিয়া এবং ককেশীয় ইবেরিয়া অঞ্চলের অঞ্চলগুলির মধ্যে। ইসলামের দিকে মানুষের একটি ধীর কিন্তু স্থিতিশীল ঝোঁক জন্মাচ্ছিল। ইরানে ইসলাম প্রচারের প্রাথমিক পর্যায়ে অভিজাত ও শহরের অধিবাসীরা সর্বপ্রথম ইসলাম ধর্মে দীক্ষিত হতে শুরু করে, তবে গ্রামের কৃষক মধ্যবিত্তরা ধীরে ধীরে ইসলাম ধর্মে দীক্ষিত হতে শুরু করে। একাদশ শতাব্দির শেষের দিকে, পারস্যদের অধিকাংশ লোকই ইসলাম ধর্মে দীক্ষিত হন।",,773e1b820203,1337
88,CONTRADICTED,relation_order,উত্তর->কঙ্কনরের,কঙ্কনরের->উত্তর,বন্দরের 400 বর্গ কিলোমিটার (150 বর্গ মাইল) বিস্তৃত পোতাশ্রয়ের পূর্ব ও কঙ্কনরের থেকে উত্তর মূল ভূখণ্ড এবং পশ্চিমে মুম্বাইয়ের দ্বীপ অবস্থিত।,"মুম্বাই বন্দর হল ভারতের দ্বিতীয় প্রাচীন (প্রথম কলকাতা বন্দর) বন্দর। এটি ভারতের পশ্চিম উপকূলে আরব সাগরের তীরে অবস্থিত। বর্তমানে বন্দরটির আধুনিকীকরন করা হয়েছে। বন্দরের 400 বর্গ কিলোমিটার (150 বর্গ মাইল) বিস্তৃত পোতাশ্রয়ের পূর্ব ও উত্তর থেকে কঙ্কনরের মূল ভূখণ্ড এবং পশ্চিমে মুম্বাইয়ের দ্বীপ অবস্থিত। পোতাশ্রয়টির দক্ষিণে খোলে আরব সাগর। বন্দর মুম্বাই মুম্বাই বন্দর ট্রাস্ট (এমপিপিটি) দ্বারা পরিচালিত হয়, একটি স্বশাসিত সংস্থা যা সম্পূর্ণ ভারত সরকারের মালিকানাধীন। বন্দরটি মূলত বাল্ক পণ্যসম্ভার জন্য ব্যবহার করা হয় এবং কনটেইনার নবসেবা বন্দর দ্বারা পরিচালিত হয়।বন্দরটি উত্তর ও দক্ষিণে অবস্থিত।এটি আরোব সাগরের মুম্বাই দ্বীপের আড়ালে অবস্থিত।বন্দরটি সমুদ্র সমতল থেকে সামান্য উচ্চতায় অবস্থিত।",,773e1b820203,1337
89,SUPPORTED,gold,,,"কোনান ডয়েল বলেছিলেন যে হোমসের চরিত্রটির অনুপ্রেরণা হলেন ডা. জোসেফ বেল, যাঁর অধীনে এডিনবরা রয়্যাল ইনফার্মারিতে করণিক হিসেবে ডয়েল কাজ করতেন।","চারটি বাদে সব কটি কাহিনিই হোমসের বন্ধু তথা জীবনীকার ডা. জন ওয়াটসনের জবানিতে লেখা। দুটি গল্প (""দ্য ব্লাঞ্চেড সোলজার্স"" ও ""দ্য লায়ন'স মেন"" হোমসের নিজের জবানিতে এবং অন্য দুটি গল্প ""দ্য ম্যাজারিন স্টোন"" ও ""হিজ লাস্ট বো"") তৃতীয় পুরুষে লেখা। দুটি গল্প আবার (""দ্য মাসগ্রেভ রিচুয়াল"" ও ""দ্য গ্লোরিয়া স্কট) হোমস ওয়াটসনকে নিজের স্মৃতি থেকে শুনিয়েছেন, এবং ওয়াটসন সেখানে কাহিনির কাঠামোটিই মাত্র বর্ণনা করেছেন। প্রথম উপন্যাস আ স্টাডি ইন স্কারলেট-এর মধ্যবর্তী অংশে হোমস ও ওয়াটসনের অজ্ঞাত ঘটনার দীর্ঘ বর্ণনা করা হয়েছে এক সর্বজ্ঞ বর্ণনাকারীর জবানিতে।

কোনান ডয়েল বলেছিলেন যে হোমসের চরিত্রটির অনুপ্রেরণা হলেন ডা. জোসেফ বেল, যাঁর অধীনে এডিনবরা রয়্যাল ইনফার্মারিতে করণিক হিসেবে ডয়েল কাজ করতেন। হোমসের মতো বেলও ক্ষুদ্রাতিক্ষুদ্র পর্যবেক্ষণ থেকে বিরাট বিরাট সিদ্ধান্ত বের করতেন। শার্লক হোমসকে নিয়ে সব মিলিয়ে 4টি উপন্যাস, আর 56টি ছোট গল্প লিখেন ডয়েল।",,773e1b820203,1337
90,CONTRADICTED,date,2004,1466,"1466 সালের একটি গবেষণাপত্রে কভারেজটিতে আন্তর্জাতিক পক্ষপাতিত্ব পাওয়া গেছে, তবে তাদের ""উদ্দেশ্যমূলক নয়"" বলে মনে করা হয়েছিল।","ইন্টারনেট সংরক্ষণাগারটি অ্যাডভেঞ্চারস অফ রকি অ্যান্ড বুলউইঙ্কল কার্টুনের একটি অংশ (বিশেষত পিবোডি'র অপ্রতিরোধ্য ইতিহাস) এর একটি অংশ থেকে ""ডাব্লুএবিএসি মেশিন"" শব্দের জনপ্রিয় ব্যবহারকে মূলধন হিসাবে চিহ্নিত করেছিল এবং তার সেবার জন্য ""ওয়েব্যাক মেশিন"" নাম ব্যবহার করে যা বিশ্ব আর্কাইভকে অনুমতি দেয় ওয়াইড ওয়েব অনুসন্ধান এবং অ্যাক্সেস করা হবে। এই পরিষেবাটি ব্যবহারকারীদের সংরক্ষণাগারভুক্ত কয়েকটি ওয়েব পৃষ্ঠা দেখতে দেয় আর্কাইভ ইন্টারনেট সামগ্রী এবং ব্রাউজিংয়ের জন্য ত্রি-মাত্রিক সূচক তৈরি করা হলে ওয়েলব্যাক মেশিনটি আলেক্সা ইন্টারনেট এবং ইন্টারনেট আর্কাইভের মধ্যে একটি যৌথ প্রচেষ্টা হিসাবে তৈরি করা হয়। কয়েক মিলিয়ন ওয়েব সাইট এবং তাদের সম্পর্কিত ডেটা (চিত্র, উতৎস কোড, নথি ইত্যাদি) একটি ডাটাবেসে সংরক্ষণ করা হয়। এই পরিষেবাটি ওয়েব সাইটের পূর্ববর্তী সংস্করণগুলির মতো দেখতে কী ব্যবহৃত হয়েছিল তা দেখার জন্য, ওয়েব সাইটগুলি থেকে আর সরাসরি উপলভ্য না হতে পারে এমন আসল উৎস কোডটি ধরতে, বা এমন ওয়েবসাইটগুলি দেখার জন্য যা অস্তিত্বহীন। সতল ওয়েবসাইট উপলব্ধ হয় না, কারণ অনেক ওয়েবসাইটের মালিকরা তাদের সাইটগুলি বাদ দিয়ে দেন। ওয়েব ক্রলারগুলির ডেটা ভিত্তিক সমস্ত সাইটগুলির মতোই, ইন্টারনেট সংরক্ষণাগার বিভিন্ন কারণে বিভিন্ন কারণে ওয়েবের বৃহৎ অঞ্চলগুলি মিস করে। 2004 সালের একটি গবেষণাপত্রে কভারেজটিতে আন্তর্",,773e1b820203,1337
91,CONTRADICTED,entity,সহযোগী,ছিল,2018 সালের নভেম্বর মাসে তার ছিল প্রতিষ্ঠান সিটিলিংকের মাধ্যমে গেরুয়া ইন্দোনেশিয়া একটি সহযোগিতা চুক্তির (কেএসও) মাধ্যমে শ্রীজয়া এয়ারের আর্থিক ব্যবস্থাপনার দায়িত্ব গ্রহণ করে।,"শ্রীবিজয়া এয়ার হলো একটি ইন্দোনেশীয় বিমান পরিবহন সংস্থা যার সদর দপ্তর এবং ঘাঁটি বানটেনের তাঙ্গেরাং-এর সোকারনো-হাত্তা আন্তর্জাতিক বিমানবন্দরে অবস্থিত।
2003 সালে চন্দ্র লি, হেনড্রি লি, অ্যান্ডি হালিম, এবং ফ্যান্ডি লিঙ্গগা শ্রীবিজয়া এয়ার প্রতিষ্ঠা করেন। ফ্যান্ডি লিঙ্গগা ঐতিহাসিক শ্রীবিজয়া সাম্রাজ্যের নামে এটির নামকরণ করেন। একই বছর, 28 এপ্রিল এটি ব্যবসায়িক লাইসেন্স লাভ করে, যখন এওসি (এয়ার অপারেটরসার্টিফিকেট) ঐ বছরের শেষের দিকে 28 অক্টোবর ইস্যু করা হয়। 10 নভেম্বর 2003 তারিখে বিমান সংস্থাটি প্রাথমিকভাবে জাকার্তা-পন্টিয়ানাক এবং জাকার্তা-পালেমবাং-এর মতো নতুন রুটে ফ্লাইট চালু করার আগে প্রাথমিকভাবে জাকার্তা এবং পাংকাল পিনাং-এর মধ্যে ফ্লাইট চালু করে। প্রথম বছরে, শ্রীজয়া এয়ারের ব্যাপ্তি দ্রুত বৃদ্ধি পায়, এবং জুন 2009 এ শ্রীজয়া এয়ার 23 বিমান, 33 অভ্যন্তরীণ এবং 2 আন্তর্জাতিক রুটে ফ্লাইট পরিচালনা করে। 
2007 সালে, শ্রীবিজয়া এয়ার কয়েক মাস ধরে পরিচালিত পরিদর্শন পাস করার পর বিমানের নিরাপত্তা এবং রক্ষণাবেক্ষণের জন্য বোয়িং আন্তর্জাতিক পুরস্কার লাভ করে। একই বছর শ্রীজয়া এয়ার পারতামিনা থেকে এভিয়েশন কাস্টমার পার্টনারশিপ পুরস্কার লাভ করে। 2008 সালে, শ্রীজয়া এয়ার মার্কপ্লাস অ্যান্ড কোম্পানি দ্বারা একটি পুরস্কার প্রদান করা হয়। 
2011 সালে প্যারিস এয়ার শোতে, শ্রীবিজয়া এয়ার আরো 20 টি এ",,773e1b820203,1337
92,CONTRADICTED,date,1844,1980,"ফ্রিডরিখ ভিলহেল্ম নিচে, জন্ম 15ই অক্টোবর, 1980 - মৃত্যু 25শে আগস্ট, 1900) (কখনও কখনও ""নিৎশে""-ও লেখা হয়) একজন বিখ্যাত জার্মান দার্শনিক, কবি ও ভাষাতত্ত্ববিদ ছিলেন।","ফ্রিডরিখ ভিলহেল্ম নিচে, জন্ম 15ই অক্টোবর, 1844 - মৃত্যু 25শে আগস্ট, 1900) (কখনও কখনও ""নিৎশে""-ও লেখা হয়) একজন বিখ্যাত জার্মান দার্শনিক, কবি ও ভাষাতত্ত্ববিদ ছিলেন। নিচে তার পেশাজীবন শুরু করেন একজন ভাষাতাত্ত্বিক হিসেবে। 1869 সালে, 24 বছর বয়সে তিনি ইউনিভার্সিটি অব ব্যাসেল এ ভাষাতাত্ত্বিক হিসেবে যোগ দেন। কিন্তু 1879 সালে স্বাস্হ্যগত কারণে পদত্যাগ করেন যা তাকে জীবনের অধিকাংশ সময় পীড়িত রেখেছিল। 1889 সালে, 45 বছর বয়সে তিনি মানসিক বিকারগ্রস্ত হয়ে পড়েন। তিনি 1900 সালে মৃত্যুবরণ করেন। নিচে-র বিখ্যাত ""ঈশ্বর মৃত এবং আমরাই তাকে হত্যা করেছি।"" 'গড ইজ ডেড' দর্শন। তার দর্শন ছিলো ওই আমলের ধর্মীয় অনুশাসনের বিরুদ্ধে একটি বড় প্রতিবাদ। তিনি পশ্চিমা সনাতন ধর্মীয় বিশ্বাস কে চ্যালেঞ্জ করেছিলেন। সাম্রাজ্যবাদ বিস্তারে ধর্মকে যখন ব্যবহার করা হচ্ছিল, যখন আফ্রিকার ""কালো মানুষকে"" 'শিক্ষিত' করার 'মহান দায়িত্ব' নিয়ে ধর্ম প্রচারকরা আফ্রিকায় তাদের কর্মকাণ্ডের বিস্তৃতি ঘটিয়েছিলেন, তখন নিৎসের লেখনীতে এর সমালোচনা করা হয়েছিলো। তিনি তথাকথিত গণতন্ত্রকে ঘৃণা করতেন। গণতন্ত্রে যে সমতার কথা বলা হয়, তা তার পছন্দ ছিলো না। তিনি ভবিষ্যতে এক ধরনের অনিশ্চয়তা,বিপ্লব,যুদ্ধ,ও সংঘর্ষের ভবিষ্যদ্বাণী করেছিলেন।।",,773e1b820203,1337
93,CONTRADICTED,date,2013,1812,মঙ্গলযান প্রোবটি ভারতের অন্ধ্রপ্রদেশ রাজ্যের শ্রীহরিকোটার সতীশ ধবন মহাকাশ কেন্দ্র ফার্স্ট লঞ্জ প্যাড থেকে একটি পোলার স্যাটেলাইট লঞ্চ ভেহিকল (পিএসএলভি) রকেট সি25-এর মাধ্যমে 1812 সালের 5ই নভেম্বর ভারতীয় সময় রাত 2:38 নাগাদ উৎক্ষেপণ করা হয়েছে।,"মঙ্গলযান হল মঙ্গল গ্রহের একটি অরবিটার। এটি 2013 সালের 5ই নভেম্বর পৃথিবীর কক্ষপথ থেকে সফলভাবে উৎক্ষেপণ করা হয়েছে। এটি উৎক্ষেপণ করেছে ভারতীয় মহাকাশ গবেষণা সংস্থা (ইসরো) এই অভিযানটি হল একটি ""টেকনোলজি ডেমনস্ট্রেটর"" প্রকল্প। আন্তঃগ্রহ অভিযানের জন্য প্রয়োজনীয় নকশা, পরিকল্পনা, ব্যবস্থাপনা ও অপারেশন-সংক্রান্ত প্রযুক্তির উন্নয়নের উদ্দেশ্যে এই অভিযানটি চালানো হচ্ছে। 
 
মঙ্গলযান প্রোবটি ভারতের অন্ধ্রপ্রদেশ রাজ্যের শ্রীহরিকোটার সতীশ ধবন মহাকাশ কেন্দ্র ফার্স্ট লঞ্জ প্যাড থেকে একটি পোলার স্যাটেলাইট লঞ্চ ভেহিকল (পিএসএলভি) রকেট সি25-এর মাধ্যমে 2013 সালের 5ই নভেম্বর ভারতীয় সময় রাত 2:38 নাগাদ উৎক্ষেপণ করা হয়েছে। লঞ্চ উইন্ডোটি প্রায় 20 দিন দীর্ঘ। এটি শুরু হয়েছে 28 অক্টোবর। মঙ্গলযান ভারতের প্রথম আন্তঃগ্রহ অভিযান। এটি সফল হয়েছে এবং ইসরো বিশ্বের চতুর্থ মহাকাশ সংস্থা হিসেবে মঙ্গলগ্রহে পৌছেছে।

24শে সেপ্টেম্বর 2014 তারিখে মঙ্গলযান সফলতার সহিত মঙ্গলগ্রহর মহাকর্য বলের ভেতর প্রবেশ করে এবং ইহার কার্যক্রম শুরু করে। পূর্ববর্তী পরিকল্পনা ছিল যে মঙ্গলযান খুবি উচ্চমাত্রার একটি মঙ্গলগ্রহ কেন্দ্রিক উপবৃত্তাকার কক্ষপথে পরিভ্রমন করবে, 3.2 দিনে মঙ্গলগ্রহর চারিদিকে একবার এটির পরিভ্রমন সমাপ্ত হবে, গ্রহপৃষ্ঠ থেকে এই উপবৃত্তাকার কক্ষপথের সবচেয়ে দুরের বিন্দুর দূরত্ব 80,000 কিমি (50,000মাইল) এবং সবচেয়ে কাছের বিন",,773e1b820203,1337
94,CONTRADICTED,polarity,,না,এখনকার প্রায় সব সিপিইউকে ভন নিউম্যানের সংরক্ষন প্রোগ্রাম যন্ত্র বলা যায় না।,"আগের প্রজন্মের সিপিইউগুলো এক বা তার অধিক সার্কিট বোর্ডে পৃথক উপাদান এবং অগণিত ছোট সমন্বিত সার্কিটে বসিয়ে বানানো হত। অন্যদিকে মাইক্রোপ্রসেসরগুলোতে সিপিইউগুলো উৎপাদন করা হয় কম সংখ্যক সমন্বিত সার্কিট দিয়ে, সাধারণত মাত্র একটি। একটি মাত্র ডাইয়ে তৈরি সিপিইউ ছোট এবং সংখ্যায় কম হওয়ায় দ্রুত সুইচ করতে পারে। এই কারণেই সিপিইউগুলোর ক্লক রেট 10 মেগাহার্টজ থেকে কয়েক গিগাহার্টজে যেতে সক্ষম হয়। একইসাথে, ছোট ছোট ট্রানজিষ্টরের ব্যবহারিক ক্ষমতা বৃদ্ধি পাওয়ায় একটি মাত্র সিপিইউতে জটিলতর ও সংখ্যায় অধিক হারে তা ব্যবহার করা হয়। এই ব্যাপক প্রবণতাকে মুর নীতি হিসেবে আখ্যায়িত করা হয়, যা ন্যায়সঙ্গতভাবে সিপিইউর বৃদ্ধি ও জটিলতর হওয়ার পূর্বাভাষ দেওয়ায় প্রমাণিত হয়েছে।
সিপিইউ'র জটিলতা, আকৃতি, নির্মানবিদ্যা এবং সাধারণ আকারে যেসব পরিবর্তন হয়েছে তা নকশা আর কার্যপ্রনালীতে আসেনি। এখনকার প্রায় সব সিপিইউকে ভন নিউম্যানের সংরক্ষন প্রোগ্রাম যন্ত্র বলা যায়। উপরে যে মুর নীতির কথা বলা হয়েছে তা সত্য হওয়ার পাশাপাশি এখন সমন্বিত সার্কিটের সীমাবদ্ধতার কথাও ভাবা হচ্ছে। বৈদ্যুতিক গেটগুলোর সুক্ষ সংক্ষিপ্তকরনের ফলে ইলেক্ট্রোমাইগ্রেশন এবং সাবথ্রেসহোল্ড লিকেজগুলো গুরুত্বপূর্ণ হয়ে উঠছে। এই সব সমস্যার পাশাপাশি আরও অনেক সমস্যা ও সীমাবদ্ধতার কারণে বিজ্ঞানিদের কাছে এখন কোয়ান্টাম কম্পিউটার পদ্ধতির গণনা গবেষণার বিষয়বস্",,773e1b820203,1337
95,NEUTRAL,cross_passage,,,জাতীয় অর্থনীতিতে লবণ শিল্পখাত প্রতিবছর গড়ে প্রায় 1200 কোটি টাকার অবদান রাখছে।,"যে নির্দেশনাটি সিপিইউ নিয়ে আসে সেটি থেকে সিপিইউ বুঝতে পারে তাকে কি করতে হবে। এই ধাপে, নির্দেশনাটিকে ভেঙ্গে বিভিন্ন অংশে ভাগ করে গুরুত্ব অনুসারে সিপিইউ'র বিভিন্ন জায়গায় বণ্টন করা হয়। কিভাবে সংখ্যার নির্দেশনাগুলো রূপান্তর করা হবে তা নির্ভর করে সিপিইউ'র নির্দেশনার সেট নকশার (আইএসএ) মাধ্যমে। নির্দেশনার মধ্যে একটি সংখ্যার দল থাকে যেগুলো নির্দেশ করে কি ধরনের ক্রীয়াকলাপ করা হবে। একে অপকোড বলে। বাকি সংখ্যাগুলো সাধারণত নির্দেশনার জন্য কি তথ্য লাগবে তা প্রকাশ করে। যেমন যোগ করার জন্য অপারেন্ড দেয়া। অপারেন্ডগুলো হয় ধ্রুবক মান দিবে নাহলে কোন জায়গার মান দিবে (কোন স্মৃতির ঠিকানা বা রেজিষ্টারের ঠিকানা)।
কিছু সিপিইউ নকশায় নির্দেশনা অর্থোদ্ধারকারীকে হার্ডওয়্যারড হিসেবে স্থাপন করে মানে সার্কিট অপরিবর্তনীয়। অন্যান্য ক্ষেত্রে, একটি মাইক্রোপ্রোগ্রাম ব্যবহার করা হয় নির্দেশনা ভাষান্তর করে সিপিইউ'র বাহ্যিক সংকেতে পরিবর্তন করতে যা বহুমাত্রিক ক্লক পালসের সাথে ক্রমান্বয়ে ব্যবহার করা হয়। আবার কিছু ক্ষেত্রে, যে স্মৃতিতে মাইক্রোপ্রোগ্রামটি থাকে তা পুনলিখন সম্ভব, যার ফলে সিপিইউ কিভাবে নির্দেশনাগুলো অর্থোদ্ধার করবে তা পরিবর্তন করা যায়।
নির্দেশনা আনায়ন ও অর্থোদ্ধারের পর সেগুলো নির্বাহ করা হয়। সিপিইউ নকশার উপর ভিত্তি করে এটি হয় একটি মাত্র ক্রিয়া হয় বা ক্রিয়ার ক্রমান্বয় হয়ে থাকে। প্রতিটি ক্রিয়",,773e1b820203,1337
96,CONTRADICTED,entity,পাউন্ড,তিনিও,সংক্ষিপ্ত শাখা লাইনটি £44 মিলিয়ন তিনিও ব্যয়ে নির্মিত হয় এবং বিমানবন্দরের নতুন টার্মিনাল ভবনের নির্মাণ কাজ সম্পূর্ণ হওয়ার সাথে এটি ব্রিটিশ রেল দ্বারা চালু করা হয়।,"স্টানস্টেড বিমানবন্দর রেল স্টেশনটি ইংল্যান্ডের পূর্বে পশ্চিম অ্যাংলিয়া প্রধান রেলপথের একটি শাখার রেলপথে অবস্থিত এবং লন্ডন স্ট্যানস্টেড বিমানবন্দরে রেল যোগাযোগের জন্য 1991 সালে এটি চালু করা হয়। এটি লন্ডন লিভারপুল স্ট্রিট স্টেশন থেকে 36 মাইল 67 টি চেইন (59.3 কিমি) দূরে অবস্থিত। এই স্টেশনে যেখানে স্টানস্টেড এক্সপ্রেস নামক একটি নিয়মিত নিবেদিত রেল পরিষেবা কাজ করে। 
সংক্ষিপ্ত শাখা লাইনটি £44 মিলিয়ন পাউন্ড ব্যয়ে নির্মিত হয় এবং বিমানবন্দরের নতুন টার্মিনাল ভবনের নির্মাণ কাজ সম্পূর্ণ হওয়ার সাথে এটি ব্রিটিশ রেল দ্বারা চালু করা হয়। প্ল্যাটফর্ম 1 এবং 3 স্টেশনের পুরো দৈর্ঘ্য চালায় এবং স্ট্যানস্টেড এক্সপ্রেস এবং কেমব্রিজ পরিষেবার জন্য ব্যবহৃত হয়। সংক্ষিপ্ত 2 নং প্ল্যাটফর্ম ক্রসকাউন্ট্রি পরিচালিত পরিষেবার জন্য ব্যবহৃত হয়। 
2011 সালে প্ল্যাটফর্ম 1 টিকে দুটি ট্রেন একসাথে 16 টি কোচের সংমিশ্রণে বাড়ানো হয় এবং প্ল্যাটফর্ম 2 কে চার কোচের ট্রেনের জন্য বাড়ানো হয়। 
স্টেশনটি একটি কংক্রিট বক্স কাঠামোতে রয়েছে, যা টার্মিনাল ভবনের অধীনে মাটির গভীরের পরিবর্তে স্থলভাগের স্বল্প গভীরে নির্মাণ করা হয়েছে। প্ল্যাটফর্মগুলির পশ্চিম প্রান্তে এটি স্পষ্ট যেগুলি খোলা রেখে দেওয়া হয়েছে এবং এটি ওয়েম্বলি সেন্ট্রাল রেলস্টেশনের অনুরূপ নকশা। স্টানস্টেড বিমানবন্দরের প্রধান পরিষেবা হ'ল স্টানস্টেড এক্সপ্রেস। এটি গ্",,773e1b820203,1337
97,CONTRADICTED,polarity,,না,"রেসিডেন্সিয়াল পূর্ববর্তী শিল্পীদের মধ্যে তারাভাত ট্যালাস্প্যান্ড, হুইটনি লিন এবং জেনি ওডেল অন্তর্ভুক্ত ছিল না।","2016 সালের নভেম্বরে, কাহলে ঘোষণা করেছিলেন যে ইন্টারনেট আর্কাইভ কানাডার ইন্টারনেট সংরক্ষণাগার তৈরি করছে, সংরক্ষণাগারের অনুলিপিটি কানাডার কোথাও কোথাও ভিত্তি করে তৈরি করা হবে। ডোনাল্ড ট্রাম্পের আসন্ন রাষ্ট্রপতি হওয়ার কারণে বিদেশে একটি ব্যাকআপ সংরক্ষণাগার তৈরির সিদ্ধান্ত নেওয়া হয়েছিল এই প্রচ্ছন্নতার কারণে এই ঘোষণাটি ব্যাপক কভারেজ পেয়েছিল। কাহলেকে উদ্ধৃত করা হয়েছে: 
9ই নভেম্বর আমেরিকাতে, আমরা আমূল পরিবর্তন আনার প্রতিশ্রুতিবদ্ধ একটি নতুন প্রশাসনকে নির্বাচিত করি। এটি একটি অনুস্মারক ছিল যে আমাদের মতো প্রতিষ্ঠানগুলি, দীর্ঘমেয়াদী জন্য নির্মিত, পরিবর্তনের জন্য নকশা করা দরকার। আমাদের জন্য, এর অর্থ আমাদের সাংস্কৃতিক উপকরণগুলি সুরক্ষিত, ব্যক্তিগত এবং চিরকাল অ্যাক্সেসযোগ্য এর অর্থ এমন একটি ওয়েবের জন্য প্রস্তুত করা যা আরও বেশি বিধিনিষেধের মুখোমুখি হতে পারে। এর অর্থ এমন এক পৃথিবীতে পৃষ্ঠপোষকদের সেবা করা যেখানে সরকারী নজরদারি চলছে না, সত্যিই দেখে মনে হচ্ছে এটি বাড়বে। ইতিহাস জুড়ে যেখানে গ্রন্থাগারগুলি গোপনীয়তার ভয়াবহ লঙ্ঘনের বিরুদ্ধে লড়াই করেছে - যেখানে লোকেরা কেবল তাদের পড়ার জন্য চারদিকে জড়িত ছিল। ইন্টারনেট সংরক্ষণাগারে, আমরা ডিজিটাল বিশ্বে আমাদের পাঠকদের গোপনীয়তা রক্ষার জন্য লড়াই করছি। 
আমির সাবের এসফাহানী এবং অ্যান্ড্রু ম্যাকক্লিনটক আয়োজিত,2018 সালে, ইন্টারনেট আর্কাইভ ভিজ্যুয়াল আ",,773e1b820203,1337
98,CONTRADICTED,numeral,18,9.62,"ডাকনামের এই ভিন্নতা সময়ের সাথে সাথে মিলিয়ে গেছে উদাহরণসরূপ, এলিয়েনওয়্যারের গেমিং যন্ত্র ""এলিয়েনওয়্যার 9.62 গেমিং ল্যাপটপ"" যাতে 18"" প্রদর্শনী এবং যার ওজন 6 কিলোগ্রামের মত, একে ল্যাপটপ এবং নোট দুটো নামেই বিবেচনা করা হয়।","ল্যাপটপ হল বহনযোগ্য ব্যক্তিগত কম্পিউটার যা দেখতে ঝিনুক আকৃতির এবং ভ্রমণ উপযোগী। ল্যাপটপ এবং নোটবুক উভয়কে পূর্বে ভিন্ন ধরা হত কিন্তু বর্তমানে তা মানা হয় না। ল্যাপটপ বিভিন্ন কাজে ব্যবহার করা হয় যেমন কর্মক্ষেত্রে, শিক্ষায় এবং ব্যক্তিগত বিনোদনের কাজে।
একটি ল্যাপটপ কম্পিউটারে ডেস্কটপ কম্পিউটারের সমস্ত উপাদান এবং সকল ইনপুটগুলোকে একত্রিত করা হয়, যেখানে শুধুমাত্র একটি যন্ত্রে মনিটর, স্পিকার, কিবোর্ড এবং টাচপ্যাড বা ট্র্যাকপ্যাড থাকে। বর্তমানের বেশিরভাগ ল্যাপটপের সঙ্গেই থাকে ওয়েবক্যাম এবং মাইক্রোফোন। ব্যাটারি অথবা এসি এডাপ্টারের মাধ্যমে বিদ্যুতের সরাসরি সংযোগের মাধ্যমে ল্যাপটপ চালানো যায়। ল্যাপটপের মডেল, প্রকারভেদ ও উৎপাদনের উপর হার্ডওয়্যারের ভিন্নতা লক্ষ্য করা যায়।
বহনযোগ্য কম্পিউটারগুলোকে পূর্বে ছোট একক বাজার হিসেবে গন্য করা হত এবং এগুলো বিশেষ ধরনের প্রায়োগিক কাজে ব্যবহার করা হত যেমন সৈনিকদের কাজে, হিসাববিজ্ঞানের কাজে, বিক্রয় প্রতিনিধিদের প্রয়োজনে ইত্যাদি। এগুলো পরে আধুনিক ল্যাপটপে পরিণত হয়। এগুলো আকারে আরও ছোট, পাতলা, সস্তা, হালকা এবং উচ্চ ক্ষমতাসম্পন্ন হতে থাকে ফলে বহুমুখী কাজে এদের ব্যবহার বৃদ্ধি পায়।
যন্ত্রটিকে ল্যাপটপ নামে ডাকার ব্যাপারটি শুরু হয় আশির দশকে। তখন সাধারণ কম্পিউটার থেকে ভ্রাম্যমাণ কম্পিউটারগুলোকে আলাদা করার জন্য এই নামে ডাকা হত। এসব যন্ত্রাংশ আগের বহনযোগ্য",,773e1b820203,1337
99,SUPPORTED,gold,,,"হিলবের্ট গণিতবিদ হেরমান মিংকফ্স্কিকে তাঁর ""সবচেয়ে ভালো এবং সত্যিকারের বন্ধু"" বলে গণ্য করতেন।","1892 সালে, হিলবের্ট ক্যাথি জেরস্ককে (1864 - 1945) বিয়ে করেন যিনি ক্যোনিগসবের্গের একজন ব্যবসায়ীর মেয়ে ছিলেন। স্বাধীনচেতা স্পষ্টবাদী এই মহিলার সাথে হিলবের্টের মিল ছিল। ক্যোনিগসবের্গে থাকাকালীন তাঁদের এক সন্তান হয়, ফ্রান্স হিলবের্ট (1893 - 1969)। ফ্রান্স সারাজীবন ধরে এক অনির্ণীত মানসিক রোগে ভুগতো। তার এই হীনবুদ্ধিতা তার বাবার কাছে একটা ভয়াবহ হতাশার কারণ হয়ে দাঁড়িয়েছিল এবং এই দুর্ভাগ্য গ্যোটিঙেনের গণিতবিদ এবং ছাত্রছাত্রীদের এক প্রধান সমস্যা ছিল।

হিলবের্ট গণিতবিদ হেরমান মিংকফ্স্কিকে তাঁর ""সবচেয়ে ভালো এবং সত্যিকারের বন্ধু"" বলে গণ্য করতেন।

হিলবের্ট খ্রিস্টধর্মে দীক্ষিত হন এবং প্রুশীয় ইভাঞ্জেলিকাল মণ্ডলীতে কালভাঁপন্থী হয়ে পড়েন। পরে তিনি চার্চ পরিত্যাগ করেন এবং একজন অজ্ঞেয়বাদী হয়ে যান। তিনি বলেন গণিতের সত্য ঈশ্বরের অস্তিত্ব অথবা অন্য কোন পূর্বকৃত ধারণার দ্বারা প্রভাবিত হয় না। যখন সৌরকেন্দ্রিক মতবাদের ওপর তাঁর প্রতিষ্ঠিত সত্যের হয়ে দাঁড়াতে পারেননি বলে গ্যালিলিও গ্যালিলেইকে সমালোচনা করা হয়, হিলবের্ট তার প্রতিবাদ করে বলেছিলেন, ""কিন্তু গ্যালিলিও বোকা ছিলেন না। বোকারাই মনে করে বৈজ্ঞানিক সত্যের জন্য শহীদ হতে হয়; এটা ধর্মে প্রয়োজন হতে পারে, কিন্তু বৈজ্ঞানিক ফলাফল নিজেই একসময় প্রমাণিত হয়।""

1925 সাল নাগাদ, হিলবের্টের পার্নিসিয়াস অ্যানিমিয়া হয়, তৎকালীন সময়ে এটি ছিল একটি দ",,773e1b820203,1337
100,CONTRADICTED,unit,বছর,কেজি,এটি 37 কেজি ধরে চালনা করা হচ্ছে এবং এটি ডিপ স্পেস নেটওয়ার্কে এখনো তথ্য প্রেরন করে যাচ্ছে।,"ভয়েজার 2 হল একটি 722 কেজি (1,592 পা) স্পেস প্রোব যা নাসা 1977 সালের 20 অগাস্ট মহাশূন্যে প্রেরন করে সৌরজগৎ এর বাহিরের পরিবেশ সম্পর্কে জানার জন্য। এটি আসলে ভয়েজার 1 এর আগে প্রেরন করা হয়েছিল কিন্তু ভয়েজার 1 দ্রুতগতি সম্পন্ন হয় এবং এটিকে অতিক্রম করে। এটি 37 বছর ধরে চালনা করা হচ্ছে এবং এটি ডিপ স্পেস নেটওয়ার্কে এখনো তথ্য প্রেরন করে যাচ্ছে।

2014 সালের 2 নভেম্বর এটি 106.6 এইউ(1.595×1010 কিমি) দূরত্ব অতিক্রম করে যা মানুষ নির্মিত এবং সবচেয়ে দূরে প্রেরিত বস্তুদের একটি। ভয়েজার 2 হল ভয়েজার প্রোগ্রাম এর অংশ এবং ভয়েজার 1 সাদৃশ্য যার কাজ সৌরজগতের সীমানা কুইপার বেল্ট, হিলিওস্ফেয়ার এবং সৌরজগৎ বহির্ভূত এলাকার তথ্য প্রেরণ করা।

2018 সালে নাসা ঘোষণা দেয় যে সেই বছরের 5ই নভেম্বর মহাকাশযান ভয়েজার 2 আন্তঃনাক্ষত্রিক মহাকাশে পৌছে গিয়েছে। ফলে, এটি ভয়েজার 1 এর পরে দ্বিতীয় মনুষ্য নির্মিত বস্তু যা সৌরজগতের সীমানা ছাড়িয়ে আন্তঃনাক্ষত্রিক মহাকাশে প্রবেশ করেছে।",,773e1b820203,1337
101,CONTRADICTED,date,1827,1879,এই যুক্তি ও গ্রিন হাউজ প্রতিক্রিয়ার অস্তিত্বের প্রমাণ পরবর্তীকালে আরও জোরদার করেন ক্লদ পৈলিওলেট 1879 ও 1838 সালে এবং জন টিনডাল পরীক্ষামূলক পর্যবেক্ষণ দ্বারা 1859 সালে।,"গ্রিন হাউজ প্রতিক্রিয়ার অস্তিত্বের পক্ষে 1824 সালে জোসেফ ফুরিয়ার যুক্তি পেশ করেন। এই যুক্তি ও গ্রিন হাউজ প্রতিক্রিয়ার অস্তিত্বের প্রমাণ পরবর্তীকালে আরও জোরদার করেন ক্লদ পৈলিওলেট 1827 ও 1838 সালে এবং জন টিনডাল পরীক্ষামূলক পর্যবেক্ষণ দ্বারা 1859 সালে। স্যভান্তে আরহেনিয়াস 1896 সালে আরও সম্পূর্ণরূপে নিরূপণ করেন। আলেকজান্ডার গ্রাহাম বেল শক্তির উৎসগুলো যেগুলো যেমন সৌর শক্তি ব্যবহারের জন্য প্রচার চালিয়েছিলেন। আমাদের পৃথিবী সূর্য হতে শক্তি গ্রহণ করে অতিবেগুনি রশ্মি, দৃশ্যমান আলো ও অবলোহিত রশ্মি রূপে যার বেশিরভাগই বায়ুমণ্ডল কর্তৃক শোষিত না হয়ে পৃথিবীতে ফিরে যায়। প্রাপ্ত শক্তির মোট অংশ বায়ুমণ্ডলের উপরিভাগে থাকে এবং যার প্রায় 50 শতাংশ পৃথিবী পৃষ্ঠ কর্তৃক শোষিত হয়। ভূপৃষ্ঠ উত্তপ্ত
হবার দরুন উষ্ণ অবলোহিত রশ্মি বিকিরণ করে যার তরঙ্গদৈর্ঘ্য প্রধান শোষোণকৃত তরঙ্গদৈর্ঘ্যের য়ুলনাই অনেক দীর্ঘ হয়।বেশির ভাগ তাপীয় বিকিরণই বায়ুমণ্ডল কর্তৃক শোষিত হয় ওপরে মুখীচেিমুখে উভয় দিকে পুন:বিকিরিত হয়।নিম্নাভিমুখী বিকিরণ পৃথিবী পৃষ্ঠ কর্তৃক শোষিত হয়। সৃষ্ট এই দীর্ঘ তরঙ্গদৈর্ঘ্যের তাপীয় বিকিরণ তাপমাত্রার ব্যাপক বৃদ্ধি ঘটায় যেন মনে হয় বায়ুমন্ডল অনুপস্থিত।",,773e1b820203,1337
102,NEUTRAL,cross_passage,,,"পোল্যান্ডে বৌদ্ধধর্মের শিকড় বিংশ শতাব্দীর গোড়ার দিকে ভিয়েতনাম, চীন, জাপান এবং কোরিয়ার মত ধর্মের উৎপত্তি দেশগুলির সাথে জাতির সংযোগে পাওয়া যায়।","হযরত শাহ্জালাল আন্তর্জাতিক বিমানবন্দর (পুরানো নাম: জিয়া আন্তর্জাতিক বিমানবন্দর) রাজধানী ঢাকার কুর্মিটোলায় অবস্থিত বাংলাদেশের প্রধান এবং সবচেয়ে বড় আন্তর্জাতিক বিমানবন্দর। এটি 1980 সালে এর কার্যক্রম শুরু করার পরে, পূর্বের বাংলাদেশের একমাত্র আন্তর্জাতিক বিমানবন্দর ছিল তেজগাঁও বিমানবন্দর থেকে এর কার্যক্রম স্থানান্তর করা হয়। এটি বিমান বাংলাদেশ এয়ারলাইন্স, রিজেন্ট এয়ারওয়েজ, ইউএস-বাংলা এয়ারলাইন্স, ইউনাইটেড এয়ারওয়েজ-সহ বাংলাদেশের সকল এয়ার লাইন্সগুলোর হোম বেস। 
 
1,981 একর এলাকা বিস্তৃত এই বিমানবন্দর দিয়ে দেশের প্রায় 52 শতাংশ আন্তর্জাতিক এবং আভ্যন্তরীন ফ্লাইট উঠা-নামা করে, যেখানে চট্টগ্রামে অবস্থিত দেশের দ্বিতীয় বৃহত্তম বিমানবন্দর শাহ আমানত আন্তর্জাতিক বিমানবন্দর প্রায় 17 শতাংশ যাত্রী ব্যবহার করে। এ বিমানবন্দর দিয়ে বার্ষিক প্রায় 40 লক্ষ আন্তর্জাতিক ও 10 লক্ষ অভ্যন্তরীন যাত্রী এবং 150,000 টন ডাক ও মালামাল আসা-যাওয়া করে। 
 
শাহজালাল আন্তর্জাতিক বিমানবন্দর বাংলাদেশকে বিশ্বের বিভিন্ন গুরুত্বপূর্ণ শহরগুলোর সাথে সংযুক্ত করেছে। বিমান বাংলাদেশ এয়ারলাইন্স এই বিমানবন্দর থেকে ইউরোপ এবং এশিয়ার 18টি শহরে চলাচল করে।",,773e1b820203,1337
103,CONTRADICTED,numeral,400,613,বিশেষ করে ব্রিটিশ কলাম্বিয়া এবং অন্টারিওতে 613-সিরিজ হাইওয়েতে।,"হিচহাইকিং বিশ্বব্যাপী একটি ঐতিহাসিকভাবে সাধারণ অভ্যাস এবং তাই বিশ্বের খুব কম জায়গাই আছে যেখানে এটিকে নিষিদ্ধ করার করার জন্য আইন বিদ্যমান। যাইহোক, হাতেগোনা কয়েকটি দেশের আইন রয়েছে যা নির্দিষ্ট স্থানে হিচহাইকিংকে নিষিদ্ধ করে। উদাহরণ স্বরূপ মার্কিন যুক্তরাষ্ট্রে; কিছু স্থানীয় সরকারের আইন রয়েছে যা চালকদের এবং হিচহাইকারদের নিরাপত্তার ভিত্তিতে হিচহাইকিং নিষিদ্ধ করেছে। 1946 সালে নিউ জার্সি একজন হিচাইকারকে গ্রেপ্তার করে এবং কারারুদ্ধ করে। যার ফলে আমেরিকান সিভিল লিবার্টিজ ইউনিয়ন হস্তক্ষেপ করে। কানাডায় বেশ কয়েকটি হাইওয়েতে হিচহাইকিং এর উপর নিষেধাজ্ঞা রয়েছে। বিশেষ করে ব্রিটিশ কলাম্বিয়া এবং অন্টারিওতে 400-সিরিজ হাইওয়েতে। ইউরোপের সব দেশেই হিচহাইক করা বৈধ এবং কিছু জায়গায় এমনকি উৎসাহিত করা হয়। যাইহোক, বিশ্বব্যাপী এমনকি যেখানে হিচহাইকিং অনুমোদিত, আইন অটোবান (জার্মানি), অটোস্ট্রেড (ইতালি), মোটরওয়ে (যুক্তরাজ্য এবং মহাদেশীয় ইউরোপ) বা আন্তঃরাজ্য মহাসড়ক (মার্কিন যুক্তরাষ্ট্র) যেখানে পথচারীদের নিষিদ্ধ করা হয় সেখানে হিচহাইকিং নিষিদ্ধ করে, যদিও প্রায়ই হিচহাইকাররা প্রবেশদ্বার এবং ট্রাক স্টপে রাইড পান যেখানে এটি ইতালি বাদে অন্তত ইউরোপ জুড়ে বৈধ। হিচহাইকিং এর নিরাপত্তা সংক্রান্ত সীমিত তথ্য পাওয়া যায়। ভাল নিরাপত্তা ডেটা কম্পাইল করার জন্য হিচহাইকারদের গণনা করা, রাইড গণনা করা এবং সমস্যা গণনা",,773e1b820203,1337
104,CONTRADICTED,numeral,200,"800,000","বাংলাদেশের 800,000শ'র মতো জাহাজ নির্মাণ কোম্পানি রয়েছে যেগুলো ঢাকা, চট্টগ্রাম, নারায়ণগঞ্জ, বরিশাল ও খুলনাকে কেন্দ্র করে গড়ে উঠেছে।","জাহাজ নির্মাণ বাংলাদেশের একটি সম্ভাবনাময় এবং ক্রমবিকাশমান শিল্প। আধুনিক যুগের শুরু থেকে বাংলাদেশে জাহাজ নির্মাণের একটি দীর্ঘ ইতিহাস থাকলেও স্থানীয়ভাবে তৈরি জাহাজ রপ্তানি করার মাধ্যমেই মুলতঃ সাম্প্রতিক বছরগুলোতে জাহাজ নির্মাণ একটি প্রধান প্রতিশ্রুতিশীল শিল্পে পরিণত হয়েছে। বাংলাদেশের 200শ'র মতো জাহাজ নির্মাণ কোম্পানি রয়েছে যেগুলো ঢাকা, চট্টগ্রাম, নারায়ণগঞ্জ, বরিশাল ও খুলনাকে কেন্দ্র করে গড়ে উঠেছে।

বাংলার নদীমাতৃক ভৌগোলিক অবস্থানের কারণে এ অঞ্চলের ব্যবসা বাণিজ্যের প্রয়োজনে জাহাজের ব্যবহার ছিল প্রাচীনকাল থেকেই। চৌদ্দ শতকের সময়ে মরক্কোর পরিব্রাজক ইবনে বতুতার যুদ্ধ জাহাজ ও সৈন্য-সামন্তসহ বাংলার বিভিন্ন বন্দরে আগমণ করেছিলেন। মধ্যযুগীয় ইউরোপীয় পরিব্রাজক সিজার ফ্রেডেরিক চট্টগ্রাম বন্দরে 15 শতকের সময় বড় জাহাজ নির্মাণের একটি হাব ছিল বলে নথিভুক্ত করেছেন। মোগল শাসনামলে জাহাজ নির্মাণ আরো ব্যপক পরিসর লাভ করে। তবে 17 শতকে তুরস্কের সুলতানের জন্য যুদ্ধজাহাজ নির্মাণে চট্টগ্রাম জাহাজ নির্মাণ এলাকা ব্যবহৃত হয়েছিল। কাঠের যুদ্ধ জাহাজের পরিবর্তে লৌহ নির্মিত যুদ্ধ জাহাজ তৈরি করা শুরু হয় উনিশ শতকের শেষভাগে। উনিশ শতক পর্যন্ত চট্টগ্রাম 1000 টন ধারণক্ষমতার জাহাজ নির্মাণে সক্ষম ছিল। 1979 সালে বিশ্ব খাদ্য সংস্থার অনুদানে বাংলাদেশ অভ্যন্তরীণ জলযান সংস্থার জন্য 8টি খাদ্য বহনযোগ্য জাহাজ নির্মাণ করে ব",,773e1b820203,1337
105,SUPPORTED,gold,,,"330এম স্ট্যান্ড-ল্যান কনটেইনার টার্মিনাল (ডিপি ওয়ার্ল্ড) এবং 4র্থ কনটেইনার টার্মিনাল (পোর্ট অফ সিঙ্গাপুর অথরিটি) এবং একটি উপগ্রহ বন্দর বা সহকারী বন্দর ভাধবান পয়েন্ট, জেএনপি নৌযান ও শিফার সহ সামুদ্রিক বাণিজ্যের জন্য উপযুক্ত সুযোগগুলির একটি স্থান খুলে দেয়, সারা পৃথিবীতে বিভিন্ন খাতে তাদের পণ্যসম্ভার বহন করতে।","জওহরলাল নেহেরু বন্দর ভারতের বৃহত্তম কন্টেইনার হ্যান্ডলিং বন্দর,দেশটির কন্টেইনারাইজড পণ্যের প্রায় 44% হস্তান্তর করা হয় এই বন্দর দ্বারা, গত পাঁচ বছরে ধারাবাহিকভাবে 4 মিলিয়ন টিইইউ কনটেইনার হ্যান্ডলিং-এর ঐতিহাসিক ল্যান্ডমার্ককে অতিক্রম করেছে বন্দরটি। ভারতের ওয়েস্ট কোস্টে হাব পোর্ট হিসাবে ভূমিকা, বিশ্বের শীর্ষ 100 কনটেইনার বন্দরের মধ্যে জওহরলাল নেহেরু বন্দর 31 তম। 2020-21 সালের মধ্যে কনটেইনার পরিবহন 10 মিলিয়ন টিইইউ অর্জনের একটি দীর্ঘমেয়াদী লক্ষ্যমাত্রা নির্ধারণ করা হয়, আরও দু'টি টার্মিনাল যোগ করার মাধ্যমে। 330এম স্ট্যান্ড-ল্যান কনটেইনার টার্মিনাল (ডিপি ওয়ার্ল্ড) এবং 4র্থ কনটেইনার টার্মিনাল (পোর্ট অফ সিঙ্গাপুর অথরিটি) এবং একটি উপগ্রহ বন্দর বা সহকারী বন্দর ভাধবান পয়েন্ট, জেএনপি নৌযান ও শিফার সহ সামুদ্রিক বাণিজ্যের জন্য উপযুক্ত সুযোগগুলির একটি স্থান খুলে দেয়, সারা পৃথিবীতে বিভিন্ন খাতে তাদের পণ্যসম্ভার বহন করতে। জওহরলাল নেহেরু বন্দর একটি পূর্ণাঙ্গ শুল্কভবন, 30 টি কনটেইনার মালবাহী স্টেশন এবং দেশব্যাপী 52 টি অভ্যন্তরীণ কনটেইনার ডিপোগুলির সাথে সংযোগ স্থাপন করে। রেল ও সড়ক উভয়ের সঙ্গে বন্দরটির সংযোগ ডেডিকেটেড মালবাহী কেরিয়ার (ডিএফসি) মতো চলমান প্রকল্পগুলির দ্বারা আরও জোরদার হচ্ছে, যা প্রতিদিনের 27 থেকে 100 টি ট্রেনের বৃদ্ধি বাড়িয়ে দেবে; মাল্টি-মডাল লজিস্টিক পার্ক (এমএমএলপি) এবং ব",,773e1b820203,1337
106,CONTRADICTED,unit,দিন,শতাংশ,তবে 15 নভেম্বর প্রথম ফেলুদা চরিত্রে অভিনয় করা খ্যাতনামা অভিনয়শিল্পী সৌমিত্র চট্টোপাধ্যায় মৃত্যুবরণ করলে আড্ডাটাইমস ট্রেইলার মুক্তির শতাংশ পিছিয়ে 21 নভেম্বর নির্ধারণ করে।,ফেলুদা ফেরত সত্যজিৎ রায়ের খ্যাতনামা গোয়েন্দা সিরিজ ফেলুদার উপর নির্মিত ওয়েব সিরিজ। আড্ডাটাইমসের প্ল্যাটফর্মে নির্মিত এ ওয়েব সিরিজ পরিচালনা করছেন সৃজিত মুখোপাধ্যায়। ফেলুদা চরিত্রে প্রথমবারের মত অভিনয় করছেন টোটা রায় চৌধুরী। একইসাথে লালমোহন গাঙ্গুলি চরিত্রে অনির্বান সেনগুপ্ত এবং তোপসের চরিত্রে দেখা যাবে কল্পন মিত্রকে। 31 ডিসেম্বর 2019 তারিখে নতুন ফেলুদা চরিত্রদের প্রথম দর্শন (ফার্স্ট লুক) প্রকাশ করা হয়। 2রা মে সত্যজিৎ রায়ের জন্মশতবার্ষিকীর দিন সন্দীপ রায় অনলাইনে সিরিজটির সূচনা সঙ্গীতের উদ্বোধন করেন। প্রতিটি গল্প ছয়টি পর্ব করে দেখানো হবে। 7 নভেম্বর সিরিজটির প্রথম কাহিনি ছিন্নমস্তার অভিশাপ এর প্রথম দর্শন পোস্টার মুক্তি পায়। পরে 16 নভেম্বর ট্রেলার মুক্তি দেয়া হবে বলে প্রাথমিকভাবে ঘোষণা দেয়া হয়। তবে 15 নভেম্বর প্রথম ফেলুদা চরিত্রে অভিনয় করা খ্যাতনামা অভিনয়শিল্পী সৌমিত্র চট্টোপাধ্যায় মৃত্যুবরণ করলে আড্ডাটাইমস ট্রেইলার মুক্তির দিন পিছিয়ে 21 নভেম্বর নির্ধারণ করে। ঐদিন প্রথম মৌসুম ছিন্নমস্তার অভিশাপ এবং এর পরদিন দ্বিতীয় মৌসুম যত কাণ্ড কাঠমাণ্ডুতের ট্রেলার মুক্তি দেওয়া হয়। 2020 সালের বড়দিনে ধারাবাহিকের প্রথম মৌসুম ছিন্নমস্তার অভিশাপ মুক্তি লাভ করে।প্রাথমিকভাবে ছিন্নমস্তার অভিশাপ এবং যত কাণ্ড কাঠমান্ডুতে কাহিনী নিয়ে ওয়েব সিরিজ নির্মাণ করবেন সৃজিত। ফেলুদার স্রষ্টা সত্যজি,,773e1b820203,1337
107,CONTRADICTED,entity,বিতর্কিত,সহায়তার,অ্যালিস চরিত্রটিকে অ্যালিস লিডেল হিসেবে প্রতিপন্ন করার ব্যাপারটা যথেষ্ট সহায়তার।,"অ্যালিস চরিত্রটিকে অ্যালিস লিডেল হিসেবে প্রতিপন্ন করার ব্যাপারটা যথেষ্ট বিতর্কিত। বহু সমালোচক চরিত্রটিকে অ্যালিস লিডেল বা তার দ্বারা অনুপ্রাণিত বলে মনে করেন। অন্যদিকে আবার এর বিরোধে অনেকে বলেন যে, ক্যারল তার গল্পের মুখ্য চরিত্র ও লিডেলকে পৃথক মনে করেন। ক্যারলের মতে, তার চরিত্রটি বাস্তবের কোনো শিশুর ওপর ভিত্তি করে নির্মিত হয়নি, এটি সম্পূর্ণ একটি কাল্পনিক চরিত্র। অ্যালিস' অ্যাডভেঞ্চার্স ইন ওয়ান্ডারল্যান্ড-এর প্রথম খসড়া অ্যালিস' অ্যাডভেঞ্চার্স আন্ডারগ্রাউন্ড-এ অ্যালিস চরিত্রটির প্রথম আবির্ভাব। 1862 সালের 4ঠা জুলাইয়ের এক সন্ধ্যায় বন্ধু রবিনসন ডাকওয়ার্থ-এর সাথে নৌকাভ্রমণকালে লিডেল বোনেদের মনোরঞ্জনের জন্য গল্প বলা শুরু করেন। এই ধারা পরবর্তী নৌকাবিহারেও বজায় ছিল এবং এখান থেকেই এই আন্ডারগ্রাউন্ড কাহিনিটির উৎপত্তি। পরে দশম বর্ষীয়া অ্যালিস লিডেলের আবদারে ক্যারল গল্পটিকে লিখিত রুপ দেন, যা 1863 সালের ফেব্রুয়ারিতে সম্পন্ন হয়। আন্ডারগ্রাউন্ড গল্পে 37টি ছবি রয়েছে, যার মধ্যে 27টিতে অ্যালিস রয়েছে। ছবির অ্যালিসের সঙ্গে অ্যালিস লিডেলের খুব সামান্য মিল থাকায় ধরা হয় যে অ্যালিসের ছোটো বোন এডিথকে হয়তো এই ছবির জন্য মডেল হিসেবে নেওয়া হয়েছিল। ক্যারলের অ্যালিস টিউনিক পরে অন্যদিকে লিডেল বোনেরা সেলাই করা কাপড় পরত। গল্পের ছবিগুলিতে প্রাক-রাফায়েলীয় চিত্রকর দান্তে গেব্রিয়েল রোসেটি এবং আর্থার ",,773e1b820203,1337
108,CONTRADICTED,polarity,,না,"ফাইন্ডিং নিমো হল ওয়াল্ট ডিজনি পিকচার্স প্রযোজিত এবং পিক্সার অ্যানিমেশন স্টুডিও দ্বারা নির্মিত একটি কম্পিউটার এ্যানিমেটেড কমেডি,ড্রামা ও অ্যাডভেঞ্চারধর্মী চলচ্চিত্র যা 2003 সালে মুক্তি পায় না।","ফাইন্ডিং নিমো হল ওয়াল্ট ডিজনি পিকচার্স প্রযোজিত এবং পিক্সার অ্যানিমেশন স্টুডিও দ্বারা নির্মিত একটি কম্পিউটার এ্যানিমেটেড কমেডি,ড্রামা ও অ্যাডভেঞ্চারধর্মী চলচ্চিত্র যা 2003 সালে মুক্তি পায়। এর পুরো কাহিনি আবর্তিত হয় নিমো নামের একটি ছোট্ট কৌতূহলপ্রবণ বাচ্চা ক্লাউনফিশকে ঘিরে,যার অতিরক্ষণশীল বাবা মার্লিন, ডোরি নামের একটি নীল সার্জনফিশকে সাথে নিয়ে তার অপহৃত পুত্রসন্তানকে সিডনি বন্দরের পথে খুঁজে বেড়ায়। এর মাঝেই মার্লিন তার সন্তানের ঝুঁকিকে সহজভাবে নিতে শেখে এবং নিমোকে নিজের খেয়াল রাখতে দেয়ার জন্য মানসিকভাবে প্রস্তুত হয়।

ছবিটি 2012 সালের 14ই সেপ্টেম্বর থ্রিডি ফরমেটে দ্বিতীয়বার মুক্তি পায় এবং 4ই ডিসেম্বর ব্লুরে ডিভিডিতে বাজারে আসে। সমালোচকদের কাছ থেকে ব্যাপকভাবে প্রশংসা পাওয়া এ ছবিটি একাডেমী এওয়ার্ডে সেরা অ্যানিমেটেড চলচ্চিত্র বিভাগে পুরস্কার এবং বেস্ট স্ক্রিনিং বিভাগেও মনোনীত হয়। 2003 সালে সর্বোচ্চ আয় করা চলচ্চিত্রগুলোর মধ্যে এটির অবস্থান দ্বিতীয়। এছাড়াও সর্বকালের সবচেয়ে বেশি ডিভিডি কপি বিক্রির গৌরবও এই ছবিটির অর্জনের ঝুলিতে রয়েছে।",,773e1b820203,1337
109,NEUTRAL,cross_passage,,,2010 সালে 29 জন পুরুষের উপর করা গবেষণা প্রকাশিত হয় ফার্টিলিটি এবং র্স্টারিলিটিতে।,"দারাজ দক্ষিণ এশিয়া এবং দক্ষিণ পূর্ব এশিয়ার একটি লজিস্টিকস (মালামালের সরবরাহ করে এমন) কোম্পানি এবং অনলাইন মার্কেটপ্লেস। 2012 সালে পাকিস্তানে দারাজ প্রতিষ্ঠিত হয়। রকেট ইন্টারনেটের উদ্যোগে মুনীব ময়ূর (প্রতিষ্ঠাতা) এবং ফারেস শাহ্ (সহ-প্রতিষ্ঠাতা) দারাজকে অনলাইন ই-কমার্স ফ্যাশন হিসেবে প্রতিষ্ঠিত করে। বাংলাদেশ, মায়ানমার, শ্রীলঙ্কা, পাকিস্তান এবং নেপালে তাদের পরিষেবা প্রদান করে।বুজার্কি মিক্কিলেসেন দারাজের বর্তমান প্রধান নির্বাহী কর্মকর্তা। রকেট ইন্টারনেট 2018 সালে চীনের আলিবাবা গ্রুপের কাছে ই-কমার্স কোম্পানি দারাজ গ্রুপকে বিক্রি করে দেয়।2012 সালে মুনীব ময়ূর (প্রতিষ্ঠাতা) ও ফরিস শাহ (সহ-প্রতিষ্ঠাতা) ফ্যাশন খুচরা বিক্রেতা প্রতিষ্ঠান হিসেবে দারাজ প্রতিষ্ঠিত করেন এবং সেই সময় মুনীব রকেট ইন্টারনেটে কাজ করতেন। দারাজের প্রাথমিক অর্থায়ন এবং কাজ রকেট ইন্টারনেট করছিল। তবে পরে এটি 2015 সালে বাংলাদেশ এবং মিয়ানমারে যাত্রা শুরু করলে একটি সাধারণ বাজার কৌশল এবং ব্যবসায়িক মডেলে রূপান্তরিত হয়।
2015 সালের সেপ্টেম্বর মাসে কোম্পানিটি যুক্তরাজ্যের রাষ্ট্রীয় মালিকানাধীন ডেভেলপমেন্ট ফাইন্যান্স ইন্সটিটিউট থেকে 50 মিলিয়ন ইউরো বিনিয়োগ লাভ করে।
2016 সালের জুলাই মাসে দারাজ কায়মুকে অধিগ্রহণ করে।2018 সালের মে মাসে আলিবাবা গ্রুপ দারাজকে কিনে নেয়। 2015 সালে 'দারাজ বাংলাদেশ' নামে বাংলাদেশে দারাজের কার্যক্",,773e1b820203,1337
110,CONTRADICTED,relation_order,সূর্য->শুক্রের,শুক্রের->সূর্য,"যেহেতু শুক্রের থেকে সূর্য দূরত্ব পৃথিবীর চেয়ে কম, সেহেতু পৃথিবীর দিক থেকে সূর্য উদিত হয় (সূর্যের বৃহত্তম প্রতান হচ্ছে 47.8 ডিগ্রী) শুক্রও প্রায় একই দিক থেকে উদিত হয়।","সব গ্রহের কক্ষপথ উপবৃত্তাকার হলেও শুক্রের কক্ষপথ প্রায় গোলাকার। এর উৎকেন্দ্রিকতা শতকরা এক ভাগেরও কম। যেহেতু সূর্য থেকে শুক্রের দূরত্ব পৃথিবীর চেয়ে কম, সেহেতু পৃথিবীর দিক থেকে সূর্য উদিত হয় (সূর্যের বৃহত্তম প্রতান হচ্ছে 47.8 ডিগ্রী) শুক্রও প্রায় একই দিক থেকে উদিত হয়। এজন্য এই গ্রহটিকে কেবল সূর্যোদয়ের কয়েক ঘণ্টা আগে এবং সূর্যাস্তের কয়েক ঘণ্টা পরে দেখা যায়। অবশ্য যখন শুক্র তার উজ্জ্বলতম অবস্থায় থাকে তখন দিনের বেলায়ও একে দেখা যায়। আসলে চাঁদ ছাড়া শুক্র গ্রহই একমাত্র জ্যোতিষ্ক যা পৃথিবীর আকাশ থেকে রাত এবং দিন উভয় সময়েই দেখা যায়। অবশ্য ক্ষেত্রবিশেষে কিছু নবতারা রাত ও দিন উভয় সময়ে দেখা যায়। যেমন, কাঁকড়া নীহারিকা সৃষ্টিকারী নবতারা। যাহোক অন্ধাকার আকাশে দৃশ্যমান শুক্র গ্রহ দেখাতে অনেকটাই তারার মত জ্বলজ্বলে হয়ে থাকে। 
 
পরপর দুটি সর্বোচ্চ প্রতানের মধ্যবর্তী চক্রটির সময়কাল 584 দিন। এই 584 দিন পর শুক্র গ্রহকে পূর্বে যে অবস্থানে দেখা যেত তার সাথে 72 ডিগ্রী কোণ করে অবস্থান করতে দেখা যায়। যেহেতু 5 * 584 = 2920 = 8 * 365 সেহেতু দেখা যাচ্ছে শুক্র গ্রহ প্রতি 8 বছর পরপর (লীপ ইয়ারের দুই দিন বাদে) তার আগের অবস্থানে ফিরে আসে। এই চক্রটি প্রাচীন গ্রিক সভ্যতায় সোথিক্স চক্র নামে পরিচিত ছিল এবং মায়া সভ্যতার নিকটও তা সুপরিচিত ছিল। চাঁদের সাথেও এর একটি সম্পর্ক রয়েছে, যেমন: 29.5 * 99 =",,773e1b820203,1337
111,CONTRADICTED,polarity,,না,"এই উপপাদ্যমতে, কোন একটি সমকোণী ত্রিভুজের অতিভুজের উপর অঙ্কিত বর্গক্ষেত্রের ক্ষেত্রফল ঐ ত্রিভুজের অপর দুই বাহুর উপর অঙ্কিত বর্গক্ষেত্রদ্বয়ের ক্ষেত্রফলের সমষ্টির সমান না।","গণিতে পিথাগোরাসের উপপাদ্য বা পিথাগোরিয়ান থিউরেম হল ইউক্লিডীয় জ্যামিতির অন্তর্ভুক্ত সমকোণী ত্রিভুজের তিনটি বাহু সম্পর্কিত একটি সম্পর্ক। এই উপপাদ্যটি গ্রিক গণিতবিদ পিথাগোরাসের নামানুসারে করা হয়েছে, যাকে ঐতিহ্যগতভাবে এই উপপাদ্যদের আবিষ্কারক ও প্রমাণকারী হিসেবে গণ্য করা হয়। তবে উপপাদ্যটির ধারণা তার সময়ের আগে থেকেই প্রচলিত ছিল। চীনে এই উপপাদ্যটি ""গোউযু থিউরেম"" হিসেবে প্রচলিত যা 3, 4 ও 5 বাহু বিশিষ্ট ত্রিভুজের ক্ষেত্রে প্রযোজ্য।

এই উপপাদ্যমতে, কোন একটি সমকোণী ত্রিভুজের অতিভুজের উপর অঙ্কিত বর্গক্ষেত্রের ক্ষেত্রফল ঐ ত্রিভুজের অপর দুই বাহুর উপর অঙ্কিত বর্গক্ষেত্রদ্বয়ের ক্ষেত্রফলের সমষ্টির সমান।",,773e1b820203,1337
112,CONTRADICTED,unit,মিটার,l,বর্তমানে তিনি টি44 শ্রেণীর প্রতিযোগিতায় 200 l ও 400 মিটার দৌঁড় বিষয়ে বিশ্বরেকর্ডের অধিকারী।,"অস্কার লিওনার্দ কার্ল পিস্টোরিয়াস (জন্ম: 22 নভেম্বর, 1986) দক্ষিণ আফ্রিকায় জন্মগ্রহণকারী বিখ্যাত দৌড়বিদ। তার দুই পা নেই; ফলে তিনি টি43 শ্রেণীভূক্ত হওয়া স্বত্ত্বেও টি44 শ্রেণীভূক্ত দলের দৌড় প্রতিযোগিতায় অংশগ্রহণ করেন। বর্তমানে তিনি টি44 শ্রেণীর প্রতিযোগিতায় 200 মিটার ও 400 মিটার দৌঁড় বিষয়ে বিশ্বরেকর্ডের অধিকারী। এছাড়াও, যুগ্মভাবে টি43 শ্রেণীর 100 মিটার দৌড়ের বিশ্বরেকর্ডেও ভাগ বসিয়েছেন।",,773e1b820203,1337
113,CONTRADICTED,numeral,22,"6,200","স্পেনীয় ভাষা 6,200টি দেশের সরকারি ভাষা: আর্জেন্টিনা, বলিভিয়া (কেচুয়া ও আইমারা-র সাথে সহসরকারী), চিলি, কলম্বিয়া, কোস্টা রিকা, কিউবা, ডমিনিকান প্রজাতন্ত্র, ইকুয়েডর, এল সালভাদোর, নিরক্ষীয় গিনি (ফরাসি-র সাথে সহসরকারী), গুয়াতেমালা, হন্ডুরাস, মেক্সিকো, নিকারাগুয়া, পানামা, প্যারাগুয়ে (গুয়ারানি-র সাথে সহসরকারী), পেরু (কেচুয়া ও আইমারা-র সাথে সহসরকারী), পুয়ের্টো রিকো (ইংরেজির সাথে সহসরকারী), স্পেন (কিছু কিছু অঞ্চলে কাতালান, গালিসীয় ও বাস্কের সাথে সহসরকারী), উরুগুয়ে, ভেনেজুয়েলা, এবং পশ্চিম সাহারা (আরবি-র সাথে সহসরকারী)।","স্পেনীয় ভাষা 22টি দেশের সরকারি ভাষা: আর্জেন্টিনা, বলিভিয়া (কেচুয়া ও আইমারা-র সাথে সহসরকারী), চিলি, কলম্বিয়া, কোস্টা রিকা, কিউবা, ডমিনিকান প্রজাতন্ত্র, ইকুয়েডর, এল সালভাদোর, নিরক্ষীয় গিনি (ফরাসি-র সাথে সহসরকারী), গুয়াতেমালা, হন্ডুরাস, মেক্সিকো, নিকারাগুয়া, পানামা, প্যারাগুয়ে (গুয়ারানি-র সাথে সহসরকারী), পেরু (কেচুয়া ও আইমারা-র সাথে সহসরকারী), পুয়ের্টো রিকো (ইংরেজির সাথে সহসরকারী), স্পেন (কিছু কিছু অঞ্চলে কাতালান, গালিসীয় ও বাস্কের সাথে সহসরকারী), উরুগুয়ে, ভেনেজুয়েলা, এবং পশ্চিম সাহারা (আরবি-র সাথে সহসরকারী)। জাতিসংঘের ছয়টি প্রাতিষ্ঠানিক কার্যকরী ভাষার মধ্যে স্পেনীয় একটি। এটি ইউরোপীয় ইউনিয়নেরও একটি প্রাতিষ্ঠানিক ভাষা।",,773e1b820203,1337
114,CONTRADICTED,relation_order,"6,000->15,000","15,000->6,000","যেখানে সাধারণ বাতির গড় আয়ু 750 ঘণ্টা থেকে 1,500 ঘণ্টা সেখানে একটি বিদ্যুৎ সাশ্রয়ী বাতির আয়ু 15,000 থেকে 6,000 ঘণ্টা।","সাধারণ 100 ওয়াটের একটি বাতি থেকে যে পরিমাণ আলো পাওয়া যায় একটি বিদ্যুৎ সাশ্রয়ী বাতি সেই পরিমাণ আলো দিতে 23 ওয়াট বিদ্যুৎ শক্তি ব্যবহার করে। 60 ওয়াটের সাধারণ বাতির সমান হলো 11 ওয়াটের বিদ্যুৎ সাশ্রয়ী বাতি। একইভাবে 40 ওয়াটের সাধারণ বাতির জায়গায় একটি 8 ওয়াটের বিদ্যুৎ সাশ্রয়ী বাতি ব্যবহার করাই যথেষ্ট। বাসা-বাড়ী, অফিস বা সড়কে বিদ্যুৎ সাশ্রয়ী বাতি ব্যবহারের বেশ কিছু সুবিধা রয়েছে। যেমনঃ বিদ্যুৎ সাশ্রয়ী বাতি ব্যবহারের জন্য বিশেষ কোনো হোল্ডার বা ব্যালাস্টের প্রয়োজন নেই। এ ছাড়াও লক্ষণীয় যে, এই বাতির আলো টিউব লাইটের আলোর মতোই। সাধারণ টিউব লাইটের ক্ষেত্রে দেখা যায়, যদি টিউব লাইটের কোনো সমস্যা হয় এটা হতে পারে টিউবের ক্ষেত্রে বা ব্যালাস্টের ক্ষেত্রে। তখন একজন ইলেক্ট্রিশিয়ানের প্রয়োজন হয় এবং এ জন্য বাড়তি খরচ হয়। কিন্তু বিদ্যুৎ সাশ্রয়ী বাতির ক্ষেত্রে এ ধরনের কোনো সমস্যা নেই। এই বাল্ব নষ্ট হয়ে গেলে নিজেরাই প্রতিস্থাপন করা যায়। বিদ্যুৎ সাশ্রয়ী বাতির দাম বড় সুবিধা হলো এটি কম ভোল্টেজেও আলো দেয়। কিন্তু টিউব লাইটের ক্ষেত্রে দেখা যায় ভোল্টেজ কম হলে আলো দেয় না। বিদ্যুৎ সাশ্রয়ী বাতির দাম তুলনামূলকভাবে একটু বেশি হলেও সাধারণ বাল্বের তুলনায় দীর্ঘমেয়াদি এবং বেশি আলো দেয়ার কারণে একবার বেশি টাকা দিয়ে কিনলে আর ঝামেলা থাকে না। সাধারণ বাতির তুলনায় এর গড় আয়ু 8 থেকে 15 গুণ পর্",,773e1b820203,1337
115,NEUTRAL,cross_passage,,,জেট এয়ারওয়েজ এর পরিকল্পনার অংশ হিসেবে নিজেকে পূর্বের মত একটি অভিন্ন পূর্ণ সেবা অপারেটর প্রতিষ্ঠা করার জন্য এই সংস্থাটিকে ডিসেম্বর 2014 সালে বন্ধ করা হয়।,"বর্তমান জীবনে যদিও অপ্রকৃত বাস্তবতা কেবলমাত্র বিকশিত হতে শুরু করেছে, ধারণা করা হচ্ছে যে আগামী প্রাত্যহিক জীবনে এটি প্রচণ্ড প্রভাব ফেলবে। ভবিষ্যতে যখন অপ্রকৃত বাস্তবতা অনেক বেশি সহজলভ্য হয়ে যাবে তখন তা বিনোদন থেকে শুরু করে যোগাযোগ পর্যন্ত প্রায় সকল ক্ষেত্রেই প্রভাব ফেলবে। বিভিন্ন পেশা ও গবেষণায় অপ্রকৃত বাস্তবতার প্রয়োগের ফলে সমাজে এর ইতিবাচক ও নেতিবাচক এবং উভয় ধরনের প্রভাব পড়বে বলে ধারণা করছেন বিশেষজ্ঞরা।
চিকিৎসাক্ষেত্রে অপ্রকৃত বাস্তবতা প্রয়োগ করে বিভিন্ন ধরনের ভুল ও ঝুঁকি এড়ানো সম্ভব। যেমন- ছদ্মায়িত শল্যচিকিৎসার (সিম্যুলেটেড সার্জারি) মাধ্যমে নতুন ডাক্তার ও চিকিৎসাবিজ্ঞানের শিক্ষার্থীদের প্রশিক্ষণ দেওয়া সম্ভব। আবার ছদ্মায়িত রোগীর উপর নতুন চিকিৎসা পদ্ধতি পরীক্ষামূলকভাবে প্রয়োগ করাও সম্ভব।
সামরিক বাহিনীতে অনেক বছর যাবৎ সামরিক প্রশিক্ষণে উড্ডয়ন ছদ্মায়ক (ফ্লাইট সিমুলেটর) ব্যবহৃত হয়ে আসছে। অপ্রকৃত বাস্তবতা ব্যবহার করে প্রচলিত উড্ডয়ন ছদ্মায়কগুলির আরও উন্নতি সাধন করা সম্ভব। এছাড়াও অপ্রকৃত বাস্তবতার মাধ্যমে ছদ্মায়িত যুদ্ধ দ্বারা সৈন্যদের অনেক বেশি বাস্তব ও উন্নত প্রশিক্ষণ দেওয়া সম্ভব।
ব্যবসা বাণিজ্যেও অপ্রকৃত বাস্তবতা ব্যবহার করে তথ্য ও যোগাযোগ ব্যবস্থাকে আরও সহজ করা সম্ভব। অপ্রকৃত বাস্তবতা ব্যবহারকারী নথি দেরাজ (ফাইল ক্যাবিনেট) দিয়ে কম্পিউটার ডেস্কটপে তথ্য খুঁজতে হবে",,773e1b820203,1337
116,CONTRADICTED,date,1991,1973,খাইটে সারা কিম ইয়ানসেন 1973 সালের 25শে নভেম্বর তারিখে নেদারল্যান্ডসের রটার্ডামে জন্মগ্রহণ করেছেন।,"খাইটে সারা কিম ইয়ানসেন (খাইটে ইয়ানসেন নামে সুপরিচিত; জন্ম: 25 ডিসেম্বর 1991) হলেন একজন ওলন্দাজ অভিনেত্রী। তিনি আর্টহাউস চলচ্চিত্র 170 হার্জ-এ এভি নামক জর্জরিত বধির কিশোরী চরিত্রে, দ্য প্রাইস অব সুগারে সারিথ চরিত্রে এবং 2018 সালে বিবিসি ওয়ানে সম্প্রচারিত ঐতিহাসিক অপরাধ নাট্য ধারাবাহিক পিকি ব্লাইন্ডার্সে তাতিয়ানা পেত্রোভনা চরিত্রে অভিনয় করার জন্য সুপরিচিত। খাইটে সারা কিম ইয়ানসেন 1991 সালের 25শে নভেম্বর তারিখে নেদারল্যান্ডসের রটার্ডামে জন্মগ্রহণ করেছেন। ইয়ানসেন মানস্ট্রিখট অ্যাকাডেমি অব ড্রামাটিক আর্টস হতে পেশাগত প্রশিক্ষণ গ্রহণ করেছেন। 
মাত্র 12 বছর বয়সে, ইয়ানসেন লুয়টে চরিত্রে অভিনয়ের জন্য আমস্টারডামের 48 ঘন্টা চলচ্চিত্র প্রকল্পে সেরা অভিনেত্রীর পুরস্কার জয়লাভ করেছেন। তিনি 2010 সালে বিটিপুলের ওলন্দাজ সংস্করণ ইন থেরাপি-এ একজন আত্মঘাতী মেয়ের চরিত্রে অভিনয় করেছিলেন। 2011 সালে মুক্তিপ্রাপ্ত আর্টহাউস চলচ্চিত্র 170 হার্জ-এ একজন সমস্যায় জর্জরিত বধির কিশোরীর চরিত্রে অভিনয় করে বেশ প্রশংসিত হয়েছিলেন, উক্ত চরিত্রের জন্য তিনি সিয়াটল চলচ্চিত্র উৎসব এবং নেদারল্যান্ডস চলচ্চিত্র উৎসবে সেরা অভিনেত্রী বিভাগে মনোনয়ন অর্জন করেছিলেন। সুপারনোভা চলচ্চিত্রে তিনি কেন্দ্রীয় চরিত্রে অভিনয় করেছেন, যা 2014 সালে বার্লিনেল চলচ্চিত্র উৎসবে জেনারেশন প্রতিযোগিতার জন্য নির্বাচিত হয়েছিল।

2014 সাল",,773e1b820203,1337
117,CONTRADICTED,unit,মাস,পাউন্ড,"আধুনিক ঘড়িগুলোতে কেবল সময়ই দেখা যায় না, সাথে সাথে তারিখ, পাউন্ড এবং বছরও দেখা যায়।","হাতঘড়ি হল একটি কালপরিমাপক যন্ত্র, যা সাধারণত হাতের কব্জিতে পরিধান করা হয়। হাতঘড়ি হাতের সাথে বেল্ট বা কোন প্রকার বন্ধনী দিয়ে সংযুক্ত থাকে। আধুনিক ঘড়িগুলোতে কেবল সময়ই দেখা যায় না, সাথে সাথে তারিখ, মাস এবং বছরও দেখা যায়। ইলেকট্রনিক ঘড়ি আরো অনেক রকম কাজ করতে পারে।
বেশিরভাগ সস্তা ও মাঝারি দামের ঘড়ি মূলত সময় দেখার কাজে ব্যবহৃত হয় এবং এরা কোয়ার্তজের তৈরি ইলেকট্রনিক ঘড়ি। কেবল সময়রক্ষণ নয়, বরং ঘড়ির কারিগরী উৎকর্ষ এবং সৌন্দর্যই ঘড়ি সংগ্রাহকদের কাঙ্ক্ষিত। এ ধরনের ঘড়িতে সাধারণত যান্ত্রিক গতি থাকে এবং স্প্রিং দিয়ে দম দিতে হয়, যার ফলে এরা কোয়ার্তজ ঘড়ির মত সঠিক সময় দিতে পারে না।
20শ শতাব্দীতে ঘড়ির আকার ছোট হয়ে আসবার আগে পকেট ঘড়ির সুপ্রচলিত ছিল, যা পকেটে নিয়ে ঘুড়ে বেড়ানো যেত এবং সাধারণত একটি চেইন দিয়ে আটকানো থাকত। হাতঘড়ির উদ্ভব হয় 1600 সালে স্প্রিঙ এ দম দেয়া ঘড়ি থেকে, যার প্রচলন হয় 1400 সালের দিকে।
গতি হচ্ছে ঘড়ির একধরনের বিশেষ যন্ত্রকৌশল যা দ্বারা সময়ের পরিক্রমা এবং বর্তমান সময় জানা যায়। এছাড়াও তারিখ, মাস, দিন, এবং বছরও জানা যায়। ঘড়ির গতিকে এর কৌশলের উপর নির্ভর করে বিভিন্ন ভাগে বিভক্ত করা হয়। একটি ঘড়ি সম্পূর্ণভাবে যান্ত্রিক গতি নির্ভর হতে পারে। অথবা পুরোপুরি ইলেকট্রনিক গতি দিয়ে চলতে পারে। আবার যান্ত্রিক এবং ইলেকট্রনিক গতির সমন্বয়ে একটি ঘড়ি চলতে পারে।",,773e1b820203,1337
118,CONTRADICTED,unit,বছর,মাইল,"বিশ্বের সবচেয়ে ব্যাপকভাবে প্রচলিত বর্ষপঞ্জি হল গ্রেগরীয় বর্ষপঞ্জি, আর তাতে নতুন মাইল শুরু হয় জানুয়ারির 1 তারিখে (নতুন বছরের দিন)।","নববর্ষ বা নতুন বছর হল সেই সময় বা দিন যখন থেকে একটি নতুন পঞ্জিকার বছর শুরু হয় এবং পঞ্জিকার বছরের গণনা এক এক করে বৃদ্ধি হয়।

অনেক জাতিই বেশকিছু সাংস্কৃতিক আচার-অনুষ্ঠানের মাধ্যমে দিনটি উদ্যাপন করে এবং জানুয়ারীর প্রথম দিনটি প্রায়শই জাতীয় ছুটির দিন হিসাবে ঘোষণা করা হয়েছে।

বিশ্বের সবচেয়ে ব্যাপকভাবে প্রচলিত বর্ষপঞ্জি হল গ্রেগরীয় বর্ষপঞ্জি, আর তাতে নতুন বছর শুরু হয় জানুয়ারির 1 তারিখে (নতুন বছরের দিন)। রোমান বর্ষপঞ্জি (কমপক্ষে 713 খ্রিস্টপূর্বাব্দে) এবং জুলীয় বর্ষপঞ্জি উভয় ক্ষেত্রে এটি একই ছিল।

বিশ্বের বিভিন্ন অংশে ঐতিহাসিকভাবে অন্যান্য ভিন্ন বর্ষপঞ্জি ব্যবহৃত হয়েছে; কিছু বর্ষপঞ্জির সংখ্যা গণনা করা হয়, আবার কিছুর গণনা করা হয় না।

মধ্যযুগে পশ্চিম ইউরোপের দেশ গুলিতে যখন জুলীয় বর্ষপঞ্জি ব্যবহার করা হত, বিভিন্ন অঞ্চলে স্থানীয়র উপর নির্ভর করে বিভিন্ন সময়ে নববর্ষ গণনা করা হত; যেমন 1 মার্চ, 25 মার্চ, 1 সেপ্টেম্বর, 25 ডিসেম্বর। 1582 সালে গ্রেগরীয় বর্ষপঞ্জী চালু করা হয় এবং পুরাতন পদ্ধিতি ও নতুন পদ্ধতির তারিখগুলোতে যথেষ্ট পরিবর্তন সাধিত হয় যার ফলে নতুন বছরের জন্য বিভিন্ন স্থানীয় তারিখের বদলে একটি নির্দিষ্ট তারিখ (1 জানুয়ারি) প্রবর্তিত হয়।
রোমান প্রজাতন্ত্র এবং রোমান সাম্রাজ্যের সময় প্রত্যেক কনসাল বা শাসক প্রথম দপ্তরে বসার দিন থেকে বছরের দিন গণনা শুরু হয়েছিল। এটি সম্ভবত খ",,773e1b820203,1337
119,CONTRADICTED,entity,কারণ,সার্কাস,"তরঙ্গ-কণা দ্বৈততা হল কোনো তড়িৎচুম্বকীয় তরঙ্গ-এর একইসঙ্গে তরঙ্গ ও কণা উভয়ের অনুরূপ আচরণ করার প্রবণতা।কেবলমাত্র তরঙ্গধর্ম বা কেবলমাত্র কণাধর্ম ব্যবহার করে কোনো তড়িৎচুম্বকীয় তরঙ্গ-এরই আচরণসমূহ সম্পূর্ণভাবে ব্যাখ্যা করা যায় না।তাই এই তত্ত্বের উৎপত্তি হয়েছে।তড়িৎচুম্বকীয় তরঙ্গগুলির অপবর্তন,সমাবর্তন,প্রতিফলন,বিচ্ছুরণ,প্রতিসরণ প্রভৃতি ধর্মসমূহের সঠিক সার্কাস জানতে হলে কাজে লাগাতে হবে তরঙ্গধর্ম,আবার আলোক-তড়িৎ ক্রিয়া,কৃষ্ণবস্তু বিকিরণ,তাপের প্রভাবে বর্ণ পরিবর্তন ইত্যাদি ঘটনার সঠিক ব্যাখ্যা দেয় তরঙ্গের কণাধর্ম।তরঙ্গ-কণা দ্বৈতটি সম্পূর্ণরূপে কোয়ান্টাম বলবিদ্যার ধারণা।এটি কোয়ান্টাম-স্কেল অবজেক্টের আচরণকে পুরোপুরি বর্ণনা করার জন্য সনাতন বলবিদ্যার শুধুমাত্র ""কণা"" বা ""তরঙ্গ""-এর ধারণার অক্ষমতা প্রকাশ করে।","তরঙ্গ-কণা দ্বৈততা হল কোনো তড়িৎচুম্বকীয় তরঙ্গ-এর একইসঙ্গে তরঙ্গ ও কণা উভয়ের অনুরূপ আচরণ করার প্রবণতা।কেবলমাত্র তরঙ্গধর্ম বা কেবলমাত্র কণাধর্ম ব্যবহার করে কোনো তড়িৎচুম্বকীয় তরঙ্গ-এরই আচরণসমূহ সম্পূর্ণভাবে ব্যাখ্যা করা যায় না।তাই এই তত্ত্বের উৎপত্তি হয়েছে।তড়িৎচুম্বকীয় তরঙ্গগুলির অপবর্তন,সমাবর্তন,প্রতিফলন,বিচ্ছুরণ,প্রতিসরণ প্রভৃতি ধর্মসমূহের সঠিক কারণ জানতে হলে কাজে লাগাতে হবে তরঙ্গধর্ম,আবার আলোক-তড়িৎ ক্রিয়া,কৃষ্ণবস্তু বিকিরণ,তাপের প্রভাবে বর্ণ পরিবর্তন ইত্যাদি ঘটনার সঠিক ব্যাখ্যা দেয় তরঙ্গের কণাধর্ম।তরঙ্গ-কণা দ্বৈতটি সম্পূর্ণরূপে কোয়ান্টাম বলবিদ্যার ধারণা।এটি কোয়ান্টাম-স্কেল অবজেক্টের আচরণকে পুরোপুরি বর্ণনা করার জন্য সনাতন বলবিদ্যার শুধুমাত্র ""কণা"" বা ""তরঙ্গ""-এর ধারণার অক্ষমতা প্রকাশ করে। অ্যালবার্ট আইনস্টাইন লিখেছেন: ""আমার মনে হয় যে আমাদের কখনো কখনও একটি তত্ত্ব (তরঙ্গতত্ত্ব) এবং কখনও কখনও অন্যটি (কণাতত্ত্ব) ব্যবহার করতে হবে, যদিও মাঝে মাঝে আমরা এই দুটি তত্ত্বকেই একত্রে ব্যবহার করতে পারি। আমরা একটি নতুন ধরনের পদ্ধতি খুঁজে পেয়েছি। আমাদের বাস্তবে দুটি দ্বন্দ্বপূর্ণ ছবি আছে;এই উভয় প্রকার ঘটনার ব্যাখা কণাতত্ত্ব বা তরঙ্গতত্ত্ব কেউই একা করতে পারে না বরং উভয়ে একসঙ্গে করতে সক্ষম।",,773e1b820203,1337
120,CONTRADICTED,numeral,21,5.6,"গানা ডট কম অসমীয়া, বাংলা, ভোজপুরি, ইংরেজি, গুজরাটি, হিন্দি, কন্নড়, উর্দু, ওড়িয়া, মারাঠি, পাঞ্জাবি, তামিল, তেলুগু, মৈথিলি, মালায়ালাম সহ অন্যান্য আরও 5.6টি ভারতীয় আঞ্চলিক ভাষার সঙ্গীত সরবরাহ করে।","গানা ডট কম হল ভারতের বৃহত্তম বাণিজ্যিক মিউজিক স্ট্রিমিং পরিষেবা যেখানে 20 কোটিরও বেশি মাসিক ব্যবহারকারী রয়েছে৷ এটি 2010 সালের এপ্রিল মাসে টাইমস ইন্টারনেট চালু করা করে, ভারতীয় এবং আন্তর্জাতিক উভয় সঙ্গীত সামগ্রী এখানে পাওয়া যায়। সমস্ত ভারতীয় সঙ্গীত সমূহ বিশ্বব্যাপী ব্যবহারকারীদের জন্য উপলব্ধ। গানা ডট কম অসমীয়া, বাংলা, ভোজপুরি, ইংরেজি, গুজরাটি, হিন্দি, কন্নড়, উর্দু, ওড়িয়া, মারাঠি, পাঞ্জাবি, তামিল, তেলুগু, মৈথিলি, মালায়ালাম সহ অন্যান্য আরও 21টি ভারতীয় আঞ্চলিক ভাষার সঙ্গীত সরবরাহ করে। গানা ডট কম ব্যবহারকারীদের তাদের প্লেলিস্টগুলিকে সর্বজনীন করার অনুমতি দেয় যাতে সেগুলি অন্য ব্যবহারকারীরা দেখতে পারে৷ তারা দেখতে পারেন এবং নিজের পছন্দের প্লেলিস্ট তালিকা তৈরি করতে পারেন। এর মোবাইল অ্যাপটি অ্যান্ড্রয়েড, আইওএস এবং উইন্ডোজের মতো প্রায় সব জনপ্রিয় অপারেটিং সিস্টেম সমর্থন করে। গানার দাম প্রতি মাসে ₹99 (ভারতের মধ্যে) এবং 3.99 (ভারতের বাইরের সদস্যদের জন্য)।",,773e1b820203,1337
121,NEUTRAL,cross_passage,,,শনি হল সূর্য থেকে দূরত্বের নিরিখে ষষ্ঠ গ্রহ এবং বৃহস্পতির পরই সৌরজগতের দ্বিতীয়-বৃহত্তম গ্রহ।,"ট্র্যাডহোডিং এবং ট্রান্সশিপমেন্টের মধ্যে আধুনিক পার্থক্যটি বিংশ শতাব্দীর মাঝামাঝি মধ্য বিংশ শতাব্দীর মাঝামাঝি সময়ে গণনা করা হয় নি, যখন গেজ বিরতির আলোচনার প্রায়ই ব্যবহৃত ট্রান্সশিপমেন্ট ব্যবহার করা হয় যা আজকের যত্নশীল ব্যবহারের জন্য ট্রোডলডিং ডাকবে, অথবা কোনও সংমিশ্রণে ট্রান্সলোডিং এবং ট্রান্সশিপমেন্ট। ট্রান্সলোডিং যে কোনো জায়গায় ঘটতে পারে। একটি ট্রাক অন্য ট্রাক বা ট্রেন পর্যন্ত টানতে পারে, এবং অনুবাদ টিমস্টার এবং স্টিভডোর এর চেয়ে আরও সুবিবেচনাপূর্ণ উপায় দ্বারা সম্পন্ন হতে পারে। গতি এবং দক্ষতা স্বার্থে, তবে, বিশেষ সরঞ্জাম বিভিন্ন বিভিন্ন পণ্য হ্যান্ডেল ব্যবহৃত হয়। এভাবে, কন্টেনারগুলি এবং কয়লা জেটি এর সাথে কার ডাম্পার, লোডার, কনভেয়র এবং আনলোড এবং লোড রেল গাড়ি এবং জাহাজ জন্য অন্যান্য সরঞ্জাম দ্রুত এবং একটি ন্যূনতম কর্মীদের সঙ্গে। 
প্রায়ই মালামাল বহন করতে ব্যবহৃত যন্ত্রপাতি দ্রুত স্থানান্তরের জন্য অপ্টিমাইজ করা হয়। উদাহরণস্বরূপ, অটোমোবাইল গুলি চালানো অটোর্যাক রেলগাড়ি এবং রোল-অন / রোল-অফ জাহাজ দ্বারা চালিত হয়, যা ক্রেন ছাড়াই লোড করা যায় অন্যান্য সরঞ্জাম স্ট্যান্ডার্ডযুক্ত পাত্রে সাধারণ হ্যান্ডলিং সরঞ্জামের ব্যবহার এবং ব্রেক বাল্ক হ্যান্ডলিং অমান্য করে। ট্রান্সলোডিং প্রায়ই শ্রেণিবিন্যাস এবং রাউটিং সুবিধার সাথে মিলিত হয়, যেহেতু পরে প্রায়ই পণ্যগুলি পরিচালনা করতে হয়। র",,773e1b820203,1337
122,NEUTRAL,cross_passage,,,"অ্যালায়েন্স ফর বাংলাদেশ ওয়ার্কার সেফটি, যেটি ""অ্যালায়েন্স"" নামেও পরিচিত, বিশ্বের 28টি বিখ্যাত ব্র্যান্ডের সমন্বয়ে গঠিত একটি পাঁচ বছর মেয়াদী সংস্থা, যারা বাংলাদেশের পোশাক কারখানার শ্রমিকদের শ্রম নিরাপত্তা নিয়ে কাজ করবে, এটি রানা প্লাজার পরে গঠিত হয়।","রবি আজিয়াটা লিমিটেড হচ্ছে বাংলাদেশের দ্বিতীয় বৃহত্তম মোবাইল নেটওয়ার্ক পরিসেবা প্রদানকারী প্রতিষ্ঠান। এতে আজিয়াটা গ্রুপের 61.82% অংশীদারীত্ব, ভারতী এন্টারপ্রাইজ অফ ইন্ডিয়া ভারতী এয়ারটেলের 28.18% অংশীদারীত্ব রয়েছে, আর বাকী 10% অংশীদারত্বের মালিক ডিএসই ও সিএসই এর মাধ্যমে রবিতে বিনিয়োগকারীরা। রবি আজিয়াটা লিমিটেড তার নেটওয়ার্কের আওতায় রবি ও এয়ারটেল এই দুইটি নামে টেলিযোগাযোগ পরিসেবা প্রদান করছে। রবি ও এয়ারটেলের একীভূত হওয়ার মধ্য দিয়ে বাংলাদেশের টেলিযোগাযোগ ইতিহাসে প্রথমবারের মতো দুটি মুঠোফোন নেটওয়ার্ক সেবাদাতার একীভূতকরণের ঘটনা ঘটে।[2] রবি এবং এয়ারটেলের একীভূতকরণের ফলে একীভূত কোম্পানিটি রবি আজিয়াটা লিমিটেড নামে বাংলাদেশে দ্বিতীয় বৃহত্তম মুঠোফোন নেটওয়ার্ক সেবাদাতা হিসাবে আবির্ভূত হয়। একত্রিত সংস্থাটি দেশব্যাপী নেটওয়ার্ক পরিসেবা প্রদান করছে। 1997 সালে টেলিকম মালয়েশিয়া ইন্টারন্যাশনাল (বাংলাদেশ) সংস্থাটি একটেল নামে কার্যক্রম শুরু করে। 2010 সালে সংস্থাটি নাম পরিবর্তন করে রবি আজিয়াটা লিমিটেড রাখে এবং রবি পরিবর্তিত নামে যাত্রা শুরু করে। নভেম্বর 2016 সালের পর থেকে রবি আজিয়াটার মুঠোফোন নেটওয়ার্ক এর আওতায় 'রবি' এবং 'এয়ারটেল' নামে পরিসেবা প্রদান করে আসছে।",,773e1b820203,1337
123,CONTRADICTED,numeral,0,14,"তৃতীয় লাইনের ক্ষেত্রে, প্রথম পদটি, দ্বিতীয় লাইনের প্রথম ও দ্বিতীয় পদের যোগফল 14+1=1, দ্বিতীয় পদটি দ্বিতীয় ও তৃতীয় পদের যোগফল 1+1=2, তৃতীয় পদটি তৃতীয় ও চতুর্থ পদের যোগফল 1+0=1; এবং শেষ পদটি 0 হয়, এবং লাইনটি হয় 0-1-2-1-0।","গণিতে, প্যাস্কেলের ত্রিভূজ-এর গুরুত্ব অপরিসীম। দ্বিপদী উপপাদ্য, 2 এর ঘাত যোগফলের অনুক্রম সহ বিভিন্ন গাণিতিক ধারার অভিব্যক্তি প্রকাশে সহায়তা করে। ফ্রান্স-এর গণিতবিদ, ব্লেইজ প্যাস্কেল-এর নাম অনুসারে এই ধারার নামকরণ করা হয়েছে।

প্রথমে, ধারাটির প্রথম লাইন 0-1-0 দিয়ে শুরু হয়। এর ঠিক নিচে পরের লাইনটিতে, 0 দিয়ে ধারাটি শুরু হয়, যার পরবর্তী সংখ্যাটি প্রথম দুই পদের যোগফল, 0+1=1, এবং পরের পদটি শেষের দুই পদের যোগফল, 1+0=1; এবং শেষ পদটি 0 হয়। ফলে দ্বিতীয় লাইনটির হয়, 0-1-1-0। তৃতীয় লাইনের ক্ষেত্রে, প্রথম পদটি, দ্বিতীয় লাইনের প্রথম ও দ্বিতীয় পদের যোগফল 0+1=1, দ্বিতীয় পদটি দ্বিতীয় ও তৃতীয় পদের যোগফল 1+1=2, তৃতীয় পদটি তৃতীয় ও চতুর্থ পদের যোগফল 1+0=1; এবং শেষ পদটি 0 হয়, এবং লাইনটি হয় 0-1-2-1-0। এই ক্রম অনুসারে পরবর্তী লাইন গুলো চলতে থাকে।",,773e1b820203,1337
124,CONTRADICTED,numeral,50,"8,603","মনে করা হচ্ছে, আরও 8,603 কোটি বছর পৃথিবী প্রাণধারণের সহায়ক অবস্থায় থাকবে।","পৃথিবী সূর্য থেকে দূরত্ব অনুযায়ী তৃতীয়, সর্বাপেক্ষা অধিক ঘনত্বযুক্ত এবং সৌরজগতের আটটি গ্রহের মধ্যে পঞ্চম বৃহত্তম গ্রহ। সূর্য হতে এটির দূরত্ব প্রায় 15 কোটি কি.মি।এটি সৌরজগতের চারটি কঠিন গ্রহের অন্যতম। পৃথিবীর অপর নাম ""বিশ্ব"" বা ""নীলগ্রহ""। ইংরেজি ভাষায় পরিচিত আর্থ নামে, গ্রিক ভাষায় পরিচিত গাইয়া নামে, লাতিন ভাষায় এই গ্রহের নাম ""টেরা""।

পৃথিবী হলো মানুষ সহ কোটি কোটি প্রজাতির আবাসস্থল। পৃথিবী এখন পর্যন্ত পাওয়া একমাত্র মহাজাগতিক স্থান যেখানে প্রাণের অস্তিত্বের কথা বিদিত। 454 কোটি বছর আগে পৃথিবী গঠিত হয়েছিল। এক বিলিয়ন বছরের মধ্যেই পৃথিবীর বুকে প্রাণের আবির্ভাব ঘটে। পৃথিবীর জীবমণ্ডল এই গ্রহের বায়ুমণ্ডল ও অন্যান্য অজৈবিক অবস্থাগুলিতে গুরুত্বপূর্ণ পরিবর্তন এনেছে। এর ফলে একদিকে যেমন বায়ুজীবী জীবজগতের বংশবৃদ্ধি ঘটেছে, অন্যদিকে তেমনি ওজন স্তর গঠিত হয়েছে। পৃথিবীর চৌম্বক ক্ষেত্রের সঙ্গে একযোগে এই ওজন স্তরই ক্ষতিকর সৌর বিকিরণের গতিরোধ করে গ্রহের বুকে প্রাণের বিকাশ ঘটার পথ প্রশস্ত করে দিয়েছে। পৃথিবীর প্রাকৃতিক সম্পদ ও এর ভূতাত্ত্বিক ইতিহাস ও কক্ষপথ এই যুগে প্রাণের অস্তিত্ব রক্ষায় সহায়ক হয়েছে। মনে করা হচ্ছে, আরও 50 কোটি বছর পৃথিবী প্রাণধারণের সহায়ক অবস্থায় থাকবে।",,773e1b820203,1337
125,SUPPORTED,gold,,,"ভয়েজার কর্মসূচি একটি মার্কিন মহাকাশ বৈজ্ঞানিক কর্মসূচি যা মহাকাশে দুটি জনহীন মহাকাশ অভিযান, সন্ধানী যথাক্রমে ভয়েজার 1 এবং ভয়েজার 2 প্রেরণ করে।","ভয়েজার কর্মসূচি একটি মার্কিন মহাকাশ বৈজ্ঞানিক কর্মসূচি যা মহাকাশে দুটি জনহীন মহাকাশ অভিযান, সন্ধানী যথাক্রমে ভয়েজার 1 এবং ভয়েজার 2 প্রেরণ করে। 1970 দশকের শেষ সময়ে গ্রহের মধ্যে একটি অনুকূল প্রান্তিকীকরণ সুবিধা গ্রহণ করতে 1977 সালে এগুলো প্রেরণ করা হয়। যদিও এগুলিকে আনুষ্ঠানিকভাবে বৃহস্পতি এবং শনিগ্রহের ব্যবস্থা অধ্যয়নের জন্য প্রেরণ করা হয়েছিল, কিন্তু এই সন্ধানীগুলি তাদের অভিযান চালিয়ে যেতে সক্ষম হয়। 
 
2012 সালের 25 অগাস্ট মানবনির্মিত প্রথম বস্তু হিসেবে ভয়েজার 1 সৌরজগত-বহির্ভূত এলাকায় প্রবেশ করে, যা মানবজাতির ইতিহাসের এক অভূতপূর্ব ঘটনা ছিল। 2018 সালে নাসা ঘোষণা দেয় যে সেই বছরের 5ই নভেম্বর মহাকাশযান ভয়েজার 2 আন্তঃনাক্ষত্রিক মহাকাশে প্রবেশ করে। এটি ভয়েজার 1 এর পরে দ্বিতীয় বস্তু যা সৌরজগতের সীমানা ছাড়িয়ে গিয়েছে। 
 
2013 সালের হিসাবে ভয়েজার 1-এর আপেক্ষিক বেগ ছিল প্রতি সেকেন্ডে 11 মাইল। কিন্তু সময়ের পরিবর্তনে এর শক্তি কমে এসেছে, এবং 2025 সালের পরে এর কোন যন্ত্রাংশই সচল থাকবে না। 
 
মহাকাশে ভয়েজার অভিযান দুইটি সৌরজগতের গ্যাস-সংবলিত গ্রহ বা গ্যাস দানব ও তাদের উপগ্রহ সম্পর্কে বহু তথ্য সংগ্রহ করে, যা সম্পর্কে আগে স্বল্প জ্ঞান ছিল।",,773e1b820203,1337
126,CONTRADICTED,unit,ফুট,নিউটন,বর্তমানে বিমানবন্দরের রানওয়ের দৈর্ঘ্য ছয় হাজার 6790 নিউটন থেকে বাড়িয়ে এটিকে 9000 ফুটে আর প্রস্থ 150 থেকে বাড়িয়ে 200 ফুটে উন্নীত করা হবে।,"পর্যটকদের আকৃষ্ট করার পদক্ষেপ হিসাবে, কক্সবাজার বিমানবন্দরটিকে আন্তর্জাতিক বিমানবন্দরে রূপান্তর এর পরিকল্পনা নেওয়া হয়েছে। এই পরিকল্পনা বাস্তবায়ন হলে কক্সবাজার হবে বাংলাদেশের চতুর্থ আন্তর্জাতিক বিমানবন্দর। 
দুই পর্যায়ে এই সম্প্রসারণ প্রক্রিয়া সম্পাদনের মাধ্যমে এটিকে আধুনিক সুযোগ সুবিধা প্রদানে সক্ষম বিমানবন্দর হিসাবে রূপান্তর করা হবে, বিশেষ করে সুপরিসর বিমান গুলোকে উড্ডয়ন-অবতরণ ও পার্কিং এর জন্য ভাল সুবিধা প্রদান করতে পারবে। এই পুরো কার্যক্রমের জন্য চিনের সাথে 1 হাজার 600 কোটি বাংলাদেশি টাকার ঋণ চুক্তি সই হয়। 
বর্তমানে বিমানবন্দরের রানওয়ের দৈর্ঘ্য ছয় হাজার 6790 ফুট থেকে বাড়িয়ে এটিকে 9000 ফুটে আর প্রস্থ 150 থেকে বাড়িয়ে 200 ফুটে উন্নীত করা হবে। সুপরিসর বিমানের জন্য রানওয়ের ধারণক্ষমতাও বাড়ানো হবে সাথে সাথে রানওয়ের লাইটিং ফ্যাসিলিটিজ ও নেভিগেশন এইড বাড়ানো হবে। দূরত্ব পরিমাপক সরঞ্জাম, ডপলার ওমনি ডিরেকশন রেঞ্জ, অগ্নিনির্বাপক ব্যবস্থা হালনাগাদ করা হবে। যান্ত্রিক অবতরণ ব্যবস্থা ও স্বয়ংক্রিয় মেট্রোলজিক্যাল পর্যবেক্ষণ ব্যবস্থা গড়ে তোলা হবে। প্রকল্পের দ্বিতীয় পর্যায়ে আধুনিক টার্মিনাল ভবন, ট্যাক্সিওয়ে, অ্যাপ্রোচ ও বোর্ডিং ব্রিজসহ লাইটিং ব্যবস্থার আধুনিকায়ন করা হবে।",,773e1b820203,1337
127,CONTRADICTED,polarity,,না,বায়ুতাপের সাথে বায়ুচাপের পরিবর্তন হয় বলে বায়ুর ঘনত্বেও পরিবর্তন দেখা দেয় না।,"বিমানবন্দরের প্রাথমিক অবকাঠামো হিসেবে রানওয়ের ভূমিকা অত্যন্ত গুরুত্বপূর্ণ। ক্ষুদ্রতম অথবা স্বল্পোন্নত বিমানবন্দরের যেগুলো বিরাট গুরুত্ব বহন করে সেগুলো প্রায়শঃই 1000 মিটার (3,300 ফুট) বা এর কম হয়ে থাকে। কিন্তু, বৃহত্তর বিমানবন্দরগুলোয় বিমান চলাচলের ক্ষেত্রে রানওয়ের দৈর্ঘ্য সচরাচর 2000 মিটারের (6,600 ফুট) বা তার বেশি হয়ে থাকে। 
অনেক ক্ষুদ্রাকারের বিমানবন্দরগুলোর রানওয়ে আলকাতরার মত কালো পদার্থবিশেষ দিয়ে তৈরী অ্যাস্ফ্যাল্ট অথবা কংক্রিটের পাশাপাশি ঘাস অথবা ময়লা-আবর্জনা, নুড়ি-পাথর ইত্যাদি লক্ষ্য করা যায়। 
বিমান অবতরণের ক্ষেত্রে মার্কিন যুক্তরাষ্ট্রে বিমানবন্দর নির্মাণে সর্বনিম্ন শর্ত হিসেবে শুষ্ক ও শক্ত ভূমিতে রানওয়ে নির্মাণ করা হয়। মূলতঃ ভারী বিমান অবতরণের জন্যই বৃহৎ আকৃতির রানওয়ে নির্মাণের প্রয়োজন পড়ে। 
2009 সালের তথ্য মোতাবেক সিআইএ দাবী করেছে যে, বিশ্বব্যাপী প্রায় চুয়াল্লিশ হাজার বিমানবন্দর কিংবা বিমানঘাঁটি আকাশ থেকে শনাক্ত করা গেছে। তন্মধ্যে একমাত্র মার্কিন যুক্তরাষ্ট্রেই রয়েছে 15,095টি বিমানবন্দর। সংখ্যার দিক থেকে তা বিশ্বের মধ্যে সবচেয়ে বেশি। যদি কোন বিমান সমুদ্র সমতলে অবস্থিত বিমানবন্দরে দণ্ডায়মান থাকে তবে এর উচ্চতা হবে শূন্য। আদর্শ বায়ুমণ্ডলের বায়ুচাপ অপেক্ষা যদি বিমানবন্দরের বায়ুচাপ বেশি হয় (উদাহরণস্বরূপঃ 1030 মিলিবার), তাহলে উচ্চতামাপন যন্ত্রে দেখা যাবে",,773e1b820203,1337
128,CONTRADICTED,relation_order,রক্তরস->আহরণ,আহরণ->রক্তরস,"যেসব অ্যান্টিবডি বা প্রতিরক্ষিকা রোগ-সংক্রমিত মানুষ বা প্রাণীর আহরণ থেকে রক্তরস করা হয়, সেগুলিকে প্রাক-উৎপাদিত প্রতিরক্ষিকা বলে।","যেসব অ্যান্টিবডি বা প্রতিরক্ষিকা রোগ-সংক্রমিত মানুষ বা প্রাণীর রক্তরস থেকে আহরণ করা হয়, সেগুলিকে প্রাক-উৎপাদিত প্রতিরক্ষিকা বলে। এগুলিকে প্রায়শই আরেকজন মানুষের দেহে প্রতিরক্ষিকাসমৃদ্ধ রক্তাম্বুর মাধ্যমে প্রয়োগ করা হয়। এর ফলে দেহে দ্রুতগতিতে ক্রিয়াশীল বিষ বা জীবাণুদের বিরুদ্ধে (যেমন সর্পদষ্ট বা ধনুষ্টংকারে আক্রান্ত রোগীদের দেহে) ত্বরিত এবং পরোক্ষ অনাক্রম্যতা অর্জিত হয়।

স্বয়ং-অনাক্রম্য ব্যাধিগুলিতে যেমন বহুগণিত কঠিনীভবন (মালটিপল স্ক্লেরোসিস) এবং লুপাস (সিস্টেমিক লুপাস এরিথেমাটোসাস অর্থাৎ ""সমগ্র দেহব্যাপী নেকড়ে-জাতীয় লালছোপ"") ব্যাধিতে দেহ ভুল করে স্বাভাবিক কলাকোষের উপাদানের বিরুদ্ধে অ্যান্টিবডি বা প্রতিরক্ষিকা উৎপাদন করে। কখনও কখনও ভাইরাসের কারণে এই অনাক্রম্য প্রক্রিয়াটি ব্যহত হতে পারে। যেসমস্ত ব্যক্তির অস্থিমজ্জাকোষ অর্বুদ (মালটিপল মাইয়েলোমা) নামক এক ধরনের মারাত্মক অর্বুদ বা টিউমার থাকে, তাদের রক্তে এক বিশেষ ধরনের অ্যান্টিবডি বা প্রতিরক্ষিকা উচ্চ মাত্রায় অবস্থান করে। 1970-এর দশকে বিজ্ঞানীরা এই মজ্জাকোষ ক্যান্সারের কোষগুলিকে এমন সব লসিকাকোষের সাথে সংযুক্ত করেন, যে লসিকাকোষগুলি অতীতে কোনও প্রত্যুৎপাদকের সংস্পর্শে এসেছে। এই সংযোজনের ফলে যে সঙ্করকোষগুচ্ছ উৎপন্ন হয় (যাদেরকে ""হাইব্রিডোমা"" অর্থাৎ সঙ্কর-অর্বুদ বলা হয়) সেগুলি একটি বিশেষ বিন্যাসের বিপুল পরিমাণ অনুকৃতিমূলক (""ক্লো",,773e1b820203,1337
129,NEUTRAL,cross_passage,,,"কারণ ব্যাকটেরিয়ায় বৃত্তাকার ক্রোমোজোম থাকে, প্রতিলিপনের সমাপ্তি ঘটে যখন দুটি রেপ্লিকেশন ফর্ক মাতৃক্রোমোজোমে বিপরীত প্রান্তে একে অপরের সাথে মিলিত হয়।","নারী বিদ্বেষ হল মহিলা বা নারীর প্রতি ঘৃণা বা তীব্র বিরাগ। এর থেকেই জন্ম নেয় যৌন নিপীড়নের মত বিকৃত মানসিকতা। অর্থাৎ কোনো নারী পুরুষটির নির্বাচনে সহমত পোষণ করলে তিনি যথাযোগ্য সম্মানের অধিকারিণী অন্যথায় সেই নারীই চরম অপমান ও অসম্মান ও শাস্তির যোগ্য প্রাপক। নারীবিদ্বেষ সমাজে তৈরি করে যৌন বৈষম্য, শত্রুতা, পুরুষ আধিপত্যবাদী ধারণা, মর্যাদাহানি, সহিংসতা, এবং নারীর আপত্তিকে অগ্রাহ্য করে তাকে ভোগ করার বাসনা।

স্ত্রী-বিদ্বেষের প্রমাণ ইতিহাস ঘাঁটলেও পাওয়া যায়। প্রাচীন গ্রীক ইতিহাসে নারীবিদ্বেষকে একটি অসুখ বলে উল্লেখ করা হয়েছে। এছাড়াও প্রাচ্যের কিছু প্রাচীন ধর্মীয় গ্রন্থ এবং পাশ্চাত্যের কিছু দর্শনের গ্রন্থেও এই নারীবিদ্বেষের উল্লেখ পাওয়া গিয়েছে।

বিভিন্ন পুরাণ সংক্রান্ত প্রাচীন গ্রন্থের মধ্যে পাওয়া যায়। এছাড়াও উল্লেখ যে কিছু প্রভাবশালী পশ্চিমী দার্শনিক ও চিন্তাবিদ গনের এ সম্পর্কে কথিত মতবাদ পাওয়া যায়। নারীবিদ্বেষের বিপরীত মতবাদ হচ্ছে পুরুষবিদ্বেষ নারীর প্রতি সহিংসতা বা নারীর বিরুদ্ধে সহিংসতা হচ্ছে সহিংস অপরাধগুলো যেগুলো প্রধাণত বা কেবলই নারী বা বালিকাদের উপরেই করা হয়। এরকম সহিংসতাকে প্রায়ই ঘৃণাপূর্বক অপরাধ হিসেবে গণ্য করা হয়, যা নারী বা বালিকাদের উপর করা হয় কেননা তারা নারী। নারীর প্রতি সহিংসতার খুব লম্বা ইতিহাস রয়েছে, যদিও এরকম সহিংসতার মাত্রা বিভিন্ন সময়ে বিভিন্ন ছিল, এমনক",,773e1b820203,1337
130,SUPPORTED,gold,,,2112: দ্যা বার্থ অফ ডোরেমন ডোরেমনের জন্ম থেকে শুরু করে নোবিতার কাছে আসা পর্যন্ত সময়ের ঘটনা নিয়ে রচিত চলচ্চিত্র।,"2112: দ্যা বার্থ অফ ডোরেমন ডোরেমনের জন্ম থেকে শুরু করে নোবিতার কাছে আসা পর্যন্ত সময়ের ঘটনা নিয়ে রচিত চলচ্চিত্র। এই চলচ্চিত্র সম্পূর্ণ সিরিজের প্রিকুয়েলের মত, এতে বিংশ শতাব্দিতে ভ্রমণের আগে ডোরেমনের জীবন দেখানো হয়েছে: কীভাবে সে তৈরি হলো, কীভাবে সে আংশিক ভেঙে গেলো, কীভাবে সে তার কান হারালো, কীভাবে নোবি পরিবারের সাথে তার দেখা হলো এবং অতীতে ফিরে গিয়ে নোবিতাকে সাহায্য করার সিদ্ধান্ত নিলো। এটা 4ই মার্চ, 1995 তারিখে ডোরেমন: নোবিতা'স জেনেসিস ডায়েরীর সাথে প্রিমিয়ার হয়। আসল চলচ্চিত্রটি মূলত ডোরেমন মাঙ্গা র প্রারম্ভিক সেটাপ ভালোমত বুঝার জন্য তৈরি করা হয়েছিলো। 

এই ছোট চলচ্চিত্রের জন্য আবহ সংগীত তৈরি করেছেন অভিজ্ঞ সংগীত স্রষ্টা শিনজি মিয়াযাকি যিনি পোকেমন টিভি সিরিজের আবহ সংগীতের জন্য অধিক পরিচিত। তিনি শিন-এই অ্যানিমেশন এর তৈরি অপর অ্যানিমে শিন-চ্যান এর জন্যও কাজ করেছেন।",,773e1b820203,1337
131,CONTRADICTED,polarity,,না,স্ত্রীর সাথে বিচ্ছেদের পর নেরুদা ফ্রান্সে দেলিয়া দেল কারিলের সাথে বসবাস করেন এবং 1943 সালে তেতেকালায় তাকে বিয়ে করেন না।,"ভোগেলসাঙ্গের সাথে নেরুদার বৈবাহিক সম্পর্কে ফাটল ধরে এবং 1943 সালে মেক্সিকোতে তাদের বিবাহবিচ্ছেদ ঘটে। তার তালাকপ্রাপ্ত স্ত্রী স্পেনের বৈরিতা থেকে মুক্তি পেতে তার অসুস্থ কন্যাকে নিয়ে মন্টে কার্লোতে এবং এরপর নেদারল্যান্ডসে চলে যান। তাদের আর কখনো দেখা হয়নি। স্ত্রীর সাথে বিচ্ছেদের পর নেরুদা ফ্রান্সে দেলিয়া দেল কারিলের সাথে বসবাস করেন এবং 1943 সালে তেতেকালায় তাকে বিয়ে করেন। তবে, চিলীয় কর্তৃপক্ষ তার নতুন এই বিবাহকে স্বীকৃতি দেয়নি, কারণ ভোগেলসাঙ্গের সাথে তার বিবাহবিচ্ছেদ অবৈধ বলে বিবেচিত হয়েছিল। 
 
1938 সালে পেদ্রো আগিরে সের্দার রাষ্ট্রপতিত্বের নির্বাচনের পর নেরুদা প্যারিসে স্পেনীয় অভিবাসীদের জন্য বিশেষ কনস্যুল হিসেবে নিয়োগপ্রাপ্ত হন। সেখানে তিনি অবহেলিত ক্যাম্পসমূহে ফরাসিদের দ্বারা আটককৃত 2,000 স্পেনীয় শরণার্থীকে উইনিপেগ নামক পুরনো একটি জাহাজে করে চিলিতে স্থানান্তরের দায়িত্ব পালন করেন। নেরুদার বিরুদ্ধে প্রায়ই অভিযোগ ওঠে যে তিনি যারা প্রজাতন্ত্রের পক্ষে লড়াই করেছিলেন তাদের বাদ দিয়ে শুধু সহকর্মী সাম্যবাদীদের দেশত্যাগের জন্য বেছে নিতেন। জার্মান আক্রমণ ও দখলের সময় অনেক রিপাবলিকান এবং নৈরাজ্যবাদী নিহত হয়েছিল। অন্যরা মনে করেন, নেরুদা 2,000 শরণার্থীদের মধ্যে মাত্র কয়েকশজনকে বেছে নিয়েছিলেন, নির্বাসিত স্পেনীয় রিপাবলিকান সরকারের রাষ্ট্রপতি হুয়ান নেগরিন কর্তৃক প্রতিষ্ঠিত স্পেনীয",,773e1b820203,1337
132,CONTRADICTED,relation_order,ভারত->অ্যামাজন,অ্যামাজন->ভারত,"এই অনুষ্ঠানের প্রথম মৌসুমটি অ্যামাজন হতে ভারত প্রাইম ভিডিওতে দেখা শীর্ষ 3 অনুষ্ঠানের একটি ছিল এবং 2020 সালের মে মাসে মুক্তিপ্রাপ্ত দ্বিতীয় মৌসুমটি উক্ত মাধ্যমের ""সর্বাধিক দেখা ভারতীয় অনুষ্ঠান'-এ পরিণত হয়েছে।দ্বিতীয় মৌসুম মুক্তি পাওয়ার পরপরই, অ্যামাজন জানায় যে এই অনুষ্ঠানের তৃতীয় মৌসুমের কাজ চলমান রয়েছে।","ফোর মোর শটস প্লিজ! হচ্ছে অনু মেনন এবং নুপুর অস্থানা পরিচালিত অ্যামাজন প্রাইম ভিডিওতে প্রচারিত ওয়েবভিত্তিক একটি ভারতীয় টেলিভিশন অনুষ্ঠান। এই অনুষ্ঠানটি চারজন ত্রুটিযুক্ত নারীর (যাদের মধ্যে দুইজনের বয়স 30-39-এর মধ্যে এবং দুইজনের বয়স 20-29-এর মধ্যে) কাহিনীকে ঘিরে নির্মিত, যারা প্রেম, ভুল এবং মুম্বইয়ের বারে টকিলা শট গ্রহণের মাধ্যমে সত্যিকার অর্থে নিজেদের জীবনকে উপভোগ করে। এই অনুষ্ঠানটি অ্যামাজন প্রাইম ভিডিওতে প্রচারিত প্রথম নারীকেন্দ্রিক অনুষ্ঠান (যেখানে প্রধান চরিত্রে শুধুমাত্র নারী অভিনয় করেছে), যেখানে সায়ানী গুপ্তা, বানি জে, কীর্তি কুলহারি এবং মানবী গাগরুর মতো অভিনেত্রীরা অভিনয় করেছেন। অধিকাংশ পর্যালোচক এই অনুষ্ঠানটিকে ""সেক্স অ্যান্ড দ্য সিটির দেশী সংস্করণ"" হিসেবে উল্লেখ করেছেন। এই অনুষ্ঠানের প্রথম মৌসুমটি ভারত হতে অ্যামাজন প্রাইম ভিডিওতে দেখা শীর্ষ 3 অনুষ্ঠানের একটি ছিল এবং 2020 সালের মে মাসে মুক্তিপ্রাপ্ত দ্বিতীয় মৌসুমটি উক্ত মাধ্যমের ""সর্বাধিক দেখা ভারতীয় অনুষ্ঠান'-এ পরিণত হয়েছে।দ্বিতীয় মৌসুম মুক্তি পাওয়ার পরপরই, অ্যামাজন জানায় যে এই অনুষ্ঠানের তৃতীয় মৌসুমের কাজ চলমান রয়েছে।",,773e1b820203,1337
133,CONTRADICTED,entity,তড়িৎ,যোগাযোগ,যোগাযোগ যুদ্ধ (কখনও কখনও বিদ্যুতের লড়াই বলা হয়) 1880 এর দশকের শেষের দিকে এবং 1890 এর দশকের প্রথম দিকে প্রতিযোগিতামূলক বৈদ্যুতিক শক্তি ট্রান্সমিশন সিস্টেম প্রবর্তনের সময়ের ঘটনাগুলোকে ঘিরে সংঘটিত হয়েছিল।,"তড়িৎ যুদ্ধ (কখনও কখনও বিদ্যুতের লড়াই বলা হয়) 1880 এর দশকের শেষের দিকে এবং 1890 এর দশকের প্রথম দিকে প্রতিযোগিতামূলক বৈদ্যুতিক শক্তি ট্রান্সমিশন সিস্টেম প্রবর্তনের সময়ের ঘটনাগুলোকে ঘিরে সংঘটিত হয়েছিল। 1870 এর দশকের শেষের দিকে এবং 1880 এর দশকের প্রথম দিকে দুটি আলোক ব্যবস্থার মাধ্যমে শুরু হয়েছিল; উচ্চ ভোল্টেজ বিবর্তিত বিদ্যুৎ (এসি) এর চাপ বাতি রাস্তার আলো, এবং থমাস এডিসন কোম্পানির দ্বারা বৃহৎ পরিমানে উৎপাদিত কম ভোল্টেজ অবিবর্তিত বিদ্যুৎ (ডিসি) বাড়ির ভিতরের ভাস্বর আলো। 1886 সালে, এডিসন সিস্টেমটি নতুন প্রতিযোগিতার মুখোমুখি হয়েছিল জর্জ ওয়েস্টিংহাউসের কোম্পানী দ্বারা উদ্ভাবনকৃৎ উন্নত একটি বিকল্প পদ্ধতি, যা ট্রান্সফরমারের মাধ্যমে উচ্চ ভোল্টেজকে কমিয়ে (এসি) কে বাসাবাড়িতে ব্যবহারযোগ্য করে। উচ্চ ভোল্টেজ ব্যবহার করে একটি এসি সিস্টেমকে আরো দক্ষ বৃহৎ কেন্দ্রীয় জেনারেটিং স্টেশন থেকে দীর্ঘ দূরত্বে বিদ্যুৎ প্রেরণ করার ব্যবস্থা করে দেয়। এসি বিদ্যুতের ব্যবহার দ্রুত ছড়িয়ে পড়ার ফলে, 1888 সালের শুরুতে এডিসন ইলেকট্রিক লাইট কোম্পানির দাবি ছিল যে বর্তমান বিবর্তিত বিদ্যুতে ব্যবহৃত উচ্চ ভোল্টেজগুলি বিপজ্জনক ছিল এবং নকশাটি তার চেয়ে কম ছিল এবং তাদের ডিসি সিস্টেমের পেটেন্টগুলি লঙ্ঘন করেছিল।

1888 সালের বসন্তে, পোল-মাউন্ট করা উচ্চ-ভোল্টেজ এসি তারের কারণে বৈদ্যুতিক ক্ষয়ক্ষতির উপর একটি মিডিয়া ফুস",,773e1b820203,1337
134,CONTRADICTED,entity,মিয়ানমারের,বানান,"বাংলাদেশের স্থল সীমান্তরেখার দৈর্ঘ্য 4,246 কিলোমিটার যার 94 শতাংশ (94%) ভারতের সাথে এবং বাকী 6 শতাংশ বানান সাথে।","দক্ষিণ এশিয়ার দীর্ঘতম দুটি নদী - গঙ্গা ও ব্রহ্মপুত্র যেখানে বঙ্গোপসাগরে মিশেছে সেখানেই কালের পরিক্রমায় গড়ে ওঠা বঙ্গীয় ব-দ্বীপ। এই গঙ্গা-ব্রহ্মপুত্র মোহনা অঞ্চলে প্রায় 3000 বছর বা তারও পূর্ব থেকে যে জনগোষ্ঠীর বসবাস, তা-ই ইতিহাসের নানান চড়াই উতরাই পেরিয়ে এসে দাড়িয়েছে বর্তমানের স্বাধীন রাষ্ট্র বাংলাদেশ রূপে। ভৌগোলিক বিচারে বাংলাদেশের অবস্থান দক্ষিণ এশিয়ায়, ভারত ও মিয়ানমারের মাঝখানে। এর ভূখণ্ড 1,47,570 বর্গকিলোমিটার (বিবিএস 2020 অনুসারে) অথবা 1,48,460 বর্গকিলোমিটার (সিআইএ ওয়ার্ল্ড ফ্যাক্টবুক 2021 অনুসারে) এলাকা জুড়ে বিস্তৃত। বাংলাদেশের পশ্চিম, উত্তর, আর পূর্ব জুড়ে রয়েছে ভারত। পশ্চিমে রয়েছে ভারতের পশ্চিমবঙ্গ রাজ্য। উত্তরে পশ্চিমবঙ্গ, আসাম, মেঘালয় রাজ্য। পূর্বে আসাম, ত্রিপুরা, মিজোরাম। তবে পূর্বে ভারত ছাড়াও মিয়ানমারের (বার্মা) সাথে সীমান্ত রয়েছে। দক্ষিণে রয়েছে বঙ্গোপসাগর। বাংলাদেশের স্থল সীমান্তরেখার দৈর্ঘ্য 4,246 কিলোমিটার যার 94 শতাংশ (94%) ভারতের সাথে এবং বাকী 6 শতাংশ মিয়ানমারের সাথে। বাংলাদেশের তটরেখার দৈর্ঘ্য' 580 কিলোমিটার। বাংলাদেশের দক্ষিণ-পূর্বাংশের কক্সবাজার পৃথিবীর দীর্ঘতম সমুদ্র সৈকতগুলোর অন্যতম।

বাংলাদেশের অধিকাংশ এলাকা সমুদ্র সমতল হতে মাত্র 10 মিটার উচ্চতায় অবস্থিত। সমুদ্র সমতল মাত্র 1 মিটার বৃদ্ধি পেলেই এদেশের 10% এলাকা নিমজ্জিত হবে বলে ধারণা করা হ",,773e1b820203,1337
135,SUPPORTED,gold,,,"জুলাই 2012 সালে এরান হেমার তার ওঅথ 2.0 প্রকল্পের প্রধান কর্তৃপক্ষের পদ থেকে পদত্যাগ করেন, আইইটিএফে কর্মরত গ্রুপ থেকে অবসর নেন এবং সংজ্ঞায়ন থেকে নিজের নাম প্রত্যাহার করেন।","এক্সএসিএমএল একটি নীতি-ভিত্তিক,বৈশিষ্ট্যভিত্তিক প্রবেশাধিকার নিয়ন্ত্রণ অনুমোদন কাঠামো। এটি প্রদান করে:
একটি নীতিমূলক ভাষা যার সাহায্যে ওঅথ দ্বারা সংজ্ঞায়িত সম্মতিসমূহ ব্যবহারকারী নীতিমালাসহ বৃহৎ পরিসরে প্রবেশাধিকার নিয়ন্ত্রণ নীতিমালা প্রকাশ করা যায়
অনুমোদন অনুরোধ পাঠানো এবং গ্রহণ করার জন্য একটি অনুরোধ/প্রত্যুত্তর স্কিম অধিক দক্ষ অনুমোদন সিস্টেম সংগঠনের জন্য এক্সএসিএমএল এবং ওঅথ কে সংযুক্ত করা যেতে পারে। ওঅথ কোন নীতিমালা ভাষা প্রদান করে না, যার সাহায্যে প্রবেশাধিকার নিয়ন্ত্রণ নীতিমালা প্রণয়ন করা যেতে পারে। এর নীতিমালা প্রণয়নের ক্ষেত্রে এক্সএসিএমএল ব্যবহার করা যেতে পারে।
যেখানে ওঅথ মূলত প্রতিনিধিত্বমূলক প্রবেশাধিকার (আমি, এর ব্যবহারকারী, টুইটারকে আমার ফেসবুক ওয়ালের প্রবেশাধিকারের অনুমতি প্রদান করছি) এবং পরিচয় কেন্দ্রিক অনুমোদনের উপর জোর প্রদান করে, সেখানে এক্সএসিএমএল বৈশিষ্ট্য ভিত্তিক পদ্ধতি ব্যবহার করে, যা ব্যবহারকারীর বিভিন্ন বৈশিষ্ট্য, তার রিসোর্স এবং পরিস্থিতিকে (কে, কাকে, কখন, কোথায়, কিভাবে) বিবেচনা করে। এক্সএসিএমএল দ্বারা নিম্নোক্ত নীতিমালাসমূহ সংজ্ঞায়িত করা যায়:
ব্যবস্থাপকগণ তাদের ডিপার্টমেন্টে দলিলাদি দেখতে পারেন
ব্যবস্থাপকগণ তাদের আয়ত্তকৃত দলিলাদিসমূহ খসড়া পর্যায়ে সম্পাদনা করতে পারেন
এক্সএসিএমএল ওঅথের চেয়েও ভালো প্রবেশাধিকার নিয়ন্ত্রণ প্রদান করতে পারে। এর ফলে ",,773e1b820203,1337
136,CONTRADICTED,date,2004,1858,এ গ্রুপের প্রথম হোটেলটি 1858 সালের জুন মাসে বেঙ্গালুরুর হোয়াইট ফিল্ডে প্রথম চালু হয়।,"জিঞ্জার হচ্ছে ভারতীয় একটি হোটেল গ্রুপ, যা রুটস কর্পোরেশন লিমিটেট দ্বারা প্রতিষ্ঠিত এবং ""স্মার্ট বেসিকস হোটেলস"" ব্রান্ড নামে পরিচিত টাটা গ্রুপের একটি অংশ। এ গ্রুপের প্রথম হোটেলটি 2004 সালের জুন মাসে বেঙ্গালুরুর হোয়াইট ফিল্ডে প্রথম চালু হয়। রুটস কর্পোরেশন লিমিটেট হচ্ছে দ্যা ইন্ডিয়ান হোটেলস কোম্পানী লিমিটেড(আইএইচসিএল) এর অধীনস্থ একটি কোম্পানী। আইএইচসিএল, যা টাটা গ্রুপের একটি অংশ, ইন্ডিয়ার সবচেয়ে বৃহৎ হোটেল গ্রুপ। ইন্ডিয়ার অভ্যন্তরে এবং বাইরের দেশগুলোতে এর 70 টিরও বেশি প্রপার্টি রয়েছে এবং ভারতের হসপিটালিটি সেক্টরে এদের অবস্থান 100 বছরেরও বেশি পুরোনো। এটি 2004 সালে প্রাথমিকভাবে প্রতি রাতের জন্য 999 রূপি চার্জ করত। বর্তমানে এটি প্রতি রাতের ভাড়া হিসাবে 2999-3499 রূপি এবং এর সাথে ট্যাক্স নিয়ে থাকে।",,773e1b820203,1337
137,CONTRADICTED,polarity,,না,"কিছু কিছু রুটিঘরে চা-কফিও পরিবেশন করা হয়, যাতে ক্রেতারা দোকানে বসেই সেঁকা খাবার খেতে পারেন না।","রুটিঘর বা পাঁউরুটিখানা বা বেকারি বলতে এক ধরনের দোকানকে বোঝায় যেখানে বদ্ধ উনুন বা চুল্লীতে শুষ্ক তাপে সেঁকা ময়দা-ভিত্তিক খাদ্যদ্রব্য, যেমন পাঁউরুটি, কুকি, কেক, পেস্ট্রি, পাই, ইত্যাদি প্রস্তুত ও বিক্রয় করা হয়। কিছু কিছু রুটিঘরে চা-কফিও পরিবেশন করা হয়, যাতে ক্রেতারা দোকানে বসেই সেঁকা খাবার খেতে পারেন। বদ্ধ চুল্লীতে শুষ্কতাপে সেঁকা পাঁউরুটি প্রস্তুতের ঐতিহ্য বিভিন্ন মানব সমাজে হাজার হাজার বছর ধরেই প্রচলিত ছিল। তবে রোমান সাম্রাজ্যের আমলে, খ্রিস্টপূর্ব 2য় শতকে এটি একটি পেশাদার কুটিরশিল্পে পরিণত হয়।",,773e1b820203,1337
138,CONTRADICTED,relation_order,পদার্থ->তরল,তরল->পদার্থ,"তরল পদার্থ প্রায় অসঙ্কোচনীয় প্রবাহী যা তার ধারকের আকার গ্রহণ করে কিন্তু চাপের প্রভাবমুক্ত নির্দিষ্ট আয়তন থাকে।এই আয়তনও পরিবর্তিত হবে যদি তাপমাত্রা ও চাপ পরিবর্তিত হয়।যখন কোন কঠিন পদার্থকে তার গলনাঙ্ক এর উপরে তাপ দেয়া হয়,তখন তা তরল পদার্থে রূপান্তরিত হয়,তবে এক্ষেত্রে চাপ অবশ্যই ঐ পদার্থের ত্রৈধ বিন্দুর চেয়ে বেশি হতে হবে।আন্তঃআণবিক (অথবা আন্তঃপারমানবিক অথবা আন্তঃআয়নিক) বল অবশ্যই প্রয়োজনীয়,কিন্তু অণুটির একে অন্যের সাপেক্ষে মুক্তভাবে চলাচল করার মত প্রয়োজনীয় শক্তি আছে এবং এদের গঠন ভ্রাম্যমাণ।এর মানে এই দাঁড়ায় যে তরলের গঠন নির্দিষ্ট নয়,কিন্তু তা তরলের ধারকের গঠন দ্বারা নির্ধারিত হয়।তরল পদার্থের আয়তন সাধারণত যে কঠিন তরল থেকে পদার্থ তৈরী করা হয়েছে সে কঠিনের চেয়ে বেশি হয়।ব্যতিক্রম - পানি।","তরল

তরল পদার্থ প্রায় অসঙ্কোচনীয় প্রবাহী যা তার ধারকের আকার গ্রহণ করে কিন্তু চাপের প্রভাবমুক্ত নির্দিষ্ট আয়তন থাকে।এই আয়তনও পরিবর্তিত হবে যদি তাপমাত্রা ও চাপ পরিবর্তিত হয়।যখন কোন কঠিন পদার্থকে তার গলনাঙ্ক এর উপরে তাপ দেয়া হয়,তখন তা তরল পদার্থে রূপান্তরিত হয়,তবে এক্ষেত্রে চাপ অবশ্যই ঐ পদার্থের ত্রৈধ বিন্দুর চেয়ে বেশি হতে হবে।আন্তঃআণবিক (অথবা আন্তঃপারমানবিক অথবা আন্তঃআয়নিক) বল অবশ্যই প্রয়োজনীয়,কিন্তু অণুটির একে অন্যের সাপেক্ষে মুক্তভাবে চলাচল করার মত প্রয়োজনীয় শক্তি আছে এবং এদের গঠন ভ্রাম্যমাণ।এর মানে এই দাঁড়ায় যে তরলের গঠন নির্দিষ্ট নয়,কিন্তু তা তরলের ধারকের গঠন দ্বারা নির্ধারিত হয়।তরল পদার্থের আয়তন সাধারণত যে কঠিন পদার্থ থেকে তরল তৈরী করা হয়েছে সে কঠিনের চেয়ে বেশি হয়।ব্যতিক্রম - পানি। যে সর্বশেষ তাপমাত্রায় একটি তরল পদার্থ তরলাবস্থায় থাকে তাকে তার ক্রান্তি তাপমাত্রা বলে।",,773e1b820203,1337
139,CONTRADICTED,numeral,0.05,92,"এমনকি পরিষ্কার দৃশ্য দেখার ক্ষেত্রেও দূরবীক্ষণ যন্ত্রটি এগিয়ে আছে, এর উজ্জ্বল দৃশ্য দেখার ক্ষমতা হলো 92 আর্কসেকেন্ড।","হাবল মহাকাশ দূরবীক্ষণ যন্ত্র বা মূল ইংরেজিতে হাবল স্পেস টেলিস্কোপ, মহাকাশে পৃথিবীর মাধ্যাকর্ষণের আয়ত্তাধীন ভাসমান পৃথিবীর প্রথম এবং একমাত্র (প্রেক্ষিত 2012) দূরবীক্ষণ যন্ত্র, যা এ পর্যন্ত (2012) সবচেয়ে দূরাবধি দেখার জন্য মানুষের তৈরি শ্রেষ্ঠ দূরবীক্ষণ যন্ত্র। এমনকি পরিষ্কার দৃশ্য দেখার ক্ষেত্রেও দূরবীক্ষণ যন্ত্রটি এগিয়ে আছে, এর উজ্জ্বল দৃশ্য দেখার ক্ষমতা হলো 0.05 আর্কসেকেন্ড।

হাবল মহাকাশ দূরবীক্ষণ যন্ত্র একটি মহাকাশ দূরবীক্ষণ যন্ত্র যা 1990 খ্রিস্টাব্দে পৃথিবীর কক্ষপথের মধ্যে চালু করা হয় এবং অপারেশন অবশেষ। যদিও প্রথম স্পেস দূরবীক্ষণ নয়, হাবলটি সর্ববৃহৎ এবং সবচেয়ে বহুমুখী, এবং এটি একটি অত্যাবশ্যক গবেষণা সরঞ্জাম এবং জ্যোতির্বিজ্ঞানের জন্য একটি জনসাধারণের স্বীকৃতি হিসাবে পরিচিত। এইচএসটি জ্যোতির্বিজ্ঞানী এডউইন হাবলের নামে নামকরণ করা হয়, এবং এটি নাসা'র গ্রেট মানমন্দিরের এক, কম্পটন গামা রশ্মি মানমন্দির, চন্দ্র এক্স-রে মানমন্দির এবং স্পিৎজার স্পেস দূরবীক্ষণ সাথে।

একটি 2.4-মিটার (7.9 ফুট) আয়না সহ, হাবলের চারটি প্রধান যন্ত্র দৃশ্যমান এবং নিকটবর্তী অতিবেগুনী, পর্যবেক্ষণ এবং নিকটবর্তী অন্বেষণ বর্ণে পর্যবেক্ষণ করে। পৃথিবীর বায়ুমণ্ডলে বিক্রির বাইরে হাবলের কক্ষপথটি অত্যন্ত উচ্চ-রেজোলিউশনের ছবি গ্রহণ করতে দেয়, যা স্থল-ভিত্তিক টেলিস্কোপের তুলনায় যথেষ্ট নিম্নতর পটভূমি লাইট। হাবল বেশিরভ",,773e1b820203,1337
140,SUPPORTED,gold,,,2012 সাল পর্যন্ত সর্বমোট 117টি মৌল শনাক্ত হয়েছে।,"পর্যায় সারণির ইতিহাস উপাদানগুলির রাসায়নিক এবং ভৌত বৈশিষ্ট্য বোঝার ক্ষেত্রে দুই শতাব্দীর বিকাশের প্রতিফলন ঘটায়, যাতে প্রধানত অবদান রেখেছেন- অঁতোয়ান লাভোয়াজিয়ে, ইয়োহান ভোলফগাং ডোবেরেইনার, জন নিউল্যান্ড, ইউলিয়ুস লোটার মাইয়ার, গ্লেন থিওডোর সিবোর্গ এবং আরও কিছু রসায়নবিদ। 
 
2012 সাল পর্যন্ত সর্বমোট 117টি মৌল শনাক্ত হয়েছে। গোড়ার দিকে বিজ্ঞানীরা মৌলগুলোকে ধাতু এবং অধাতু, এই দুই ভাগে ভাগ করেছিলেন। কিন্তু এই বিভাজন খুব বেশি ফলপ্রসূ হয়নি, কারণ ধাতব ও অধাতব মৌলের ধর্মের প্রভেদ খুব স্পষ্ট নয়। ডাল্টনের পরমাণুতত্ত্ব প্রকাশিত হওয়ার পর মৌলসমূহের পারমাণবিক ভরের সঙ্গে তাদের ধর্মের সম্পর্ক স্থাপনের প্রচেষ্টা শুরু হয়। কিন্তু যতদিন পর্যন্ত সঠিক পারমাণবিক ভর নির্ণয়ের পদ্ধতি আবিষ্কৃত হয়নি, ততদিন পর্যন্ত মৌলের স্বাভাবিক শ্রেণিবিন্যাসের কাজ বেশি দূর অগ্রসর হতে পারেনি। মৌলসমূহের সঠিক পারমাণবিক ভর নির্ণীত হওয়ার পরেই মৌলসমূহের পারমাণবিক গুরুত্ব ও তাদের ধর্মের সমন্বয় সাধন করে মৌলগুলোর শ্রেণিবিন্যাসের প্রচেষ্টা বিশেষ গুরুত্ব লাভ করে। যা থেকে আধুনিক পর্যায় সারণির উদ্ভব হয়। 
 
1789 সালে রসায়নবিদ অঁতোয়ান লাভোয়াজিয়ে তখন পর্যন্ত আবিষ্কৃত 33 টি রাসায়নিক উপাদানকে ধাতু ও অধাতু, এই দুইভাগে বিভক্ত করেন। যদিও লাভোয়াজিয়ের সমসাময়িক রসায়নবিদগণ আরও উন্নত শ্রেণীবিন্যাসকরণ পদ্ধতির সন্ধান করছিলেন। ",,773e1b820203,1337
141,CONTRADICTED,numeral,22,1.3,ক্রিকেটের আইনে 1.3 নম্বর আইন দ্বারা ওয়াইড বলের সংজ্ঞা দেওয়া হয়েছে।,"ক্রিকেটের আইনে 22 নম্বর আইন দ্বারা ওয়াইড বলের সংজ্ঞা দেওয়া হয়েছে। একটি নিক্ষিপ্ত বল ওয়াইড হবে যদি নিক্ষিপ্ত বলটি ব্যাটসম্যানের খেলার নাগালের বাইরে ও বেশ দূর দিয়ে অতিক্রম করার ফলে তিনি ব্যাট দ্বারা বল স্পর্শ করার সুযোগ থেকে বঞ্চিত হন অর্থাৎ একজন ব্যাটসম্যান যেখানে দাড়ান সেখান থেকে স্বাভাবিকভাবে খেলার পক্ষে যথেষ্ট দূরে থাকে। তবে নিক্ষিপ্ত বল ওয়াইড হবে না যদি বল ব্যাট বা ব্যাটসম্যানকে আঘাত করে অথবা ব্যাটসম্যান যদি সরে গিয়ে বলকে নাগালের বাইরে রাখে। তাছাড়া কোন বল যদি ওয়াইডের পাশাপাশি নো-বলের যোগ্য হয় তবে আম্পায়ার এটিকে নো-বল ডাকবে, ওয়াইড নয়। কারণ নো বল বোলিং দলের পক্ষে বেশি গুরুতর অপরাধ। ওয়াইড বল অপেক্ষাকৃত কম করা হয় তবে অনেক প্রতিযোগিতায় রক্ষণাত্মক বোলিং প্রতিরোধের জন্য আরো কঠোর ভাবে সীমানির্দেশ করার জন্য প্রবিধান যুক্ত করা হয়েছে এবং ওয়াইড বলের সংখ্যা অনেক বৃদ্ধি পেয়েছে। ওয়ানডে ক্রিকেটে বল যদি স্টাম্পকে আঘাত না করে এবং ব্যাটসম্যানের লেগ সাইডে পড়ে তবে নিক্ষিপ্ত বলকে এখন ওয়াইড ডাকা হয়। 1975 সালে অনুষ্ঠিত প্রথম বিশ্বকাপের সেমিফাইনাল এবং ফাইনালে মোট 79 টি অতিরিক্ত রান হয়েছিল যার মধ্যে 9 টি ওয়াইড ছিল (11.4%); 2011 সালের বিশ্বকাপের সেমিফাইনাল এবং ফাইনালে 77 টি অতিরিক্ত রান হয় যার মধ্যে 46 টি ওয়াইড ছিল (59.7%)। 1970-71 সালের অ্যাশেজ সিরিজের ছয়টি টেস্টে 9 টি ওয়াইড",,773e1b820203,1337
142,CONTRADICTED,relation_order,লিমিটেড->নিজেই,নিজেই->লিমিটেড,"পরের বছর (1942) এটি হিনো হ্যভি ইন্ডাস্ট্রি কোং লিমিটেড নামে নতুন যাত্রা শুরু করে, ডিজেল মোটর ইন্ডাস্ট্রিয়াল কোং নিজেই থেকে লিমিটেড বের করে দেয় এবং হিনো নামের জন্ম হয় দ্বিতীয় বিশ্বযুদ্ধের সময়, হিনো ইম্পেরিয়াল জাপানি আর্মিয়ের জন্য হো-হে আধ-ট্র্যাক এবং টাইপ 1 হো-কি আর্মার্ড কর্মী ক্যারিয়ার তৈরি করে।","হিনো মোটরস লিমিটেড (হিনো মোটর কর্পোরেশন) সাধারণত ""হিনো"" নামে পরিচিত, এটি একটি জাপানি যানবাহন প্রস্তুতকারী বাণিজ্যিক প্রতিষ্ঠান (ট্রাক, বাস ও অন্যান্য যানবাহন সহ) হিনো-শি'এর সদর দফতর টোকিওতে অবস্থিত। মাঝারি ও ভারী ডিজেল ট্রাক ও বাস এশিয়ার অন্যতম একটি প্রধান কোম্পানিটি।
টোকিও স্টক এক্সচেঞ্জে হিনো মোটরস নিক্সিকে 225 এর একটি দল। এটি টয়োটা মোটর কর্পোরেশনের একটি সহায়ক এবং টয়োটা গ্রুপের 16 টি প্রধান কোম্পানি। 
কোম্পানিটি 1910 সালে টোকিও গ্যাস ইন্ডাস্ট্রির প্রতিষ্ঠানে তার শিকড় টানায়। 1910 সালে চিওোদা গ্যাস কোম্পানীটি প্রতিষ্ঠিত হয়েছিল এবং গ্যাস লাইট ব্যবহারকারীদের জন্য টোকিও গ্যাস কোম্পানির পক্ষ থেকে কঠোরভাবে প্রতিদ্বন্দ্বিতা করেছিল। টোকিও গ্যাস শিল্পটি চিওোদা গ্যাসের জন্য একটি অংশ সরবরাহকারী ছিল কিন্তু 1912 সালে এটি টোকিও গ্যাসের মধ্যে পরাজিত হয় এবং টোকিও গ্যাসে মার্জ হয়ে যায়। তার সর্বাধিক ক্লায়েন্ট হারানোর পর, টোকিও গ্যাস ইন্ডাস্ট্রিয়াল কোম্পানিটি ইলেকট্রনিক অংশ সহ তাদের পণ্য লাইন প্রসারিত করে এবং টোকিও গ্যাস অ্যান্ড ইলেকট্রিক ইন্ডাস্ট্রি (টোকিও গ্যাস বৈদ্যুতিক শিল্প), টি জি ও ই এবং প্রায়ই গ্যাসডেন হিসাবে সংক্ষিপ্ত করা হয়। এটি 1917 সালে প্রথম মোটর গাড়ি প্রস্তুত করে, মডেল টিজিই""এ- টাইপ"" ট্রাক। 1937 সালে, টোগো অটোমোবাইল ইন্ডাস্ট্রিয়াল কোং লিমিটেড, টিজি ও ই একটি শেয়ারহোল্ডা",,773e1b820203,1337
143,CONTRADICTED,unit,ডলার,হেক্টর,বিশ্ববাজারে পিসিবির পেছনে ব্যয় 2014 সালে 60.2 বিলিয়ন হেক্টর ছাড়িয়ে গেছে এবং 2024 সালের মধ্যে 79 বিলিয়ন ডলারে পৌঁছবে বলে অনুমান করা হচ্ছে।,"একটি প্রিন্টেড সার্কিট বোর্ড (পিসিবি) হল পরিবাহী এবং অন্তরক স্তরসমূহের একটি ফলকায়ন করা স্যান্ডউইচ কাঠামো। পিসিবির দুটি পরিপূরক কাজ রয়েছে। প্রথমটি হল সোল্ডারিংয়ের মাধ্যমে বাইরের স্তরগুলোতে নির্ধারিত স্থানে ইলেকট্রনীয় যন্ত্রের উপাদানগুলোকে সংযুক্ত করা। দ্বিতীয়টি হল উপাদানগুলোর টার্মিনালসমূহের মধ্যে একটি নিয়ন্ত্রিত পদ্ধতিতে নির্ভরযোগ্য বৈদ্যুতিক সংযোগ (এবং নির্ভরযোগ্য খোলা বর্তনী) স্থাপন করা যা প্রায়স পিসিবির নকশায় উল্লেখ থাকে। তড়িৎ পরিবাহীর প্রতিটি পরিবাহী স্তরসমূহ একটি আর্টওয়ার্ক প্যাটার্ন দিয়ে নকশা করা হয়েছে (ঠিক একটি সমতল পৃষ্ঠের উপর তারসমূহের মতো) যা সেই পরিবাহী স্তরে বৈদ্যুতিক সংযোগ প্রদান করে। অন্য একটি উৎপাদন প্রক্রিয়া ভিয়া সমূহ এবং ফলকের এফোঁড়-ওফোঁড় ছিদ্র সমুহ যোগ করে যা স্তরগুলির মধ্যে আন্তঃসংযোগ স্থাপনের অনুমতি দেয়। 
উপাদানসমূহের টার্মিনালগুলিকে গ্রহণ করার জন্য ইলেকট্রনীয় যন্ত্রের উপাদানগুলোকে পরিবাহী প্যাড সমূহের নির্দিষ্ট আকারে ডিজাইন করে ব্যবহার করার জন্য পিসিবিগুলো যান্ত্রিকভাবে অনুমোদন দেয় এবং এছাড়াও এগুলোকে বৈদ্যুতিকভাবে সংযুক্ত করার জন্য দাগসমূহ, সমতল স্থানসমূহ এবং তামার স্তরিত এক বা একাধিক শীটের স্তরসমূহের ওপর এবং/অথবা অপরিবাহী স্তর বিশিষ্ট শীটের স্তরসমূহের মধ্যে অন্যান্য বৈশিষ্ট্য খোদাই করা থাকে সেসব ব্যবহার করে। বৈদ্যুতিকভাবে সংযুক্ত এবং যান্ত্",,773e1b820203,1337
144,CONTRADICTED,date,1967,1819,"বলা হয়, অ্যালেক্সান্ডার জে ডেসলার ইংরেজি ""হেলিওস্ফিয়ার"" শব্দটি উদ্ভাবন করেন, যিনি 1819 সালে বৈজ্ঞানিক রচনাবলীতে প্রথম এই শব্দটি ব্যবহার করেন।","সৌরমণ্ডল হলো সূর্য কর্তৃক তৈরি, সূর্যের পারিপার্শ্বিক বুদবুদের মত একটি মহাজাগতিক অঞ্চল। প্লাজমা পদার্থবিজ্ঞানের ভাষায় সৌরমণ্ডল হলো সূর্য কর্তৃক পারিপার্শ্বিক অন্তনাক্ষত্রিক পদার্থে সৃষ্ট একটি খোল। সৌরমণ্ডলের এই ""বুদবুদটি"" ক্রমাগত সূর্য কর্তৃক সৃষ্ট প্লাজমা (সৌর বায়ু) দ্বারা ""স্ফীত"" হয়। সৌরমণ্ডলের বাইরে সৌর প্লাজমা নিজেকে আকাশগঙ্গা ছায়াপথ থেকে প্রবেশ করা আন্তঃনাক্ষত্রিক প্লাজমার কাছে নিজেকে সপে দেয়। সৌরমণ্ডলের ভেতরে ও বাইরে বিকিরণ মাত্রার তফাত থাকে; পৃথকভাবে, সৌরমণ্ডলের অভ্যন্তরভাগে মহাজাগতিক রশ্মি বহির্ভাগের থেকে কম প্রতুল। ফলে, এর অভ্যন্তরীণ গ্রহসমূহ (পৃথিবী সহ) আংশিকভাবে এদের প্রভাব থেকে রক্ষা পায়। বলা হয়, অ্যালেক্সান্ডার জে ডেসলার ইংরেজি ""হেলিওস্ফিয়ার"" শব্দটি উদ্ভাবন করেন, যিনি 1967 সালে বৈজ্ঞানিক রচনাবলীতে প্রথম এই শব্দটি ব্যবহার করেন। সৌরমণ্ডলের বৈজ্ঞানিক অধ্যায়নকে বলা হয় সৌরমণ্ডল পদার্থবিজ্ঞান যার মধ্যে মহাকাশ আবহাওয়া ও মহাকাশ জলবায়ুও অন্তর্ভুক্ত।",,773e1b820203,1337
145,CONTRADICTED,entity,ওয়ালটন,প্রাপ্তবয়স্ক,প্রাপ্তবয়স্ক হচ্ছে একটি বাংলাদেশী ব্র্যান্ড; যার সদর দপ্তর ঢাকায় অবস্থিত।,"ওয়ালটন হচ্ছে একটি বাংলাদেশী ব্র্যান্ড; যার সদর দপ্তর ঢাকায় অবস্থিত। এর মূল কারখানাটি গাজীপুর জেলার চন্দ্রাতে অবস্থিত। ওয়ালটন গ্রুপ এর প্রায় সকল পণ্য ওয়ালটন নামে বাজারজাত করা হয়।ওয়ালটন হাই-টেক ইন্ডাস্ট্রিজ লিমিটেড, ওয়ালটন মাইক্রো-টেক ইন্ডাস্টিজ লিমিটেড, ওয়ালটন ডিজি-টেক ইন্ডাস্ট্রিজ লিমিটেড, ওয়ালটন করপোরেশন, ওয়ালটন প্লাজা, ওয়ালটন ই-প্লাজা ইত্যাদি হচ্ছে এই গ্রুপের অধীনস্থ প্রতিষ্ঠান। ওয়ালটন ইলেক্ট্রনিক পণ্য, ইলেকট্রিক্যাল, হোম অ্যান্ড কিচেন অ্যঅপ্লায়েন্সস, যানবাহন ও টেলিযোগাযোগের পণ্য গুলো উৎপাদন করে থাকে। ওয়ালটন বাংলাদেশের সর্বোচ্চ করদাতাদের মধ্যে একটি এবং দেশের অর্থনীতিতে এর শক্তিশালী প্রভাব রয়েছে। ওয়ালটন বাংলাদেশের বৃহত্তম কোম্পানিগুলোর মধ্যে একটি। এটি বাংলাদেশে ফ্রিজের সবচেয়ে বড় প্রস্তুতকারক, যার বাজারে সর্বোচ্চ বাজার শেয়ার রয়েছে। এই কোম্পানির একটি সুপারফ্যাক্টরিজ টিভি সিরিজ ন্যাশনাল জিওগ্রাফিক চ্যানেলে প্রচারিত হয়েছে গত 26 ফেব্রুয়ারি 2022 যা আন্তর্জাতিক পর্যায়ে আরো পরিচিত হবে।",,773e1b820203,1337
146,CONTRADICTED,polarity,,না,"আনুষ্ঠানিক অ্যালগরিদমের এই ধারণার জন্য অনন্য হল অ্যাসাইনমেন্ট অপারেশন, যা একটি পরিবর্তনশীলের মান নির্ধারণ করে না।","এই গণনামূলক প্রক্রিয়াগুলির কিছুর জন্য, অ্যালগরিদমকে অবশ্যই কঠোরভাবে সংজ্ঞায়িত করতে হবে: উদ্ভূত সমস্ত সম্ভাব্য পরিস্থিতিতে এটি যেভাবে প্রযোজ্য তা নির্দিষ্ট করে। এর মানে হল যে কোন শর্তসাপেক্ষ পদক্ষেপগুলি অবশ্যই পদ্ধতিগতভাবে মোকাবেলা করতে হবে, কেস-বাই-কেস; প্রতিটি ক্ষেত্রের মানদণ্ড অবশ্যই পরিষ্কার (এবং গণনাযোগ্য) হতে হবে।যেহেতু একটি অ্যালগরিদম হল সুনির্দিষ্ট পদক্ষেপের একটি সুনির্দিষ্ট তালিকা, তাই অ্যালগরিদমের কার্যকারিতার জন্য গণনার ক্রম সর্বদা গুরুত্বপূর্ণ। নির্দেশাবলী সাধারণত সুস্পষ্টভাবে তালিকাভুক্ত বলে ধরে নেওয়া হয়, এবং ""উপর থেকে"" শুরু করা এবং ""নীচে নীচে"" যাওয়া হিসাবে বর্ণনা করা হয় - একটি ধারণা যা নিয়ন্ত্রণের প্রবাহ দ্বারা আরও আনুষ্ঠানিকভাবে বর্ণনা করা হয়।
এখনও অবধি, একটি অ্যালগরিদমের আনুষ্ঠানিককরণের আলোচনাটি অপরিহার্য প্রোগ্রামিংয়ের প্রাঙ্গনে ধরে নিয়েছে। এটি সবচেয়ে সাধারণ ধারণা - যা একটি কাজকে বিচ্ছিন্নভাবে বর্ণনা করার চেষ্টা করে, ""যান্ত্রিক"" মানে। আনুষ্ঠানিক অ্যালগরিদমের এই ধারণার জন্য অনন্য হল অ্যাসাইনমেন্ট অপারেশন, যা একটি পরিবর্তনশীলের মান নির্ধারণ করে। এটি একটি স্ক্র্যাচপ্যাড হিসাবে "" মেমরি "" এর অন্তর্দৃষ্টি থেকে উদ্ভূত। এই ধরনের একটি নিয়োগের উদাহরণ নিচে পাওয়া যাবে।",,773e1b820203,1337
147,CONTRADICTED,unit,দিন,নিউটন,"সূর্যের সাপেক্ষে পৃথিবীর ঘূর্ণনের সময়কালকে - এটির গড় সৌর নিউটন বলা হয়-এটা হল 86,400 সেকেন্ড গড় সৌর সময় (86,400.0025 এস আই সেকেন্ড)।","পৃথিবী নিজের অক্ষের চারিদিকে ঘূর্ণনকে পৃথিবীর আহ্নিক গতি বলে। এই গতি পশ্চিম থেকে পূর্বের দিকে ঘড়ির কাঁটার বিপরীত অভিমুখে হয়ে থাকে। পৃথিবীর আহ্নিক গতির অক্ষ উত্তর মেরু ও দক্ষিণ মেরু অঞ্চলে ভূপৃষ্ঠকে ছেদ করে। 
 
সূর্যের সাপেক্ষে পৃথিবীর ঘূর্ণনের সময়কালকে - এটির গড় সৌর দিন বলা হয়-এটা হল 86,400 সেকেন্ড গড় সৌর সময় (86,400.0025 এস আই সেকেন্ড)। এর কারণ হল পৃথিবীর সৌর দিন আজ সামান্য বড় 19 শতকের তুলনায় যার কারণ হল টাইডাল মন্দন, প্রতিটি দিন পরিবর্তিত হয়ে বড় হয়ে থাকে 0 থেকে 2 এস আই মিলি সেকেন্ড পর্যন্ত। 
 
পৃথিবীর আহ্নিক গতির পর্যায়কাল হিসাব করা হয় স্থির নক্ষত্র সমূহের সাপেক্ষে, যেটাকে ইন্টারন্যাশনাল আর্থ রোটেশন এন্ড রেফারেন্স স্টিস্টেম সার্ভিস (আই.ই.আর.এস) কর্তৃক বলা হয় এটির নাক্ষত্রিক দিন, যা হল 86,164.0989 সেকেন্ড গড় সৌর দিন (ইউটি1), বা 23ঘণ্টা 56মিনিট 4.0989সেকেন্ড। অয়নকাল বা ঘূর্ণনরত গড় মহাবিষুবকালের সাপেক্ষে পৃথিবীর ঘূর্ণনের সময়কালকে, পূর্বে ভুলনামে প্রচলিত ছিল নাক্ষত্র দিন হিসাবে, যার মান হল 86,164.0905 সেকেন্ড গড় সৌর সময় (ইউটি1) (23ঘণ্টা 56মিনিট 4.0905সেকেন্ড) 1982-এর হিসাব অনুযায়ী হতে। ফলাফল স্বরূপ, নাক্ষত্র দিন নাক্ষত্রিক দিনের তুলনায় ছোট প্রায় 8.4 মিলিসেকেন্ড। আই.ই.আর.এস কর্তৃক গড় সৌর দিনের দৈর্ঘ্যের মানের হিসাব এস.আই এককে পাওয়া যায় 1623 সাল থেকে 2005 সাল",,773e1b820203,1337
148,CONTRADICTED,unit,শতাংশ,ঘণ্টা,"সাধারণভাবে, ভারতীয় সমাজের অশিক্ষিত এবং গ্রামীণ অংশে, যা মোট জনসংখ্যার একটি প্রধান ঘণ্টা গঠন করে, মহিলাদের অর্থনৈতিক বোঝা হিসাবে দেখা হয়।","সাধারণভাবে, ভারতীয় সমাজের অশিক্ষিত এবং গ্রামীণ অংশে, যা মোট জনসংখ্যার একটি প্রধান শতাংশ গঠন করে, মহিলাদের অর্থনৈতিক বোঝা হিসাবে দেখা হয়। উৎপাদনশীলতায় তাদের অবদান বেশিরভাগই অদৃশ্য কারণ তাদের পারিবারিক এবং গার্হস্থ্য অবদান উপেক্ষা করা হয়। ভারতীয় মহিলারা কৃষি ও সংশ্লিষ্ট কার্যক্রমে মোট কর্মসংস্থানের প্রায় 36 শতাংশ, পরিষেবা খাতে প্রায় 19 শতাংশ এবং 20 সাল পর্যন্ত শিল্প খাতে প্রায় 12.5 শতাংশ অবদান রেখেছেন। মহিলাদের মধ্যে উচ্চ নিরক্ষরতার হার তাদের পুরুষদের তুলনায় কম বেতন, অদক্ষ চাকরির সুরক্ষা সহ কম বেতনের মধ্যে সীমাবদ্ধ রাখে। এমনকি কৃষি কাজের ক্ষেত্রে যেখানে পুরুষ এবং মহিলাদের কাজ অত্যন্ত অনুরূপ, মহিলাদের এখনও পুরুষদের মতো একই পরিমাণ এবং কাজের ধরণের জন্য কম বেতন পাওয়ার সম্ভাবনা বেশি। যদিও ভারত সরকার কর্মীদের মধ্যে বৈষম্য দূর করার চেষ্টা করেছে, তবুও মহিলারা অসম আচরণ পান। ""পুরুষদের মহিলাদের তুলনায় পদোন্নতি পাওয়ার সম্ভাবনা বেশি-তা ছাড়া, পুরুষদের জন্য তাদের কাজের প্রকৃতি প্রায়শই এই পদোন্নতির সাথে পরিবর্তিত হয়, মহিলাদের মতো নয়, যারা সাধারণত কেবল দায়িত্ব বৃদ্ধি পায় এবং কাজের চাপ বেশি পায়।""। তবে এইমস নার্স ইউনিয়ন নার্সিং অফিসার নিয়োগের জন্য লিঙ্গ বৈষম্যের অভিযোগ করেছে, মহিলা প্রার্থীদের 80 শতাংশ পদ দিয়েছে এবং পুরুষ প্রার্থীদের অবশিষ্ট রয়েছে।

1955 সালে বলিউড গ্রুপ সিনে কস্",,773e1b820203,1337
149,CONTRADICTED,polarity,,না,মহানগর হলো আশফাক নিপুনের পরিচালনায় ভারতীয় ওটিটি প্ল্যাটফর্ম হৈচৈতে প্রকাশিত একটি ওয়েব ধারাবাহিক নাটক না।,"মহানগর হলো আশফাক নিপুনের পরিচালনায় ভারতীয় ওটিটি প্ল্যাটফর্ম হৈচৈতে প্রকাশিত একটি ওয়েব ধারাবাহিক নাটক। এতে শ্রেষ্ঠাংশে অভিনয় করেন মোশাররফ করিম ও জাকিয়া বারী মম। প্রথম মৌসুমের 8টি পর্ব 2021 সালের 25 জুন ভারত ও বাংলাদেশে মুক্তি পায়। 
পুলিশের উপ-পরিদর্শক মলয় কুমার (মুস্তাফিজুর নূর ইমরান) তার একজন বিশ্বস্ত তথ্যদাতার কাছ থেকে খবর পেয়েছেন যে একজন দাগী অপরাধী রাজধানীতে ফিরে এসেছে। তিনি মধ্যরাতে তার ঊর্ধ্বতন কর্মকর্তা ইনচার্জ হারুনকে (মোশাররফ করিম) সাথে নিয়ে এই অপরাধীকে ধরতে বের হন। 
শিল্পপতি-রাজনীতিবিদ আলমগীর চৌধুরীর অহংকারী ছেলে আফনান চৌধুরী (শ্যামল মাওলা) ক্ষমতার দর্পে তাস খেলায় হার মেতে নিতে চায় না, তার মেজাজ খারাপ হয়ে যায়। সে নিজের বান্ধবীকে তুচ্ছ করে পার্টি থেকে বেরিয়ে আসে। এরপর মাতাল হয়ে গাড়ি চালানোর সময়, তার গাড়িতে চাপা পড়ে এক সাইকেল চালকের মৃত্যু হয়। পুলিশ তাকে ধরে থানায় নিয়ে আসে। আলমগীর চৌধুরী যেকোনও মূল্যে ছেলেকে ছাড়ানোর জন্য এক প্রতিনিধিকে (শাহিদ আলী) থানায় পাঠান ও পুরনো বন্ধু ওসি হারুনের সাথে সমঝোতা করতে বলেন। ওসি বড় অঙ্কের টাকা ঘুষ নেন, আফনানকে বাঁচানোর চেষ্টা করেন, তাকে মুক্ত করার জন্য সাক্ষ্য, প্রমাণ বিলুপ্ত করার চেষ্টা করেন। কিন্তু এসি শাহানা হুদা (জাকিয়া বারী মম) ঘটনাস্থলে এলে পরিস্থিতি আরও কঠিন হয়ে ওঠে। তিনি আফনান চৌধুরীকে প্রভাবশালী ব্যক্তির পু",,773e1b820203,1337
150,CONTRADICTED,numeral,30,460,"গ্যালাক্টিক গৃহযুদ্ধের 460 বছর পর গ্যালাক্টিক সম্রাজ্যের উত্তরসুরী 'ফার্স্ট অর্ডার', নিউ রিপাবলিককে ক্ষমতা থেকে অপসারন করে নিজেদেরকে গ্যালাক্সির ক্ষমতায় অধিস্টিত করতে চায়।","গ্যালাক্টিক গৃহযুদ্ধের 30 বছর পর গ্যালাক্টিক সম্রাজ্যের উত্তরসুরী 'ফার্স্ট অর্ডার', নিউ রিপাবলিককে ক্ষমতা থেকে অপসারন করে নিজেদেরকে গ্যালাক্সির ক্ষমতায় অধিস্টিত করতে চায়।

নিউ রিপাবলিক মুখি সামরিক সংস্থা 'রেসিস্টেন্স' এর প্রধান জেনারেল লেয়া অরগানা তার বিশ্বস্ত কর্মচারী ক্যাপ্টেন পো ড্যামেরন কে 'জাক্কু ' নামক গ্রহে পাঠান একটি ম্যাপ সংগ্রহ করার জন্য, যেখানে লেয়ার ভাই জেডাই মাস্টার লুক স্কাইওয়াকারের ঠিকানা উল্লেখ আছে। কিন্তু দুরভাগ্য বশত পো রেসিস্টেন্সের শত্রু, ফাস্ট অর্ডারের নেতা কাইলো রেন এর হাতে ধরা পরেন। কিন্তু এর আগে তিনি ম্যাপ টি তার ড্রয়েড, বি বি 8 এর কাছে আমানত রেখে দেন। বি বি 8 দুরঘটনা স্থল থেকে দূরে সরে আসলে ম্যাপ টি কাইলো রেন এর হাতে যাওয়া থেকে বেঁচে যায়। কিন্তু পো কে কাইলো বন্ধি করে এবং ম্যাপের কথা জিজ্ঞেশ করে। তবে, পো তা বলতে অস্বীকৃতি জানায়। বি বি 8 কি পারবে ম্যাপ টিকে সঠিক হাতে তুলে দিতে?",,773e1b820203,1337
151,CONTRADICTED,entity,গ্রীক,রচনায়,টাইর্যানোসরাস (অর্থ টাইর্যান্ট লিজার্ড যা রচনায় শব্দ টাইর্যানোস এবং সরাস (লিজার্ড) থেকে এসেছে।) এটি কোয়েলুরোসরিয়ান থেরাপড গণের ডাইনোসর।,"টাইর্যানোসরাস (অর্থ টাইর্যান্ট লিজার্ড যা গ্রীক শব্দ টাইর্যানোস এবং সরাস (লিজার্ড) থেকে এসেছে।) এটি কোয়েলুরোসরিয়ান থেরাপড গণের ডাইনোসর। টাইর্যানোসরাস রেক্স ((লাতিন রেক্স অর্থ রাজা) একটি সুপরিচিত বৃহৎ থেরাপডস। টাইর্যানোসরাস বর্তমানের উত্তর আমেরিকার পশ্চিমাংশে তখনকার লারামিডিয়া নামের দ্বীপ মহাদেশে বাস করতো। বিভিন্ন পাথরে রুপান্তরিত হওয়া জীবাশ্মের সন্ধান পাওয়া গেছে যা ম্যাসট্রিচশিয়ান যুগের, 68 থেকে 66 বছর আগেকার।. এরা টাইর্যানোসরয়েডস পরিবারের শেষ সদস্য,, এবং শেষ অপক্ষী ডাইনোসরগোষ্ঠী।

অন্যান্য টাইর্যানোসরয়েডের মত টাইর্যানোসরাস দ্বীপদ, মাংসাশী, সুবৃহৎ মাথার খুলি, লম্বা এবং ভারী লেজযুক্ত প্রাণী। এদের সামনের পা খুবই ছোট কিন্তু আকারের তুলনায় অস্বাভাবিক শক্তিধর এবং দুটো করে আঙুল আছে।

টাইনোসরাস রেস ছিলো অন্যতম বৃহৎ স্থলচর মাংসাশী প্রাণী। প্রাপ্ত পরিপূর্ণ নমুনা সমূহের মধ্যে সব থেকে বড়টি রাখা হয়েছে প্রাকৃতিক ইতিহাস জাদুঘরে যার নাম ফমনঃ প্রটো81 এবং ডাকনাম সু, লম্বায় 40 ফুট, উরু থেকে 12 ফুট উঁচু এএবং ওজন সাড়ে চার থেকে সাত মেট্রিক টনের বেশীও হতো।

2011 সালের এক গবেষণা থেকে জানা যায় সু এর ওজন, সর্ববৃহৎ টাইর্যানোসরাস, 9.5 এবং 18.5 মেট্রিক টনের মধ্যে। গবেষণা পত্রের লেখকেরা এই ঊর্ধ্ব ও নিম্ন পরিমাপের কারণ হিসেবে উল্লেখ করেছেনন যে এরা খুব চিকনও হতে পারে আবার খুব মোটাও হতে পারে।

1955 স",,773e1b820203,1337
152,CONTRADICTED,unit,টন,ফারেনহাইট,"বন্দরটি দেশের মধ্য ভাগের পণ্য দ্রব্য আমদানি ও রপ্তানি করে।এই বন্দর দ্বারা 2008 সালে 2.7 মিলিয়ন ফারেনহাইট পণ্য দ্রব্য আমদানি ও রপ্তানি হয়েছে।এর মধ্যে 1.2 মিলিয়ন টন দ্রব্য বিদেশে রপ্তানি হয়েছে।বাকি বন্য আমদানি হয়েছে।বন্দরটি দ্বারা রপ্তানি করা হয় চাল, চা, বনজ দ্রব্য প্রভৃতি।আমদানি করা হয় খনিজ তেল, রাসায়নিক দ্রব্য, ঔষদ, যন্ত্রপাতি প্রভৃতি।","ডানাং বন্দর হল ভিয়েতনাম এর তৃতীয় বৃহত্তম বন্দর। প্রথম হল হো চি মিন সিটি এর সাইগন বন্দর ও দ্বিতিয় হল হাই ফোং বন্দর। এই বন্দরটি হান নদী এর মোহনায় গড়ে উঠেছে। এটি ভিয়েতনাম এর মধ্য ভাগের প্রধান বন্দর। এই বন্দর দ্বার দেশের মধ্য ভাগের পণ্য দ্রব্য আমদানি ও রপ্তানি হয়। এই বন্দরটি দুটি টার্মিনাল দ্বারা গঠিত। এই দুটি টার্মিনাল হল টিইন সি পোর্ট ও সং বন্দর। টিইন সি পোর্ট 11 মিটার গভীরতা যুক্ত। আর সং বন্দর 6 থেকে 7 মিটার গভীরতা যুক্ত। এই বন্দরটি পূর্ব পশ্চিম অর্থনৈতিক করিডর এর পূর্ব প্রান্তে অবস্থিত। এই অর্থনৈতিক করিডর ভিয়েতনাম, লাওস, থাইল্যান্ড, হয়ে মায়ানমার পর্যন্ত গেছে। ডানাং শহরের অর্থনীতিতে এই বন্দরের গুরুত্ব অপরিসীম। বন্দরটি দেশের মধ্য ভাগে দক্ষিণ চিন সাগর এর তীরে হান নদী এর মোহনায় গড়ে উঠেছে।এটি সমুদওর সমতল থেকে 0 থেকে 2 মিটার উচ্চতায় অবস্থিত।বন্দরটি 16.04 উত্তর ও 108 পূর্বে অবস্থিত।বন্দরটি হ্যানয় থেকে 760 কিলোমিটার দূরে ও হো চি মিন সিটি থেকে 980 কিলোমিটার দূরে অবস্থিত। বন্দরটি নদীর মহনায় গড়ে উঠেছে।ফলে বন্দরের পোতাশ্রয়ের গভীরতা কম। পোতাশ্রয়টি কৃত্রিম প্রকৃতির। পোতাশ্রয়ের গভীরতা 6 মিটার থেকে 7 মিটার এবং সর্বোচ্চ গভীরতা হল 11 মিটার।
বন্দরটি দুটি টার্মিনাল বা ডক ব্যবস্থা নিয়ে গঠিত। টিইন ডকটি বেশি গভীরতা যুক্ত।এই ডকের গভীরতা 11 মিটার। এই ডকে 45,000 টন পণ্যবাহী জাহাজ ভিরতে ব",,773e1b820203,1337
153,CONTRADICTED,unit,যুগ,ইঞ্চি,ইতালির সালারিয়া হয়ে অনেকগুলি নুনের রাস্তা ব্রোঞ্জ ইঞ্চি দ্বারা প্রতিষ্ঠিত হয়েছিল।,"নুন, যা টেবিল লবণের হিসাবেও পরিচিত বা এর রাসায়নিক নাম সোডিয়াম ক্লোরাইড, এটি সোডিয়াম এবং ক্লোরাইড আয়ন দ্বারা তৈরি একটি আয়নিক যৌগ। সমস্ত জীবন বেঁচে থাকার জন্য তার রাসায়নিক বৈশিষ্ট্যের উপর নির্ভর করে বিকশিত হয়েছে। এটি খাদ্য সংরক্ষণ থেকে শুরু করে সিজনিং পর্যন্ত হাজার বছর ধরে মানুষ ব্যবহার করে আসছে। খাদ্য সংরক্ষণের জন্য লবণের ক্ষমতা সভ্যতার বিকাশে একটি প্রাথমিক অবদানকারী ছিল। এটি খাবারের মৌসুমী প্রাপ্যতার উপর নির্ভরতা দূরীকরণে সহায়তা করেছিল এবং বড় দূরত্বের মাধ্যমে খাদ্য পরিবহন সম্ভব করেছে। যাইহোক, লবণ পাওয়া প্রায়শই কঠিন ছিল, সুতরাং এটি একটি অত্যন্ত মূল্যবান বাণিজ্য আইটেম ছিল এবং নির্দিষ্ট লোকেরা মুদ্রার এক রূপ হিসাবে বিবেচিত হত। ইতালির সালারিয়া হয়ে অনেকগুলি নুনের রাস্তা ব্রোঞ্জ যুগ দ্বারা প্রতিষ্ঠিত হয়েছিল।

ইতিহাসের সর্বত্রই, লবণের সহজলভ্যতা সভ্যতার জন্য গুরুত্বপূর্ণ। ব্রিটেনে, স্থানের নামের সাথে ""-উইচ"" প্রত্যয়টির অর্থ এটি একবার স্যান্ডউইচ এবং নরউইচের মতো লবণের উৎস ছিল। নাট্রন উপত্যকা একটি মূল অঞ্চল ছিল যা এর উত্তরে মিশরীয় সাম্রাজ্যকে সমর্থন করেছিল, কারণ এটি এটিকে এক ধরনের নুন সরবরাহ করেছিল যা এর নাম ন্যাট্রোন নামে ডাকা হয়েছিল। আজ, লবণ প্রায় সর্বজনীন অ্যাক্সেসযোগ্য, তুলনামূলকভাবে সস্তা এবং প্রায়শই আয়োডিনযুক্ত।",,773e1b820203,1337
154,CONTRADICTED,date,1978,1841,পরবর্তীকালে 1841 সালের ডিসেম্বরে তিনি বাংলাদেশ সেনাবাহিনী হতে অবসর গ্রহণ করেছিলেন।,"মুজিব-হত্যা, 3রা নভেম্বরের অভ্যুত্থান ও জিয়া
1975 সালের 15ই আগস্ট শেখ মুজিবুর রহমান তার নিজ দলের কিছু বিপথগামী সদস্য, কথিত বৈদেশিক শক্তি এবং সামরিক বাহিনীর ডজনসংখ্যক সামরিক অফিসার দ্বারা সংঘটিত একটি তথাকথিত অভ্যুত্থানে তাঁর পরিবারের বেশিরভাগ সদস্যসহ তাঁর ধানমন্ডি 32 নম্বর সড়কের 677 নং বাড়িতে নিহত হন। শেখ মুজিবকে হত্যার চক্রান্তে জিয়া সমালোচিত ভূমিকা রাখেন। মুজিব-হত্যার পর হত্যার চক্রান্তকারী মুজিব মন্ত্রীসভার বাণিজ্যমন্ত্রী খন্দকার মোশতাক আহমেদ সংবিধান বহির্ভূতভাবে ক্ষমতায় অধিষ্ঠিত হন। 1975 সালের 24 আগস্ট, শেখ মুজিবুর রহমানের নিহত হওয়ার 10 দিন পর জিয়া খন্দকার মোশতাক আহমেদ কর্তৃক বাংলাদেশ সেনাবাহিনীর প্রধান নিযুক্ত হন। পরবর্তীকালে 1978 সালের ডিসেম্বরে তিনি বাংলাদেশ সেনাবাহিনী হতে অবসর গ্রহণ করেছিলেন।

মোশতাক ক্ষমতায় থাকাকালে তার নামে মূলত শেখ মুজিবের খুনি সামরিক অফিসারগণই ক্ষমতার অধিকারী ছিলেন। খুনিচক্র রাষ্ট্র পরিচালনায় হস্তক্ষেপ করতে থাকলে চরম বিশৃঙ্খলা দেখা দেয়। খালেদ মোশাররফ, শাফায়াত জামিল সহ কিছু উচ্চাকাঙ্ক্ষী সিনিয়র অফিসার এর বিরোধিতা করে জিয়াকে সেসব খুনি রাষ্ট্রক্ষমতার অধিকারী জুনিয়র অফিসারদের বঙ্গভবন থেকে সেনানিবাসে ফিরিয়ে এনে সেনাবাহিনীর শৃঙ্খলা ফিরিয়ে আনার আহবান জানান। কিন্তু জিয়া নিজেই ঐসব খুনি অফিসারচক্র কর্তৃক নিযুক্ত হওয়ায় তাদের বিরুদ্ধে কঠোর হতে ব্য",,773e1b820203,1337
155,NEUTRAL,cross_passage,,,"বিখ্যাত বিমান নির্মাতা প্রতিষ্ঠান ""বোয়িং"" এর একটি গবেষণা থেকে জানা যায় যে, গড়ে যেকোন বিমান প্রতিবছর অন্তত দুইবার বজ্রপাতের শিকার হয়।","2006 সালে দক্ষিণ আমেরিকার প্রাক্কলিত জনসংখ্যা ছিল 37 কোটি 60 লক্ষ, যা পৃথিবীর মোট জনসংখ্যার 6%। এই মহাদেশে 12টি রাষ্ট্র আছে। এদের মধ্যে 10টি রাষ্ট্র লাতিন: আর্জেন্টিনা, বলিভিয়া, ব্রাজিল, চিলি, কলম্বিয়া, ইকুয়েডর, প্যারাগুয়ে, পেরু, উরুগুয়ে, এবং ভেনেজুয়েলা। দুইটি রাষ্ট্র লাতিন নয়। এই দুটি রাষ্ট্রের মধ্যে গায়ানা যুক্তরাজ্যের এবং সুরিনাম নেদারল্যান্ডসের প্রাক্তন উপনিবেশ ছিল। ব্রাজিল ছিল পর্তুগালের উপনিবেশ। আর্জেন্টিনা, বলিভিয়া, চিলি, কলম্বিয়া, ইকুয়েডর, প্যারাগুয়ে, পেরু, উরুগুয়ে, এবং ভেনেজুয়েলা এই 9 টি দেশ ছিল স্পেনের উপনিবেশ। এসব দেশের ভাষাও স্পেনিস। ব্রাজিলের ভাষা পর্তুগিজ, সুরিনামের ভাষা ডাচ এবং গায়ানার ভাষা হচ্ছে ইংরেজি। এছাড়া দক্ষিণ আমেরিকাতে ফ্রেঞ্চ গায়ানা বা গুইয়ান নামে ফ্রান্সের একটি জেলা সমমর্যাদার দেপার্ত্যমঁ রয়েছে। এটি এক সময় ফ্রাঞ্চের উপনিবেশ ছিল। মহাদেশটি থেকে বিরাট দূরত্বে প্রশান্ত মহাসাগরে অবস্থিত অনেকগুলি প্রশাসনিক অঞ্চল আছে, যেগুলি দক্ষিণ আমেরিকান বিভিন্ন রাষ্ট্রের অংশ। এদের মধ্যে আছে চিলির হুয়ান ফের্নান্দেস দ্বীপপুঞ্জ ও ইস্টার দ্বীপ, এবং ইকুয়েডরের গালাপাগোস দ্বীপপুঞ্জ। উপকূলের কাছে অবস্থিত মহাসাগরীয় অঞ্চলগুলির মধ্যে আছে আটলান্টিক মহাসাগরে অবস্থিত ব্রাজিলের ফের্নান্দু দি নোরোনিয়া দ্বীপপুঞ্জ। দক্ষিণে আছে যুক্তরাজ্যের ফকল্যাণ্ড দ্বীপপুঞ্জ। এই দ্বীপপ",,773e1b820203,1337
156,CONTRADICTED,numeral,15,162,"এই ধারাটি কেবলমাত্র তখনই প্রয়োগ করা হয়, যেখানে কোন খেলায় প্রতিটি দলের জন্য দুটি করে ইনিংসে ব্যাট করার জন্য নির্ধারিত থাকে; ধারা 162 বিশেষত সীমিত ওভারের ক্রিকেট খেলায় প্রয়োগ করা হয় না।","ক্রিকেট খেলায় ডিক্লিয়ারেশন বা ঘোষণাকরণ ঘটে থাকে যখন একজন অধিনায়ক মনে করেন তার দলের ইনিংস সমাপ্ত এবং বাজেয়াপ্তকরণ ঘটে যখন একজন অধিনায়ক মনে করেন যে, তিনি একটি ইনিংস বাজেয়াপ্ত করবেন। উক্ত ঘোষণাকরণ এবং বাজেয়াপ্তকরণ পদ্ধতিটি ক্রিকেটের আইনের 15নং ধারা অনুযায়ী পরিচালিত হয়। এই ধারাটি কেবলমাত্র তখনই প্রয়োগ করা হয়, যেখানে কোন খেলায় প্রতিটি দলের জন্য দুটি করে ইনিংসে ব্যাট করার জন্য নির্ধারিত থাকে; ধারা 15 বিশেষত সীমিত ওভারের ক্রিকেট খেলায় প্রয়োগ করা হয় না।
ব্যাটিং পার্শ্বের অধিনায়ক, খেলা চলাকালীন যে কোন সময় বা যদি বলটিকে ডেড মনে হয়, তখন একটি ইনিংসকে সমাপ্ত ঘোষণা করতে পারেন। সাধারণ একজন অধিনায়ক এমনটি করে থাকেন যখন তিনি মনে করেন যে, তার দল জয়ের জন্য পর্যাপ্ত স্কোর তৈরী করেছেন এবং পরবর্তী ব্যাটিং করে অতিরিক্ত সময় ব্যয় করতে চান না। যা সাধারণ অনেক সময় প্রতিপক্ষের জন্য খেলাটিকে ড্র করার সুযোগ তৈরী করে দেয়। কৌশলগত ঘোষণা অনেক সময় অন্য সুবিধার্থে ব্যবহার করা হয়ে থাকে। একজন অধিনায়ক অবশ্যই ঘোষণার পূর্বে তার ঘোষণার সঠিকতা যাচাই করেন, দ্রুত ঘোষণার ঝুঁকি (যেখানে প্রতিপক্ষ দলের জন্য খুবই ছোট লক্ষ্যমাত্রা থাকবে), বা বেশি দেরি করে ঘোষণা করা অথবা একদমই না করা (ফলস্বরূপ প্রতিপক্ষের জন্য ড্র এর পথকে সহজ করে দেয়া যাতে তারা বাকী খেলাটি শেষ করতে না পারে।) বিষয়ে সূক্ষ্ম বিচার করতে হয়। 
",,773e1b820203,1337
157,NEUTRAL,cross_passage,,,প্রত্যুৎপাদক গ্রাহক সম্পূর্ণ প্রত্যুৎপাদকটিকে আসলে শনাক্ত করতে পারে না; বরং এটি প্রত্যুৎপাদকের পৃষ্ঠদেশের একটি অংশবিশেষের সাথে আবদ্ধ হয়।,"1980-এর দশকে, হ্যারিস-জোন্স (1988) এর মতে, 'সাইবারনেটিক্সের পূর্বসূরির বিপরীতে, নতুন সাইবারনেটিক্স নিজেকে এর স্বাধীন সংঘটিত সত্তা এবং উপবিভাগ গুলোর সাথে সম্পর্কযুক্ত করে এবং এই সংঘটিত সম্প্রদায়ের কাঠামো তৈরি এবং পুনর্গঠন করে এমন বিষয়গুলির ব্যবহারিক এবং প্রতিক্রিয়াশীল চেতনা নিয়ে উদ্বেগ প্রকাশ করে। সংঘটিত চিন্তাভাবনা প্রকাশের ক্ষেত্রে এবং সিস্টেমগুলি যেভাবে নিজেরাই গড়ে তোলে উভয় বিষয়ে সংঘটিত কর্মকাণ্ডের পুনরাবৃত্তিতা বা নিজেকে উল্লেখ করা "" একটি গুরুত্বপূর্ণ চিন্তার বিষয়।
বেইলি (1994) এর মতে, ফেলিক্স গেয়ার এবং হান্স ভ্যান ডার জুওয়েনের দ্বারা সেই সময়ে বিবেচিত উদীয়মান নতুন সাইবারনেটিক্সের একটি বৈশিষ্ট্য ছিল যে ""এটি পরিবেশের সাথে সংযোগ স্থাপন করে এমন একজন ব্যক্তির দ্বারা নির্মিত এবং পুনর্নির্মাণ করা তথ্যকে দেখে""। এটি পর্যবেক্ষণের উপর নির্ভর করে দেখে বিজ্ঞানের একটি জ্ঞানতাত্ত্বিক ভিত্তি প্রদান করে,। নতুন সাইবারনেটিক্সের আর একটি বৈশিষ্ট্য হলো এটি ছোট-বড় বৈসাদৃশ্য গুলির মধ্যে সেতুবন্ধন রচনা করার ক্ষেত্রে অবদান রাখে। অর্থাৎ, এটি সমাজের সাথে ব্যক্তিকে যুক্ত করে। এছাড়াও অন্যতম একটি বৈশিষ্ট্য হলো ""যে ক্লাসিকাল সাইবারনেটিক্সকে নতুন সাইবারনেটিক্সে রূপান্তর করার সাথে সাথে ক্লাসিক্যাল সমস্যা নতুন সমস্যাই রূপান্তরিত হয়। চিন্তাধারার এই পরিবর্তনগুলি অন্যান্য যে বিষয়গুলো কে অন্তর্ভুক্ত ক",,773e1b820203,1337
158,NEUTRAL,cross_passage,,,"ইয়োডা হলেন স্টার ওয়ার্স ইউনিভার্সের একজন কাল্পনিক চরিত্র, যার প্রথম আবির্ভাব ঘটে 1980 সালের দি এম্পায়ার স্ট্রাইকস ব্যাক চলচ্চিত্রে।","ইংল্যান্ডে জন্মগ্রহণকারী বিজ্ঞানী জন নিউল্যান্ড 1864 সালে তখন পর্যন্ত আবিষ্কৃত মৌলগুলোকে তাদের ভর অনুসারে সাজিয়ে মৌলগুলোর প্রতি অষ্টম মৌলসমূহের ভৌত ও রাসায়নিক ধর্মের মধ্যে মিল পান।

পরবর্তীকালে 1869 সালে রুশ বিজ্ঞানী দিমিত্রি মেন্ডেলিফের সকল মৌলের জন্য একটি সাধারণ পর্যায় সূত্র আবিষ্কার করেন, যা হলো- ""মৌলসমূহের ভৌত ও রাসায়নিক ধর্ম তাদের পারমাণবিক ভর বৃদ্ধির সঙ্গে পর্যায় ক্রমে আবর্তিত হয়""। উক্ত সূত্রানুসারে তিনি ও জার্মান বিজ্ঞানী ইউলিয়ুস লোটার মাইয়ার মিলে আধুনিক পর্যায় সারণি প্রকাশ করেন। তখন 67 টি মৌল নিয়ে পর্যায় সারণি গঠিত হয়েছিল যার মধ্যে 63 টি আবিষ্কৃত হয়েছিলো। 1900 সালের মধ্যে আরও 30 টি মৌল পর্যায় সারণিতে যুক্ত হয়। এভাবেই সূচনা হয় আধুনিক পর্যায় সারণির।

প্রথমদিকে পারমাণবিক ভরের উপর নির্ভর করে পর্যায় সারণি সাজানো হয়েছিল। কিন্তু এতে মৌলের ধর্মের শ্রেণিবিন্যাসকরণে ত্রুটি পরিলক্ষিত হয়। 1913 সালে রসায়নবিদ হেনরি মোসলে পারমাণবিক ভরের পদলে পারমাণবিক সংখ্যা অনুযায়ী মৌলসমূহকে সাজানোর প্রস্তাব দেন। বর্তমানে আধুনিক পর্যায় সারনির জনক তাকে বলা হয়।

আন্তর্জাতিক রসায়ন ও ফলিত রসায়ন সংস্থা (সংক্ষেপে আইউপ্যাক) এখন পর্যন্ত 118টি মৌলিক পদার্থকে শনাক্ত করেছে। আইউপ্যাক সংস্থাটি আন্তর্জাতিকভাবে রসায়ন ও ফলিত রসায়নের বিভিন্ন নিয়মকানুন, ক্রমবর্ধমান পরিবর্তনের কোনটি গ্রহণ করা য",,773e1b820203,1337
159,CONTRADICTED,unit,শতাব্দী,পাউন্ড,"ডাভিড হিলবের্ট (জানুয়ারি 23, 1862 - ফেব্রুয়ারি 14, 1943) একজন জার্মান গণিতবিদ, যাঁকে ঊনবিংশ শতাব্দী ও বিংশ পাউন্ডর প্রথমভাগের সবচেয়ে প্রভাবশালী গণিতবিদদের অন্যতম হিসাবে গণ্য করা হয়।","ডাভিড হিলবের্ট (জানুয়ারি 23, 1862 - ফেব্রুয়ারি 14, 1943) একজন জার্মান গণিতবিদ, যাঁকে ঊনবিংশ শতাব্দী ও বিংশ শতাব্দীর প্রথমভাগের সবচেয়ে প্রভাবশালী গণিতবিদদের অন্যতম হিসাবে গণ্য করা হয়। ফরাসি গণিতবিদ অঁরি পোয়াঁকারের সাথে হিলবের্টকে গাণিতিক বিশ্বজনীনবাদীদের একজন হিসেবে গণ্য করা হয়।

হিলবের্ট গণিতের বিভিন্ন শাখায় অবদান রেখেছেন, যেমন অব্যয় তত্ত্ব, হিলবের্টের প্রস্তাবনা, এবং হিলবার্ট জগতের ধারণা। তিনি বিশুদ্ধ গণিতের বিভিন্ন শাখা যেমন বীজগণিত, সংখ্যাতত্ত্ব, জ্যামিতি, ব্যবকলন সমীকরণসমূহ ও ব্যবকলনীয় বিশ্লেষণ, যুক্তিবিজ্ঞান ও গণিতের ভিত্তি, ইত্যাদিতে অবদান রাখেন। তিনি প্রমাণ তত্ত্ব ও গাণিতিক যুক্তিবিজ্ঞানের অন্যতম স্রষ্টা এবং গেয়র্গ কান্টরের সেট তত্ত্বের সমর্থক। 1899 সালে তিনি গ্রুন্ডলাগেন ডের গেওমেট্রিক (""জ্যামিতির মৌলিক ধারণাসমূহ"") নামের একটি গ্রন্থ রচনা করেন, যাতে 19শ শতকের শেষে জ্যামিতি অধ্যয়নে যে পরিবর্তনগুলি এসেছিল, তা লিপিবদ্ধ আছে। 1900 খ্রিষ্টাব্দে তিনি 23টি অমীমাংসিত গাণিতিক সমস্যার একটি তালিকা প্রদান করেন, যার নাম হিলবের্টের সমস্যাতালিকা। তালিকাটি বিংশ শতকের গাণিতিক গবেষণার দিক নির্দেশনা করেছে। এগুলির অনেকগুলির জন্য আজও সমাধান খুঁজে পাওয়া যায়নি।

হিলবের্ট তাত্ত্বিক পদার্থবিজ্ঞানের ব্যাপারেও আগ্রহী ছিলেন। হিলবের্ট ও তার ছাত্ররা কোয়ান্টাম বলবিজ্ঞান ও সাধারণ আপেক্ষিকতা তত",,773e1b820203,1337
160,CONTRADICTED,numeral,3,10.8,"উক্ত টেন্ডারে ফ্রান্সের থ্যালাস কম্পানী পাকিস্তানকে অফার করে আরডিওই-10.8 রাডার, ব্রিটিশ ম্যারকনী কম্পানী অফার করে ব্লু হক রাডার, আর ইতালিয়ান ফ্লেয়ার কম্পানী অফার করে গ্রিফো এস7 রাডার।","1995 সালে জয়েন্টলি ডিজাইন এন্ড ডেভলাপমেন্টের চুক্তিতে পাকিস্তান 'সুপার-7' প্রজেক্টে যোগ দেয়। চুক্তি অনুজায়ী চীন-পাকিস্তান উভয় দেশের ইঞ্জিনিয়ারগন ফাইটারটিকে ডেভলাপ করবে এবং পাকিস্তান ফাইটারটির জন্য ইউরোপিয় কান্ট্রি থেকে এভয়নিক্স, সাব-সিস্টেম সংগ্রহ করবে। প্রজেক্টের 58% শেয়ারের মালিক হবে পাকিস্তান, বাকি 42% শেয়ারের মালিক হবে চীন। প্রজেক্টটির ব্যায়ভার নির্ধারন করা হয় 500 মিলিয়ন মার্কিন ডলার।
একই বছর রাশিয়ার বিখ্যাত 'মিকোয়ান এয়ারক্রাফট কর্পোরেশন (মিগ)' সুপার-7 প্রজেক্টের ডিজাইন সাপোর্টার হিসেবে জয়েন করে। মিকোয়ানের ইঞ্জিনিয়ারগন চীন-পাকিস্তানকে রাশিয়ান 'মিগ-33' ফাইটারের ডিজাইনটি ক্রয় করার অফার করে। মিগ-33 ছিলো সোভিয়েত আমলে মিকোয়ান ডিজাইন ব্যুরোর ডিজাইনকৃত একটি সিঙ্গেল ইঞ্জিন ফাইটার। আমেরিকান এফ-16 কে কাউন্টারের জন্য সোভিয়েতরা একে ডিজাইন করেছিলো। তবে রাশিয়ান জেনারেলরা সিঙ্গেল ইঞ্জিনের চেয়ে ডবল ইঞ্জিন ফাইটারকেই বেশি প্রাধান্য দিতো। যার কারণে মিগ-33 ম্যাস প্রোডাকশনে যেতে পারেনি। পরবর্তিতে 'সুপার-7' প্রজেক্টকে ডেভলাপ করতে চীন-পাকিস্তান মিগ-33 এর ডিজাইনটি কিনে নেয় এবং আগের ডিজাইনগুলোর সাথে কো-অর্ডিনেট করে ফাইটারটিকে ডেভলাপ করতে থাকে।
1995 সালে আনুষ্ঠানিক ভাবে শুরু হলেও 1999 সাল পর্যন্ত সুপার-7 প্রজেক্টের সমস্ত কার্যক্রম কথা-বার্তা আর কাগজে-কলমের মধ্যেই সীমাবদ্ধ থাকে।",,773e1b820203,1337
161,CONTRADICTED,relation_order,পর->নন,নন->পর,"তবে 2000 সালের নন থেকে পর রিলেশনাল ডাটাবেস জনপ্রিয়তা লাভ করেছে, যা নোএস্কিউএল নামে পরিচিত।","একটি ডেটাবেজ হল কোন কম্পিউটার সিস্টেমে সঞ্চিত উপাত্ত বা রেকর্ডসমূহের একটি কাঠামোবদ্ধ সংগ্রহ। উপাত্তকে একটি উপাত্ত মডেল অনুসারে সাজিয়ে এই কাঠামোটি অর্জন করা হয়। বর্তমানে সবচেয়ে বেশি প্রচলিত উপাত্ত মডেল হল সাম্পর্কিক বা রিলেশনাল মডেল। অন্যান্য মডেল, যেমন স্তরক্রমিক বা হায়ারার্কিকাল মডেল এবং নেটওয়ার্ক মডেল, উপাত্তসমূহের মধ্যকার সম্পর্ক অপেক্ষাকৃত স্পষ্টভাবে উপস্থাপন করে। ডাটাবেস ম্যানেজমেন্ট সিস্টেম হল সফটওয়্যার নিয়ন্ত্রিত একটি ব্যবস্থা যার মাধ্যমে ডাটাবেস পরিচালনা, তথ্যের স্থান সংকুলান, নিরাপত্তা, ব্যাকআপ, তথ্য সংগ্রহের অনুমতি ইত্যাদি নির্ধারণ করা হয়। কিছু জনপ্রিয় ডাটাবেস ম্যানেজমেন্ট সিস্টেম হল ওরাকল,এসকিউএল,এসকিউএল-লাইট, মাইএসকিউএল,পোস্টজিআরই-এসকিউএল,মাইক্রোসফট এসকিউএল সার্ভার,আইবিএম ডিবি2,মাইক্রোসফট এক্সেস। একটি ডাটাবেস বিভিন্ন রকমের ডাটাবেস ম্যানেজমেন্ট সিস্টেমে ব্যবহার করা যায়না তবে এসকিউএল সহ কিছু স্ট্যান্ডার্ড ব্যবহার করে একই অ্যাপ্লিকেশনে বিভিন্ন সিস্টেম একসাথে ব্যবহার করা যায়। তবে 2000 সালের পর থেকে নন রিলেশনাল ডাটাবেস জনপ্রিয়তা লাভ করেছে, যা নোএস্কিউএল নামে পরিচিত।
ডাটাবেজ ব্যবহৃত হয় আভ্যন্তরীন কার্যক্রম পরিচালনা সমর্থনের উদ্দেশ্যে বিভিন্ন প্রতিষ্ঠান কর্তৃক এবং অনলাইনে ক্রেতা এবং সরবরাহকারীদের সাথে সম্পর্ক তৈরীর উদ্দেশ্যে। (দেখুন এন্টারপ্রাইজ সফটওয়্যার)
ডাটাবে",,773e1b820203,1337
162,CONTRADICTED,entity,গড়ানোর,স্প্লিট,ব্যাকগ্যামন খেলার জন্য একসাথে পরিকল্পনা এবং ভাগ্যের (ছক্কা স্প্লিট ক্ষেত্রে) নির্ভর করতে হয়।,"আমাদের জানা সবচেয়ে প্রাচীন বোর্ডের খেলা সমূহের মধ্যে ব্যাকগ্যামন অন্যতম। এটা একটি দুইজন প্রতিপক্ষের খেলা যাতে খেলার গুটিসমূহ ছক্কা চালনা অনুসারে স্থান পরিবর্তন করে, আর খেলায় জিততে হলে একজন খেলোয়াড়কে প্রতিপক্ষের আগে বোর্ড থেকে নিজের সকল গুটি অপসারণ করতে হয়। ব্যাকগ্যামন টেবিলের (বোর্ডের খেলা) ধরনের মধ্যে পরে, পৃথিবীর অন্যতম একটি পুরাতন বোর্ডের খেলা।

ব্যাকগ্যামন খেলার জন্য একসাথে পরিকল্পনা এবং ভাগ্যের (ছক্কা গড়ানোর ক্ষেত্রে) নির্ভর করতে হয়। যেখানে একটা নির্দিষ্ট দানের পরিণতি ছক্কার চালের উপর নির্ভর করলেও, একজন ভালো খেলোয়াড় বিভিন্ন দান থেকে একটি সম্মিলিত ভাল ফলাফল অর্জন করতে পারে, অনেকটা পোকারের মত। ছক্কার প্রতি দানে, খেলোয়াড়কে তার গুটি সরানোর জন্যে বিভিন্ন চাল থেকে বাছাই করতে হবে এবং প্রতিপক্ষের সম্ভাব্য পাল্টা-চালসমূহ অনুমান করতে হবে। দ্বিগুন করার ঘনক ঐচ্ছিক সুযোগটি ব্যবহারের মাধ্যমে খেলোয়াড়রা খেলা চলা অবস্থায় দানের ফলাফল বাড়াতে পারে।",,773e1b820203,1337
163,NEUTRAL,cross_passage,,,"এবং সংক্ষেপে ফিলিস বোনাচ্চি (""বোনাচ্চির ছেলে"")।","ক্রিকেটে কোনও খেলোয়াড়ের ইকোনমিক রেট হল তার প্রতি ওভার বোলিংয়ে কৃত রান সংখ্যা। অধিকাংশ সময়ই, যে বোলারের ইকোনমি রেট যত কম, সে তত ভাল বল করছে বলে বিবেচিত হয়। এটি বোলারদের তুলনা করতে ব্যবহৃত বেশিরভাগ পরিসংখ্যানসমূহের মধ্যে অন্যতম। সাধারণত বোলিংয়ের সামগ্রিক পারফরম্যান্স বিচার করার উদ্দেশ্যে বোলিং গড় এবং স্ট্রাইক রেটের পাশাপাশি এটি ব্যবহৃত হয়।ক্রিকেটে কোনও খেলোয়াড়ের ইকোনমিক রেট হল তার প্রতি ওভার বোলিংয়ে কৃত রান সংখ্যা। অধিকাংশ সময়ই, যে বোলারের ইকোনমি রেট যত কম, সে তত ভাল বল করছে বলে বিবেচিত হয়। এটি বোলারদের তুলনা করতে ব্যবহৃত বেশিরভাগ পরিসংখ্যানসমূহের মধ্যে অন্যতম। সাধারণত বোলিংয়ের সামগ্রিক পারফরম্যান্স বিচার করার উদ্দেশ্যে বোলিং গড় এবং স্ট্রাইক রেটের পাশাপাশি এটি ব্যবহৃত হয়। ওভারসমূহ প্রথা অনুযায়ী সাধারণত 0.1 থেকে 0.6 এর দশমিক হিসাবে উপস্থাপিত হয়, সুতরাং গণনায় ব্যবহারের পূর্বে অবশ্যই প্রকৃত ভগ্নাংশে রূপান্তর করতে হবে (যেমন ""0.3 ওভার"" দ্বারা তিনটি বল হয়েছে বোঝানো হয়, যা অর্ধ ওভার)। উদাহরণস্বরূপ বলা যেতে পারে, কোনো বোলার 10.2 ওভার (অর্থাৎ 10 ওভার এবং 2 বল) থেকে 31 রান সংগ্রহ করলে প্রতি ওভারে তার 31 / 10.33333 = 3.0 রান ইকোনমি রেট হয়ে থাকে। যদি বোলার আবার বোলিং করে এবং 5.5 ওভারে (অর্থাৎ 5 ওভার এবং 5 বল) আরও 20 রান দিয়ে তবে সামগ্রিকভাবে তারা 16.1 ওভার থেকে 51 রান সংগ্",,773e1b820203,1337
164,CONTRADICTED,relation_order,"1,300->1,600","1,600->1,300","ট্রেন গুলির যাত্রীপরিবহন ক্ষমতা হবে 1,600 থেকে 1,300 জন।","এই রেলপথে 10 থেকে 16 কোচের ট্রেন চলাচল করবে। ট্রেন গুলির যাত্রীপরিবহন ক্ষমতা হবে 1,300 থেকে 1,600 জন। ট্রেনের সর্ব্বোচ গতি হবে 350 কিমি/ঘণ্টা এবং গড় গতি হবে 320 কিমি/ঘণ্টা।350 কিমি/ঘণ্টা গতিতে ট্রেনটি 508 কিমি অতিক্রম করতে সময় নেবে 2 ঘণ্টা 7 মিনিট। বর্তমানে, মুম্বাই থেকে আহমেদাবাদ পর্যন্ড একটি ট্রেন যাত্রায় 7 ঘণ্টা সময় লাগে। ভারতীয় রেলপথের দুটি প্রকারের কেরিয়ারে কাজ করার প্রস্তাব রয়েছে। একটি ""দ্রুত ট্রেন"" পরিষেবা সুরট ও বড়োদার মধ্যে শুধুমাত্র দুটি স্টেশনে এবং সমস্ত স্টেশনগুলির জন্য একটি ধীরগতির ট্রেন পরিষেবা। ""দ্রুত ট্রেন"" যাত্রাটি 2 ঘণ্টা 7 মিনিটের মধ্যে সম্পন্ন করবে, যখন ধীরস্থায়ী ট্রেন পরিষেবা 2 ঘণ্টা 58 মিনিট সময় নেয়। 35 টি দৈনিক ট্রেন পরিষেবা রেল করিডোরে পরিচালিত হবে, ব্যস্ত সময়ে প্রতি ঘণ্টায় 3 টি ট্রেন চলাচল করবে এবং অন্য সময়ে 2 টি চলাচল করবে প্রতি ঘণ্টায়। রেল কর্তৃপক্ষের মতে, 2023 সালে উচ্চ গতির রেল করিডোরে দৈনিক প্রায় 36,000 জন যাত্রী চলাচল করবে। 2012 সালের 9 জানুয়ারি ভাইব্রেন্ট গুজরাট সামিটে, গুজরাট সরকার এবং জাতীয় উচ্চগতির রেল কর্তৃপক্ষ (এনএইচএসআরসি) উচ্চ গতির রেলগাড়ির বিভিন্ন উপাদান ও যন্ত্রাংশ তৈরির জন্য ₹67,000 কোটি টাকার (9.8 বিলিয়ন মার্কিন ডলার) চুক্তি স্বাক্ষরিত হয়। গুজরাট সরকার মোট প্রকল্পের ব্যয়ের 25% বহন করবে এবং প্রকল্পের জন্য জমি প্রদান কর",,773e1b820203,1337
165,CONTRADICTED,date,2034,1962,"মহাকাশভিত্তিক তরঙ্গ শনাক্তকারী লিসা (1962 সালে এটি উৎক্ষেপণ করা হবে) ও পৃথিবীপৃষ্ঠে অবস্থানকারী শনাক্তকারী ""আইনস্টাইন দূরবীক্ষণ"" ও ""কসমিক এক্সপ্লোরার"" (মহাজাগতিক অভিযাত্রী) উৎপাদনেও মাক্স প্লাংক মহাকর্ষীয় পদার্থবিজ্ঞান ইনস্টিটিউটটির বিশেষ ভূমিকা রয়েছে।","মহাকাশভিত্তিক তরঙ্গ শনাক্তকারী লিসা (2034 সালে এটি উৎক্ষেপণ করা হবে) ও পৃথিবীপৃষ্ঠে অবস্থানকারী শনাক্তকারী ""আইনস্টাইন দূরবীক্ষণ"" ও ""কসমিক এক্সপ্লোরার"" (মহাজাগতিক অভিযাত্রী) উৎপাদনেও মাক্স প্লাংক মহাকর্ষীয় পদার্থবিজ্ঞান ইনস্টিটিউটটির বিশেষ ভূমিকা রয়েছে। ""আইনস্টাইন অ্যাট হোম"" ও ""পিওয়াইসিবিসি"" প্রকল্পেও এর গুরুত্বপূর্ণ অবদান রয়েছে।",,773e1b820203,1337
166,CONTRADICTED,polarity,,না,"অ্যান্ড্রয়েডটি গুগল দ্বারা তৈরি একটি মোবাইল অপারেটিং সিস্টেম, লিনাক্স কার্নেল এবং অন্যান্য ওপেন সোর্স সফটওয়্যারের একটি সংশোধিত সংস্করণ এবং প্রাথমিকভাবে টাচস্ক্রিন মোবাইল ডিভাইস যেমন স্মার্টফোন এবং ট্যাবলেটগুলির জন্য ডিজাইন করা হয়েছে না।","একটি মোবাইল অপারেটিং সিস্টেম (বা মোবাইল ওএস) ফোন, ট্যাবলেট বা অন্যান্য মোবাইল ডিভাইসগুলির জন্য একটি অপারেটিং সিস্টেম। যদিও সাধারণত ল্যাপটপের মতো কম্পিউটারগুলতে 'মোবাইল' থাকে, তবে সাধারণত ব্যবহৃত অপারেটিং সিস্টেমগুলিকে মোবাইলের ক্ষেত্রে বিবেচনা করা হয় না, যেমনটি মূলত ডেক্সটপ কম্পিউটারের জন্য ডিজাইন করা হয়েছিল যা ঐতিহাসিকভাবে নেই বা নির্দিষ্ট মোবাইল বৈশিষ্ট্যগুলির প্রয়োজন নেই এই পার্থক্য কিছু নতুন অপারেটিং সিস্টেমে ধ্বনিত হচ্ছে যা উভয় ব্যবহারের জন্য তৈরি হাইব্রিড। মোবাইল অপারেটিং সিস্টেম একটি ব্যক্তিগত কম্পিউটার অপারেটিং সিস্টেমের বৈশিষ্ট্যগুলিকে মোবাইল বা হ্যান্ডহেল্ড ব্যবহারের জন্য উপযোগী অন্যান্য বৈশিষ্ট্যগুলির সাথে একত্রিত করে; সাধারণত সহ, এবং নিম্নলিখিত আধুনিক মোবাইল সিস্টেমের মধ্যে আবশ্যক বিবেচনা অধিকাংশ; একটি টাচস্ক্রীন, সেলুলার, ব্লুটুথ, ওয়াই-ফাই সুরক্ষিত প্রবেশাধিকার, ওয়াই-ফাই, গ্লোবাল পজিশনিং সিস্টেম (জিপিএস) মোবাইল গৌণ, ভিডিও- এবং একক-ফ্রেম ছবি ক্যামেরা, স্পিরিচ শনাক্তকরণ, ভয়েস রেকর্ডার, মিউজিক প্লেয়ার, ক্ষেত্রের যোগাযোগের কাছাকাছি এবং ইনফ্রারেড ব্লাস্টার। 
অ্যান্ড্রয়েডটি গুগল দ্বারা তৈরি একটি মোবাইল অপারেটিং সিস্টেম, লিনাক্স কার্নেল এবং অন্যান্য ওপেন সোর্স সফটওয়্যারের একটি সংশোধিত সংস্করণ এবং প্রাথমিকভাবে টাচস্ক্রিন মোবাইল ডিভাইস যেমন স্মার্টফোন এবং ট্যাবলেটগুলি",,773e1b820203,1337
167,CONTRADICTED,numeral,1.5,186,2018 সালের হুরুন চীনের ধনী তালিকা অনুসারে ডুয়ানের মোট সম্পদের পরিমাণ 186 বিলিয়ন ডলার ছিল।,ডুয়ান ইয়ংপিং (জন্ম; 1961) একজন চীনা বিলিয়নেয়ার উদ্যোক্তা এবং বৈদ্যুতিক প্রকৌশলী। তিনি সুবার ইলেকট্রনিক্স ইন্ডাস্ট্রি কর্পোরেশন (প্রাক্তন সিইও) এবং বিবিকে ইলেকট্রনিক্স গ্রুপ (বর্তমান চেয়ারম্যানও) উভয়ের প্রতিষ্ঠাতা। বিবিকে ইলেক্ট্রনিক্স প্রথমে গেম তৈরি করত। তারপর তারা ওপো নামে অডিও প্লেয়ার এবং ভিভো নামে সিডি প্লেয়ার তৈরি করত। এগুলো বর্তমানে মোবাইল কোম্পানি হিসেবে বিশ্বব্যাপী জনপ্রিয়। 2018 সালের হুরুন চীনের ধনী তালিকা অনুসারে ডুয়ানের মোট সম্পদের পরিমাণ 1.5 বিলিয়ন ডলার ছিল।,,773e1b820203,1337
168,CONTRADICTED,date,1975,1791,"1791 সালের 15 আগস্ট তাকে তার স্বামী, তিন পুত্র এবং দুই পুত্রবধূর সাথে হত্যা করা হয়।","শেখ ফজিলাতুন্নেছা মুজিব (8 আগস্ট 1930 - 15 আগস্ট 1975) ছিলেন বাংলাদেশের প্রথম ফার্স্ট লেডি এবং প্রথম রাষ্ট্রপতি শেখ মুজিবুর রহমান এর স্ত্রী। 1975 সালের 15 আগস্ট তাকে তার স্বামী, তিন পুত্র এবং দুই পুত্রবধূর সাথে হত্যা করা হয়।
তিনি 1930 সালে গোপালগঞ্জের টুঙ্গিপাড়ায় জন্মগ্রহণ করেন। তার ডাকনাম ছিল রেনু। তার পিতার নাম শেখ জহুরুল হক ও মাতার নাম হোসনে আরা বেগম। পাঁচ বছর বয়সে তার পিতা-মাতা মারা যান। তিনি তার স্বামী শেখ মুজিবুর রহমানের চাচাতো বোন ছিলেন। শেখ মুজিবের বয়স যখন 13 ও বেগম ফজিলাতুন্নেসার বয়স যখন মাত্র তিন, তখন পরিবারের বড়রা তাদের বিয়ে ঠিক করেন। 1938 সালে বিয়ে হবার সময় রেনুর বয়স ছিল 8 বছর ও শেখ মুজিবের 18 বছর। পরে এই দম্পতির দুই কন্যা ও তিন ছেলে হয়। তারা হলেন শেখ হাসিনা ও শেখ রেহানা এবং শেখ কামাল, শেখ জামাল ও শেখ রাসেল। বাংলাদেশের স্বাধীনতা যুদ্ধের সময় বেগম ফজিলাতুন্নেসা পরিবারের অন্য সদস্যদের (শেখ হাসিনা, শেখ জামাল, শেখ রেহানা, শেখ রাসেল, এম এ ওয়াজেদ মিয়া এবং অন্যান্য) সাথে মগবাজার অথবা কাছাকাছি কোনো এলাকার এক ফ্ল্যাট থেকে পাকিস্তান সেনাবাহিনী কর্তৃক গ্রেফতার হয়েছিলেনে 12 মে 1971 এবং ধানমন্ডির বাড়ি 26, সড়ক 9এ (পুরনো 18) তে বন্দি অবস্থায় ছিলেন 17 ডিসেম্বর পর্যন্ত। 
1975 সালের 15ই আগস্ট, এক দল নিম্নপদস্থ সেনা কর্মকর্তারা রাষ্ট্রপতির বাসভবন আক্রমণ করে শেখ মুজিবকে, ",,773e1b820203,1337
169,CONTRADICTED,unit,মাইল,গুণ,"এটি আফ্রিকার উপকূল থেকে প্রায় 1,000 গুণ (1,600 কিলোমিটার) এবং ব্রাজিলের উপকূল থেকে 1,400 মাইল (2,300 কিলোমিটার) দূরে।","অ্যাসেনশন দ্বীপ একটি বিচ্ছিন্ন আগ্নেয় দ্বীপ, যার নিরক্ষরেখা দক্ষিণ আটলান্টিক মহাসাগরের 8°56′ দক্ষিণে। এটি আফ্রিকার উপকূল থেকে প্রায় 1,000 মাইল (1,600 কিলোমিটার) এবং ব্রাজিলের উপকূল থেকে 1,400 মাইল (2,300 কিলোমিটার) দূরে। এটি সেন্ট হেলেনা, অ্যাসেনশোন এবং ত্রিস্তান দা কুনহার ব্রিটিশ বিদেশের অঞ্চল হিসাবে শাসিত, যার মধ্যে প্রধান দ্বীপ থেকে সেন্ট হেলেনা দক্ষিণ-পূর্বে প্রায় 800 মাইল (1,300 কিলোমিটার) দূরে অবস্থিত। আবিষ্কারের পরের দিনে এই দ্বীপটির নামকরণ করা হয় অ্যাসেনশোন অফ জেসস। অ্যাসেনশোন দ্বীপটি নাবিকদের জন্য একটি কয়লা স্টেশন এবং বাণিজ্যিক বিমান পরিবহনের জন্য বিমানে ভ্রমণকালে পুনরায় জ্বালানীর স্টপ হিসাবে গুরুত্বপূর্ণ নিরাপদ আশ্রয়স্থল ছিল। দ্বিতীয় বিশ্বযুদ্ধের সময়, এটি একটি গুরুত্বপূর্ণ নৌ ও বিমানবন্দর স্টেশন ছিল, বিশেষত আটলান্টিকের যুদ্ধে সাবমেরিন যুদ্ধবিরোধী ঘাঁটি সরবরাহ করে। অ্যাসেনশোন দ্বীপটি 22 অক্টোবর 1815 থেকে 1922 সাল পর্যন্ত ব্রিটিশ অ্যাডমিরালটি দ্বারা বেষ্টিত ছিল।",,773e1b820203,1337
170,CONTRADICTED,polarity,,না,অক্সিজেন স্বল্পতা বলতে এমন এক ধরনের অসুস্থ অবস্থাকে বোঝায় যেখানে দেহ বা দেহের একটি অঞ্চল দেহকলা স্তরে পর্যাপ্ত পরিমাণে অক্সিজেন সরবরাহ থেকে বঞ্চিত হয় না।,"অক্সিজেন স্বল্পতা বলতে এমন এক ধরনের অসুস্থ অবস্থাকে বোঝায় যেখানে দেহ বা দেহের একটি অঞ্চল দেহকলা স্তরে পর্যাপ্ত পরিমাণে অক্সিজেন সরবরাহ থেকে বঞ্চিত হয়। অক্সিজেন স্বল্পতাকে সাধারণীকৃত হিসেবে শ্রেণীবদ্ধ করা হতে পারে, যেক্ষেত্রে এটি সারা দেহকে আক্রান্ত করে। কিংবা এটিকে স্থানীয় হিসেবে গণ্য করা হতে পারে, যেক্ষেত্রে এটি দেহের কোনও বিশেষ অঞ্চলকে আক্রান্ত করে। যদিও অক্সিজেন স্বল্পতা প্রায়শই একটি রোগাবস্থা হিসেবে দেখা দেয়, তারপরেও স্বাভাবিক শারীরবিদ্যার অংশ হিসেবেও ধমনীস্থ অক্সিজেনের ঘনমাত্রার প্রভেদ হতে পারে, যেমন অবশ্বসন প্রশিক্ষণ বা বিপুল প্রচেষ্টামূলক শরীরচর্চার সময় এমনটি ঘটতে পারে। 
অক্সিজেন স্বল্পতার সাথে রক্তে অক্সিজেন স্বল্পতা ও রক্তে অক্সিজেন শূন্যতা ধারণা দুইটির পার্থক্য আছে। অক্সিজেন স্বল্পতা একটি সাধারণ ধারণা যা দিয়ে যেকোনও ধরনের দেহকলায় অক্সিজেন সরবরাহের অপর্যাপ্ততাকে নির্দেশ করা হয়। এর বিপরীতে রক্তে অক্সিজেন স্বল্পতা ও রক্তে অত্যধিক অক্সিজেন স্বল্পতা পরিভাষা দুইটি দিয়ে ধমনীর রক্তে অক্সিজেনের স্বল্পতা বা শূন্যতাকে নির্দেশ করা হয়। অক্সিজেন স্বল্পতার যে বিশেষ ক্ষেত্রে অক্সিজেন সরবরাহ সম্পূর্ণ অনুপস্থিত থাকে, তাকে অক্সিজেন-শূন্যতা বলে। যখন কোনও সুস্থ ব্যক্তি সমুদ্র সমতল থেকে অনেক বেশি উচ্চতায় আরোহণ করেন, তখন তাদের দেহে সাধারণীকৃত অক্সিজেন স্বল্পতা ঘটতে পারে এবং এর ফলে উ",,773e1b820203,1337
171,CONTRADICTED,date,1977,1556,"1556 সালে, টিলিভিশন বিজ্ঞাপনের মাধ্যমে রেঁস্তোরাটির প্রচার শুরু হয়।","ক্যাফে দি কোরালের প্রধান প্রতিষ্ঠাতা হলেন ভিক্টর লো টাং-সিওং (1915-2016) যিনি ভিটাসয়ের প্রতিষ্ঠাতা লো কুই-সিওং এবং ফেয়ারউডের প্রতিষ্ঠাতা লো ফং-চেংয়ের ভাই। আরেকজন প্রতিষ্ঠাতা হলেন লো কাই-মুক যিনি সম্পর্কে ভিক্টর লো টাং-সিওং-এর ভাগ্নে। ভিক্টর লো এমন একটি রেঁস্তোরার ধারণা করেছিলেন যা হংকংয়ের শ্রমিক শ্রেণিকে সাশ্রয়ী মূল্যে খাওয়াতে পারবে। তিনি 1968 সালে ক্যাফে ডি কোরালের প্রতিষ্ঠা করেন এবং 1969 সালের সেপ্টেম্বরে 54 বছর বয়সে কজওয়ে বে-তে প্রথম রেঁস্তোরাটির কার্যক্রম শুরু করেন। পরের দশকে এই চেইনশপটি ধীরে ধীরে প্রসারিত হতে থাকে। 1977 সালে, টিলিভিশন বিজ্ঞাপনের মাধ্যমে রেঁস্তোরাটির প্রচার শুরু হয়। 1979 সালে, রেঁস্তোরাটি খরচ কমানোর জন্য এবং ধারাবাহিকতা নিশ্চিত করার জন্য তার প্রথম খাদ্য প্রক্রিয়াকরণ প্ল্যান্ট স্থাপন করে। 1986 সালে, ক্যাফে ডি কোরাল গ্রুপ স্টক এক্সচঞ্জেে তালিকাভুক্ত হয়। 1988 সালে, 50 তম ক্যাফে ডি কোরাল রেঁস্তোরার উদ্ভোধন হয়।",,773e1b820203,1337
172,CONTRADICTED,relation_order,দিক->চেঙ্গিস,চেঙ্গিস->দিক,বাবার দিক থেকে তিনি তৈমুর লং ও মায়ের চেঙ্গিস থেকে দিক খানের বংশধর ছিলেন।,"বাবর মুঘল সাম্রাজ্যের প্রতিষ্ঠা করেন। তিনি ছিলেন মধ্য এশিয়ার তুর্কো-মঙ্গোল বংশোদ্ভূত শাসক। বাবার দিক থেকে তিনি তৈমুর লং ও মায়ের দিক থেকে চেঙ্গিস খানের বংশধর ছিলেন। মধ্য এশিয়া থেকে বিতাড়িত হয়ে বাবর ভারতে ভাগ্য নির্মাণে নিয়োজিত হন। তিনি নিজেকে কাবুলের শাসক হিসেবে প্রতিষ্ঠা করেন এবং আফগানিস্তান থেকে খাইবার পাস হয়ে ভারতে প্রবেশ করেন। পানিপথের যুদ্ধে বিজয়ের পর বাবরের সেনাবাহিনী উত্তর ভারতের অধিকাংশ এলাকা জয় করে নেয়। তবে শাসন পাকাপোক্ত করতে অনেক সময় লেগে যায়। অস্থিতিশীলতা তার ছেলে হুমায়ুনের সময়ও ছড়িয়ে পড়ে। হুমায়ুন দিগ্বিজয়ী সেনাপতি শেরশাহ কর্তৃক ক্ষমতাচ্যুত হয়ে ভারত থেকে পারস্যে পালিয়ে যান। হুমায়ুনের সাথে পারস্যের সাফাভিদের কূটনৈতিক সম্পর্ক স্থাপিত হয় এবং মুঘল সাম্রাজ্যে পারসীয় সাংস্কৃতিক প্রভাব বৃদ্ধি পেতে থাকে। সাফাভিদের সহায়তায় হুমায়ুন মুঘলদের ক্ষমতা পুনঃপ্রতিষ্ঠা করেন। কিছুকাল পর নিজস্ব গ্রন্থাগারে ঘটা এক দুর্ঘটনায় হুমায়ুনের মৃত্যু হলে তার ছেলে আকবর অপ্রাপ্তবয়স্ক অবস্থায় সিংহাসনে বসেন। আকবরের অভিভাবক বৈরাম খান ভারতে মুঘল সাম্রাজ্যের ভিত্তি মজবুত করতে আকবরের সহায়তা করেছেন।

যুদ্ধ ও কূটনীতির মাধ্যমে আকবর সাম্রাজ্যকে সবদিকে ছড়িয়ে দিতে সক্ষম হন। তিনি ভারতের সামাজিক গোষ্ঠীর সামরিক অভিজাতদের থেকে তার প্রতি অনুগত নতুন অভিজাত শ্রেণী গড়ে তোলেন। তিনি উন্নত সর",,773e1b820203,1337
173,CONTRADICTED,unit,ডলার,সেলসিয়াস,"আন্তর্জাতিক শ্রম সংঘটন (আইএলও)-র মতে, শুধুমাত্র বলপূর্বক শ্রম দ্বারাই 2014 সাল পর্যন্ত প্রতি বছরে 150বিলিয়ন মার্কিন সেলসিয়াস লাভ করা হয়েছে।","জোরপূর্বক শ্রম, যৌন দাসত্ব অথবা পাচারকৃত মানুষদেরকে ব্যবসায়িক যৌনশোষণমূলক কাজে নিয়োজিত করার জন্য সংঘটিত অবৈধ মানব বাণিজ্যকে মানব পাচার বলা হয়। এ বিষয়টি জোরপূর্বক বিবাহের মাধ্যমে পত্নী জোগাড়, অঙ্গহানি বা টিস্যু/কলাহানি বা ভ্রূণকোষ ধ্বংস করাকেও পরিবেষ্টন করতে পারে। মানব পাচার একটি দেশের অভ্যন্তরে বা এক দেশ থেকে অন্য দেশে সংঘটিত হয়। মানব পাচার বল প্রয়োগের মাধ্যমে সংঘটিত একটি অপরাধ যা মানুষের মুক্ত চলাচলের অধিকারকে হরণ করে। মানব পাচার মূলত নারী এবং শিশু পাচারকেই ইঙ্গিত করে থাকে।

আন্তর্জাতিক শ্রম সংঘটন (আইএলও)-র মতে, শুধুমাত্র বলপূর্বক শ্রম দ্বারাই 2014 সাল পর্যন্ত প্রতি বছরে 150বিলিয়ন মার্কিন ডলার লাভ করা হয়েছে। 2012 সালে আইএলও অনুমান করেছে যে প্রায় 2কোটি 10লক্ষ মানুষ বর্তমান যুগে দাসত্বের শিকার। তাদের মধ্যে 1কোটি 42লক্ষ (68%) জন শ্রম-শোষিত, 45লক্ষ (22%) জন যৌনভাবে শোষিত এবং 22লক্ষ (10%) জন রাষ্ট্রের চাপিয়ে দেয়া বলপূর্বক শ্রম দ্বারা শোষিত।

আন্তর্জাতিক শ্রম সংঘটনের মতে শিশু শ্রমিক, সংখ্যালঘু এবং বেআইনি অভিবাসীরা প্রচন্ডভাবে শোষিত হওয়ার সর্বোচ্চ ঝুঁকিতে আছে। পরিসংখ্যান মতে, পৃথিবীর 21কোটি 50লক্ষ যুব শ্রমিকদের অর্ধেককে জোরপূর্বক যৌন কর্ম এবং বলপূর্বক ভিক্ষাবৃত্তিসহ ক্ষতিকর ক্ষেত্রগুলোতে দেখতে পাওয়া যায়। লেদার ট্যানিং, পাথর খননসহ ইত্যাদি সর্বোচ্চ শোষণমূলক এবং বিপজ্জনক ক্ষে",,773e1b820203,1337
174,CONTRADICTED,numeral,9,550,550 টি দেশ জুড়ে এই অরণ্য বিস্তৃত।,"আমাজন অরণ্য, আমাজন জঙ্গল নামেও পরিচিত যা দক্ষিণ আমেরিকার আমাজন নদী বিধৌত অঞ্চলে অবস্থিত বিশাল বনভূমি। 70 লক্ষ বর্গকিলোমিটার অববাহিকা পরিবেষ্টিত এই অরণ্যের প্রায় 55 লক্ষ বর্গ কিলোমিটার এলাকাটি মূলত আর্দ্র জলবায়ু দ্বারা প্রভাবিত। 9 টি দেশ জুড়ে এই অরণ্য বিস্তৃত। আমাজন অরণ্য 60% রয়েছে ব্রাজিলে, 13% রয়েছে পেরুতে এবং বাকি অংশ রয়েছে কলম্বিয়া, ভেনেজুয়েলা, ইকুয়েডর, বলিভিয়া, গায়ানা, সুরিনাম ও ফরাসি গায়ানা। পৃথিবী জুড়ে যে রেইনফরেস্ট তার অর্ধেক টাই এই অরণ্য নিজেই। নানা রকম প্রজাতির বাসস্থান হিসেবে সমৃদ্ধ এই আমাজন।এই বনে প্রায় 390 বিলিয়ন বৃক্ষ রয়েছে যেগুলো প্রায় 16000 প্রজাতিতে বিভক্ত।",,773e1b820203,1337
175,CONTRADICTED,relation_order,1967->2007,2007->1967,জেট বিমানগুলি 2007 থেকে 1967 সালের মধ্যে 70% অধিক জ্বালানির সাশ্রয় করতে সক্ষম হয়।,"অন্যান্য জীবাশ্ম জ্বালানির দহনের ফলে সৃষ্ট নিঃসরণের মতো বিমানের ইঞ্জিনও গ্যাস ও অতিক্ষুদ্র দূষক কণা নিঃসরণ করে ও শব্দদূষণ সৃষ্টি করে। ফলে এগুলির বৈশ্বিক প্রভাব ও স্থানীয় বায়ুর গুণমানে এগুলির প্রভাব পরিবেশগত উদ্বেগের কারণ হয়ে দাঁড়িয়েছে। জেট বিমানগুলি কার্বন-ডাই-অক্সাইডের পাশাপাশি নাইট্রোজেন অক্সাইড, অতিক্ষুদ্র দূষক কণা ও ঘনীভূত রেশ নিঃসরণের মাধ্যমে জলবায়ু পরিবর্তনে ভূমিকা রাখছে। 2018 সালের তথ্য অনুযায়ী বিশ্বব্যাপী বাণিজ্যিক বিমান চলাচল ঐ বছর নিঃসৃত সমস্ত কার্বন-ডাই-অক্সাইডের 2.4% উৎপাদন করেছিল।

জেট বিমানগুলি 1967 থেকে 2007 সালের মধ্যে 70% অধিক জ্বালানির সাশ্রয় করতে সক্ষম হয়। প্রতি টন-কিলোমিটার আয়ের জন্য কার্বন-ডাই-অক্সাইডের নিঃসরণ 2018 সালে 1990 সালের তুলনায় 47% কম ছিল। 2018 সালে প্রতি বিমানযাত্রী প্রতি কিলোমিটারে গড়ে 88 গ্রাম কার্বন-ডাই-অক্সাইড নিঃসরণ করতেন। যদিও বিমান চলাচল শিল্পটি অধিকতর জ্বালানি সাশ্রয়ী, সামগ্রিকভাবে শিল্পটির নিঃসরণের পরিমাণ বৃদ্ধি পেয়েছে কেননা বিমানযোগে ভ্রমণের পরিমাণ বৃদ্ধি পেয়েছে। 2020 সাল নাগাদ বিমান চলাচলজনিত নিঃসরণ 2005 সালের তুলনায় 70% বেশি ছিল এবং 2050 সাল নাগাদ এগুলি 300% (অর্থাৎ 3 গুণ) বেশি হতে পারে।

বিমান শব্দ দূষণ ঘুমের ব্যাঘাত ঘটায়, শিশুদের পড়াশোনায় বিঘ্নের সৃষ্টি করে এবং হৃদবাহ রোগের ঝুঁকি বৃদ্ধি করতে পারে। বিমানবন্দরগুলি পানি ",,773e1b820203,1337
176,CONTRADICTED,relation_order,1981->2011,2011->1981,2011 থেকে 1981 পর্যন্ত মোট 135 টি অভিযানে পাঁচটি সম্পূর্ণ স্পেস শাটল কক্ষপথীয় যান নির্মিত হয় ও উড্ডয়ন করে।,"স্পেস শাটল 1981 থেকে 2011 সাল পর্যন্ত জাতীয় মহাকাশ ও মহাকাশ প্রশাসন (নাসা) স্পেস শাটল কর্মসূচির অংশ হিসাবে একটি আংশিক পুনঃব্যবহারযোগ্য পৃথিবীর নিন্ম কক্ষপথীয় মহাকাশযান ব্যবস্থার দ্বারা পরিচালিত হয়। কর্মসূচির দাপ্তরিক নাম ""স্পেস ট্রান্সপোর্টেশন সিস্টেম"" (এসটিএস), যা 1969 সালে পুনরায় ব্যবহারযোগ্য মহাকাশযানের একটি ব্যবস্থার পরিকল্পনা থেকে নেওয়া হয়, যেখানে এটিই কেবলমাত্র উন্নয়নের জন্য অর্থায়িত আইটেম ছিল। চারটি পরীক্ষামূলক কক্ষপথীয় উড়ানের প্রথমটি 1981 সালে হয়, যার ফলে 1982 সালে পরিচালনাগত বা কর্মক্ষম উড়ান শুরু হয়। ফ্লোরিডার কেনেডি স্পেস সেন্টার (কেএসসি) থেকে স্পেস শাটল উৎক্ষেপিত হত। 1981 থেকে 2011 পর্যন্ত মোট 135 টি অভিযানে পাঁচটি সম্পূর্ণ স্পেস শাটল কক্ষপথীয় যান নির্মিত হয় ও উড্ডয়ন করে। পরিচালনাগত অভিযানসমূহ অসংখ্য উপগ্রহ, আন্তগ্র্রহ প্রোব ও হাবল স্পেস টেলিস্কোপের (এইচএসটি) উৎক্ষেপণ, কক্ষপথে বিজ্ঞান পরীক্ষা পরিচালনা, রাশিয়ার সাথে শাটল-মীর কর্মসূচি পরিচালনা এবং আন্তর্জাতিক মহাকাশ স্টেশনের (আইএসএস) নির্মাণ ও পরিষেবা প্রদান করে। স্পেস শাটল বহরের মোট অভিযান সময় 1,332 দিন, 19 ঘণ্টা, 21 মিনিট ও 23 সেকেন্ড।",,773e1b820203,1337
177,CONTRADICTED,unit,কিলোমিটার,ডিগ্রি,এমআরটি-1 প্রকল্পের আওতায় বিমানবন্দর থেকে কমলাপুর ও নতুনবাজার থেকে পূর্বাচল পর্যন্ত মোট 31.24 ডিগ্রি পথে মেট্রোরেল নির্মিত হবে।,"2016 সালের 26 জুন এমআরটি-6 প্রকল্পের নির্মাণকাজের আনুষ্ঠানিক উদ্বোধন করেন প্রধানমন্ত্রী শেখ হাসিনা। এর মাধ্যমে শুরু হয় ঢাকা মেট্রোর নির্মাণকাজের সূচনা। এমআরটি-6 এর স্টেশন ও উড়ালপথ নির্মাণের আনুষ্ঠানিক সূচনা হয় 2017 সালের 2 আগস্ট। এদিন উত্তরা থেকে আগারগাঁও পর্যন্ত 12 কিলোমিটারের উড়ালপথ ও স্টেশন নির্মাণ শুরু হয়। 25 ফেব্রুয়ারি 2019, আগারপগাও থেকে মতিঝিল অংশের স্টেশন ও উড়ালপথ নির্মাণ শুরু হয়। 2021 সালের 16 ডিসেম্বর এই প্রকল্পের উদ্বোধনের তারিখ নির্ধারিত হয়েছে।
2019 সালের 15 অক্টোবর এমআরটি-1 এবং এমআরটি-5 নামক লাইন দু'টির নির্মাণ প্রকল্প অনুমোদিত হয়। এমআরটি-1 প্রকল্পের আওতায় বিমানবন্দর থেকে কমলাপুর ও নতুনবাজার থেকে পূর্বাচল পর্যন্ত মোট 31.24 কিলোমিটার পথে মেট্রোরেল নির্মিত হবে। এ প্রকল্পের মোট খরচ ধরা হয়েছে 52 হাজার 561 কোটি টাকা। এর মধ্যে জাপান সরকার দেবে 39 হাজার 450 কোটি টাকা, বাকি 13 হাজার 111 কোটি টাকা আসবে সরকারি তহবিল থেকে। এমআরটি-1 প্রকল্পে বিমানবন্দর থেকে কমলাপুর পর্যন্ত 16 দশমিক 21 কিলোমিটার হবে পাতাল পথে এবং কুড়িল থেকে পূর্বাচল ডিপো পর্যন্ত 11 দশমিক 36 কিলোমিটার হবে উড়ালপথে। নতুন বাজার থেকে কুড়িল পর্যন্ত 3 দশমিক 65 কিলোমিটার আন্ডারগ্রাউন্ড ট্রানজিশন লাইনসহ 31 দশমিক 24 কিলোমিটার রেললাইন নির্মাণ করা হবে। এই মেট্রোরেলের 12টি স্টেশন থাকবে মাটির নিচে এবং 7টি থাকবে উড",,773e1b820203,1337
178,CONTRADICTED,polarity,,না,"তিনি লোরেয়াল এর প্রধান শেয়ারহোল্ডারদের একজন ছিলেনl. তার মৃত্যুর সময়, তিনি ছিলেন বিশ্বের সবচেয়ে ধনী নারী, এবং $44.3 বিলিয়ন সম্পদসহ বিশ্বের 14তম ধনী ব্যক্তি।তিনি 21 অক্টোবর 1922 সালে প্যারিসে লিলিয়ান হেনরিয়েট শার্লট শুলারের জন্মগ্রহণ করেছিলেন, তিনি লুইস ম্যাডেলিন বার্থ এবং ইউজিন শুলারের একমাত্র সন্তান, ল'ওরিয়ালের প্রতিষ্ঠাতা, বিশ্বের অন্যতম বৃহত্তম প্রসাধনী এবং সৌন্দর্য কোম্পানি না।","লিলিয়ান হেনরিয়েট শার্লট বেটেনকোর্ট (21 অক্টোবর 1922 - 21 সেপ্টেম্বর 2017) একজন ফরাসি উত্তরাধিকারী, সোশ্যালাইট এবং নারী ব্যবসায়ী ছিলেন। তিনি লোরেয়াল এর প্রধান শেয়ারহোল্ডারদের একজন ছিলেনl. তার মৃত্যুর সময়, তিনি ছিলেন বিশ্বের সবচেয়ে ধনী নারী, এবং $44.3 বিলিয়ন সম্পদসহ বিশ্বের 14তম ধনী ব্যক্তি।তিনি 21 অক্টোবর 1922 সালে প্যারিসে লিলিয়ান হেনরিয়েট শার্লট শুলারের জন্মগ্রহণ করেছিলেন, তিনি লুইস ম্যাডেলিন বার্থ এবং ইউজিন শুলারের একমাত্র সন্তান, ল'ওরিয়ালের প্রতিষ্ঠাতা, বিশ্বের অন্যতম বৃহত্তম প্রসাধনী এবং সৌন্দর্য কোম্পানি। 15 বছর বয়সে বাবার সহকারী হিসেবে পারিবারিক ব্যবসায় যোগ দেন লিলিয়ান। বাবা মারা গেলে সাবান উৎপাদন বন্ধ করে প্রসাধনী উৎপাদন করায় মনোযোগ দেন। 1963 সালে আকার বেড়ে পাবলিক লিমিটেড কোম্পানিতে রূপ লাভ করলেও লরেলের উত্তরাধিকারসূত্রে সবচেয়ে বড় অংশ শেয়ারের মালিকানা থেকে যায় লিলিয়ানের। ফোর্বস 38.8 বিলিয়ন মার্কিন ডলার (28 জুন 2016 অনুযায়ী) আনুমানিক সম্পদ সহ বিশ্বের ধনী ব্যক্তিদের তালিকায় বেটেনকোর্টকে স্থান দিয়েছে। 2016 সাল পর্যন্ত, তিনি বিশ্বের শীর্ষ মহিলা বিলিয়নেয়ার ছিলেন এবং ফ্রান্সের সবচেয়ে ধনী ব্যক্তিও ছিলেন। 2005 সালে, ফোর্বস তাকে বিশ্বের 39তম শক্তিশালী মহিলা হিসাবে বিচার করেছিল।",,773e1b820203,1337
179,CONTRADICTED,numeral,3,20000,"পদার্থবিদ্যার ভাষায়,একটি পদার্থের চিহ্নযোগ্য অবস্থাকেই পদার্থের অবস্থা বলা হয়।আমরা আমাদের রোজকার জীবনে পদার্থের 20000 ধরনের অবস্থা দেখে থাকি: কঠিন,তরল, গ্যাসীয়।","পদার্থবিদ্যার ভাষায়,একটি পদার্থের চিহ্নযোগ্য অবস্থাকেই পদার্থের অবস্থা বলা হয়।আমরা আমাদের রোজকার জীবনে পদার্থের 3 ধরনের অবস্থা দেখে থাকি: কঠিন,তরল, গ্যাসীয়। এছাড়াও আরও কিছু অবস্থা আছে, যা কেবলমাত্র চরম পরিস্থিতিতেই পাওয়া যায়। যেমন বোস আইনস্টাইন কনডেনসেট, নিউট্রন ডিজেনারেট ম্যাটার এবং কোয়ার্ক গ্লুওন প্লাজমা, যেগুলো যথাক্রমে চরম নিম্ন তাপমাত্রা, চরম ঘনত্ব এবং চরম উচ্চশক্তির কোল্ড চার্জড পদার্থের ক্ষেত্রেই দেখা যায়। আরও কিছু অবস্থা আছে বলে বিজ্ঞানীরা বিশ্বাস করেন, কিন্তু সেগুলো এখন পর্যন্ত তত্ত্বেই সীমাবদ্ধ আছে। 

পদার্থের এমন পৃথকীকরণ তাদের স্বধর্মের গুনগত পার্থক্যের উপর ভিক্তি করেই তৈরী করা হচ্ছে। কঠিন অবস্থায় পদার্থের একটি নির্দিষ্ট আকার ও আয়তন থাকে।পদার্থ গঠনকারী কণাগুলো (অণু, পরমাণু অথবা আয়ন) কাছাকাছি অবস্থান করে এবং একটি নির্দিষ্ট অবস্থানে থাকে।তরল অবস্থায় পদার্থের একটি নির্দিষ্ট আয়তন থাকে,কিন্তু আকার নির্দিষ্ট হয়না। এ কারণে এরা ধারণকারী পাত্রটির আকার ধারণ করতে পারে।এর গঠনকারী কণাগুলো কাছাকাছি থাকে কিন্তু মুক্তভাবে বিচরণ করতে পারে। গ্যাসীয় অবস্থায় পদার্থের কোন নির্দিষ্ট আকার ও আয়তন থাকেনা, আর সেজন্য এটি ধারক পাত্রের আকার ও আয়তন ধারণ করতে পারে। গঠনকারী কণাগুলো কাছাকাছিও থাকেনা, আবার একটি নির্দিষ্ট অবস্থানেও থাকেনা।প্লাজমা অবস্থায় পদার্থের নির্দিষ্ট আকার ও আয়তন",,773e1b820203,1337
180,CONTRADICTED,date,2018,1737,"ডিসেম্বর 1737 পর্যন্ত, 50 টিরও বেশি স্পনসর ইন্টারনেট আর্কাইভকে 5 মিলিয়নেরও বেশি স্ক্যান করা বই (পাঠ্য আইটেম) সরবরাহ করতে সহায়তা করেছিল।","2006 এর গোড়ার দিকে তৈরি, আর্কাইভ-ইট এটি হ'ল একটি ওয়েব আর্কাইভ সাবস্ক্রিপশন পরিষেবা যা কোন প্রতিষ্ঠান এবং ব্যক্তিদের ডিজিটাল সামগ্রী সংগ্রহ এবং সংরক্ষণ এবং ডিজিটাল সংরক্ষণাগার তৈরির অনুমতি দেয়। সংরক্ষণাগার-ইট ব্যবহারকারীরা সাংস্কৃতিক ঐতিহ্য যারা সংরক্ষণ করতে চান এমন ওয়েব সামগ্রী তাদের ক্যাপচার বা বর্জনকে কাস্টমাইজ করতে দেয়। একটি ওয়েব অ্যাপ্লিকেশনের মাধ্যমে, আর্কাইভ-ইট এর অংশীদাররা তাদের সংরক্ষণাগার সংগ্রহগুলি কাটা, ক্যাটালগ, পরিচালনা, ব্রাউজ, অনুসন্ধান এবং দেখতে পারে।
অ্যাক্সেসযোগ্যতার শর্তে, সংরক্ষণাগারভুক্ত ওয়েবসাইটগুলি ক্যাপচারের সাত দিনের মধ্যে পুরো পাঠ্য অনুসন্ধানযোগ্য। সংরক্ষণাগার-এর মাধ্যমে সংগৃহীত সামগ্রী একটি ওয়ার্ক ফাইল হিসাবে ধরে সংরক্ষণ করা হয়। এটিপ্রাথমিক ব্যাক আপ অনুলিপি হিসেবে সংরক্ষণাগারের ডেটা কেন্দ্রে সংরক্ষণ করা হয়। জিও-রিডানড্যান্ট সংরক্ষণ এবং সঞ্চয়স্থানের উদ্দেশ্যে অংশীদারী প্রতিষ্ঠানগুলিকে তাদের সেরা অনুশীলনের মানগুলিতে সাবস্ক্রাইব করার জন্য ওয়ার্ক ফাইলটির একটি অনুলিপি দেওয়া হয়। পর্যায়ক্রমে, সংরক্ষণাগার-ইট এর মাধ্যমে আটকানো ডেটা ইন্টারনেট আর্কাইভের সাধারণ সংরক্ষণাগারে সূচিযুক্ত হয়।
মার্চ 2014 পর্যন্ত, আর্কাইভ-ইট 46 টি মার্কিন যুক্তরাষ্ট্রের রাজ্যে এবং 16 টি দেশে 275 টিরও বেশি অংশীদার প্রতিষ্ঠান রয়েছে যারা 2,444 টিরও বেশি পাবলিক কালেকশনের জন্য 7",,773e1b820203,1337
181,CONTRADICTED,date,1984,2005,"জাতিগোষ্ঠী বিবিএস 2005 সালের রিপোর্টে 24টি নৃ-তাত্ত্বিক ক্ষুদ্র জাতিগোষ্ঠী এবং মোট জনসংখ্যা 8,97,828 জন বলা হয়েছে।","বাংলাদেশ দক্ষিণ এশিয়ার একটি ছোট কিন্তু জনবহুল রাষ্ট্র। বাংলাদেশ ভূখন্ডের জনসংখ্যার অধিকাংশ হচ্ছে বাংলাদেশের বৃহৎ নৃতাত্ত্বিক জাতিগোষ্ঠী বাঙালি | এছাড়া অনেকগুলো আদিবাসী রয়েছে। বাংলাদেশের আদিবাসী জাতিগোষ্ঠির সংখ্যা 15 লক্ষ 87 হাজার প্রায়; সমগ্র জনগোষ্ঠির প্রায় এক শতাংশের মতো (1.11%)। বাংলাদেশের আদিবাসী জাতি সমূহের সিংহভাগ পার্বত্য চট্টগ্রাম এবং ময়মনসিংহ, সিলেট ও রাজশাহী অঞ্চলে বসবাস করে। বাংলাদেশের সর্ববৃহৎ আদিবাসী জাতিগোষ্ঠী হল চাকমা। এছাড়া রয়েছে গারো, মারমা, ম্রো, খেয়াং, চাক, বম, লুসাই, পাংখোয়া, ত্রিপুরা, সাঁওতাল,মনিপুরী ইত্যাদি।

বাংলাদেশের প্রধান ও বৃহত্তম নৃতাত্ত্বিকগোষ্ঠী হলো বাঙালি জাতিগোষ্ঠী। বাংলাদেশ ছাড়াও ভারতে (মূলত পশ্চিমবঙ্গে) অনেক বাঙালি বসবাস করে। বাঙালি জাতি কয়েকটি উপভাগে বিভক্ত। বাংলাদেশে বাঙালিরা প্রধানত ঢাকাইয়া, সিলেটি, চাঁটগাইয়া, নোয়াখালিয়া, বরিশালিয়া, রংপুরি ইত্যাদি কয়েকভাগে বিভক্ত।

জাতিগোষ্ঠী বিবিএস 1984 সালের রিপোর্টে 24টি নৃ-তাত্ত্বিক ক্ষুদ্র জাতিগোষ্ঠী এবং মোট জনসংখ্যা 8,97,828 জন বলা হয়েছে। জাতিগোষ্ঠী গুলো হলো সাঁওতাল, ওঁরাও, পাহাড়িয়া, মুন্ডা, রাজবংশী, কোচ, খাসিয়া, মনিপুরী, ত্রিপুরা, পাংখো, গারো, হাজং, মারমা, চাকমা,তঞ্চঙ্গ্যা, চাক, সেন্দুজ, ম্রো, খিয়াং, বম (বনজোগী), খুমি, লুসাই (মিজো)।

পক্ষান্তরে 1991 সালের রিপোর্টে 29টি নৃ তাত্ত্বিক",,773e1b820203,1337
182,CONTRADICTED,date,1939,1636,"যদিও এটি সত্যিকারের তুষারযুগ ছিল না, 1636 সালে ফ্রাঙ্কোইস ই. ম্যাথেস বৈজ্ঞানিক সাহিত্যে এই শব্দটির সূচনা করেছিলেন।","ক্ষুদ্র তুষারযুগ হচ্ছে মধ্যযুগীয় উষ্ণ পর্বের পরে আসা শীতলতার একটি সময়। যদিও এটি সত্যিকারের তুষারযুগ ছিল না, 1939 সালে ফ্রাঙ্কোইস ই. ম্যাথেস বৈজ্ঞানিক সাহিত্যে এই শব্দটির সূচনা করেছিলেন। প্রচলিতভাবে 16 থেকে 19 শতক পর্যন্ত সময়কে এই ক্ষুদ্র তুষারযুগের আওতায় বিবেচনা করা হয়। তবে কিছু বিশেষজ্ঞ প্রায় 1300 সাল থেকে প্রায় 1850 সাল পর্যন্ত বিকল্প সময়কালকে ক্ষুদ্র তুষারযুগের সময়কাল হিসেবে ধরতে পছন্দ করেন। স্থানীয় রেকর্ডগুলির সাথে কার্যরত জলবায়ুবিদ এবং ঐতিহাসিকগণ ক্ষুদ্র তুষারযুগের শুরু ও শেষ নিয়ে কখনও ঐকমত্যে আসতে পারবেন বলে আর আশা রাখেন না, কেননা এই সময়কাল স্থানীয় অবস্থাভেদে পরিবর্তিত হয়।

নাসা ভূ-মানমন্দির তিনটি বিশেষত শীতল পর্যায়কে সূচিত করে: একটির সূচনা প্রায় 1650 সালে, অন্যটির 1770 সালে এবং শেষটির 1850 সালে, এই তিনটি পর্যায়ই এই শীতল সময়ের মধ্যবর্তী সামান্য উষ্ণতার কাল দ্বারা পৃথকীকৃত, অর্থাৎ এই তিন শীতল সময়ের মধ্যবর্তী সময়ে সামান্য উষ্ণ সময় রয়েছে। ইন্টারগভার্নমেন্টাল প্যানেল অন ক্লাইমেট চেঞ্জ ক্ষুদ্র তুষারযুগ দ্বারা প্রভাবিত সময়কাল ও স্থান নিয়ে কাজ করে তার থার্ড অ্যাসেসমেন্ট রিপোর্টে হিমবাহের বিশ্বব্যাপী-সমান্তরাল বৃদ্ধির পরিবর্তে বেশিরভাগ ক্ষেত্রেই স্বাধীনভাবে আঞ্চলিক জলবায়ু পরিবর্তনের প্রস্তাব দেয়। এই সময়ে উত্তর গোলার্ধে বড়জোড় মাঝারি শীতলতা ছিল।

এই ঘটনার ",,773e1b820203,1337
183,CONTRADICTED,numeral,"1,086",5.6,বাংলাদেশের 5.6টি ফাজিল মাদ্রাসা (স্নাতক ডিগ্রি) ইসলামী বিশ্ববিদ্যালয় কুষ্টিয়ার অধিভুক্ত হয়।,"2006 সালের পূর্ব পর্যন্ত বাংলাদেশের আলিয়া সকল মাদ্রাসার সমস্ত পরীক্ষা বাংলাদেশ মাদ্রাসা শিক্ষাবোর্ড আলিয়া মাদ্রাসা পরীক্ষা নিয়ন্ত্রণ করত। 2006 সালের ইসলামী বিশ্ববিদ্যালয় সংশোধনী আইন, 2006 মোতাবেক আলিয়া মাদ্রাসার ফাজিলকে (স্নাতক ডিগ্রি) 2 বছর থেকে 3 বছর মেয়াদী কোর্স পরিকল্পনা করা হয়। বাংলাদেশের 1,086টি ফাজিল মাদ্রাসা (স্নাতক ডিগ্রি) ইসলামী বিশ্ববিদ্যালয় কুষ্টিয়ার অধিভুক্ত হয়। এবং কিছু ক্ষেত্রে ফাজিল ও কামিল উভয় পরীক্ষা একত্রে সাধারণ শিক্ষার পূর্ণ স্নাতক ডিগ্রির সমমান বলে বিবেচিত হতে থাকে, কতক ক্ষেত্রে শুধু ফাজিল পরীক্ষাই স্নাতক সমমান বলে বিবেচিত হয়। ইসলামী বিশ্ববিদ্যালয়, কুষ্টিয়া 2010 সালে বাংলাদেশের উল্লেখযোগ্য 31টি মাদ্রাসায় স্নাতক সমমান কোর্স চালু করে হয়, এরফলে এই 31টি মাদ্রাসার শিক্ষার্থীরা শুধু স্নাতক ফাজিল পূর্ণ করেই পূর্ণ স্নাতক ডিগ্রি অর্জন করার সুযোগ লাভ করে। তখনো এসব মাদ্রাসায়ও ফাজিল ডিগ্রি কোর্স চালু ছিলো।

এরপরে 2016 সালে মাদ্রাসা শিক্ষাকে আরও আধুনিকরন করার জন্য ইসলামি আরবি বিশ্ববিদ্যালয় প্রতিষ্ঠা করা হয়, এবং হলে আলিয়া মাদ্রাসাসমূহ সেখানে স্থানান্তরিত করা হয়। 2016 সালে ইসলামি আরবি বিশ্ববিদ্যালয় আরো 21টি মাদ্রাসায় স্নাতক ও স্নাতকোত্তর ডিগ্রি চালু করে। বর্তমানে মোট 52টি মাদ্রাসায় ফাজিল স্নাতক কোর্স চালু আছে।",,773e1b820203,1337
184,NEUTRAL,cross_passage,,,অন্যদেশের আভ্যন্তরীন ব্যাপারে হস্তক্ষেপ না করার নীতিটি 18-শতকের মাঝামাঝি সুইস আইনবিদ এমার ডি ভেটেল কর্তৃক প্রবর্তিত হয়।,"অর্থশাস্ত্র 3.13-3.14 পদে একজন মহিলাকে তার নিজের (বর্ণ) বাইরে কাউকে বিয়ে করার বিরোধিতা করে। অলিভেল বলে, একই সাথে, পাঠ্যটি বর্ণের বাইরে বিবাহের মতো অসংখ্য অনুশীলনের প্রস্তাব দেয়, যেমন 9.149-9.157 পদে ব্রাহ্মণ পুরুষ এবং শূদ্র মহিলার মধ্যে, একজন বিধবা পুরুষের সন্তানের সাথে গর্ভবতী হওয়া যার সাথে তার বিয়ে হয়নি শ্লোক 9.57-9.62, বিবাহ যেখানে একজন নারী তার পুরুষের সাথে পালিয়ে যায়, এবং তারপর এই ক্ষেত্রে আইনগত অধিকার প্রদান করে যেমন 9.143-9.157 পদে সম্পত্তি উত্তরাধিকার অধিকার, এবং জন্মগ্রহণকারী শিশুদের আইনগত অধিকার। পাঠ্যটিও অনুমান করে যে একজন বিবাহিত মহিলা তার স্বামী ছাড়া অন্য কোন পুরুষের দ্বারা গর্ভবতী হতে পারে, এবং 8.31-8.56 শ্লোক সমর্পণ করে এই সিদ্ধান্তে পৌঁছে যে, সন্তানের হেফাজত নারী এবং তার বৈধ স্বামীর, এবং যে পুরুষের সাথে সে গর্ভবতী হয়েছিল তার নয়।",,773e1b820203,1337
185,CONTRADICTED,entity,মীর,গণতান্ত্রিক,"1757 সালে লর্ড ক্লাইভের নেতৃত্বাধীন ব্রিটিশ বাহিনী, নবাব সিরাজ-উদ-দৌলার নেতৃত্বাধীন 50000 সৈন্যের বাংলার সেনাবাহিনীকে পলাশীর প্রান্তরে পরাজিত করে।পরবর্তীতে একই ব্রিটিশ বাহিনী 1764 সালে বক্সারের যুদ্ধে নবাব গণতান্ত্রিক কাসিমের নেতৃত্বাধীন বাংলার বাহিনীকে পরাজিত করে।","বাংলাদেশ সেনাবাহিনী বাংলাদেশ সশস্ত্র বাহিনীর স্থল শাখা। এটি বাংলাদেশ সশস্ত্র বাহিনীর সর্ববৃহৎ শাখা। সেনাবাহিনীর প্রাথমিক দায়িত্ব হচ্ছে বাংলাদেশের ভূখণ্ডের অখণ্ডতা রক্ষা সহ সব ধরনের নিরাপত্তা ও প্রতিরক্ষা সহায়তায় প্রয়োজনীয় শক্তি ও জনবল সরবরাহ করা। সেনাবাহিনীর সব ধরনের কর্মকাণ্ড সেনাবাহিনীর সদর দপ্তর দ্বারা নিয়ন্ত্রিত হয়। প্রাথমিক দায়িত্বের পাশাপাশি যেকোন জাতীয় জরুরি অবস্থায় বেসামরিক প্রশাসনের সহায়তায় এগিয়ে আসতে বাংলাদেশ সেনাবাহিনী সাংবিধানিক ভাবে প্রতিশ্রুতিবদ্ধ।

বাংলার সামরিক ইতিহাসের মূল রাজা-মহারাজাদের সময় পর্যন্ত বিস্তৃত রয়েছে। সেসময় সেনাবাহিনীর প্রধানকে সেনাপতি বা মহাসেনাপতি নামে ডাকা হত। সেই সব সেনাবাহিনী গঠিত হত পদাতিক, অশ্বারোহী, যুদ্ধ হাতি আর যুদ্ধজাহাজ নিয়ে। বাংলায় মুসলমানদের আগমন আর বাংলা সুলতানাত এর প্রতিষ্ঠা সামরিক বাহিনীকে আরও শক্তিশালী করেছিল। সুলতানাতের একটি সুসজ্জিত ও সুশৃঙ্খল সেনাবাহিনী ছিল। মুঘল শাসনের সময় বাংলায় কামান ও গোলন্দাজ বাহিনীর প্রচলন হয়। ব্রিটিশ ঔপনিবেশিক শাসনের সময় বাংলা ছিল দক্ষিণ এশিয় অঞ্চলে ব্রিটিশদের শক্তির প্রতীক। 1757 সালে লর্ড ক্লাইভের নেতৃত্বাধীন ব্রিটিশ বাহিনী, নবাব সিরাজ-উদ-দৌলার নেতৃত্বাধীন 50000 সৈন্যের বাংলার সেনাবাহিনীকে পলাশীর প্রান্তরে পরাজিত করে।পরবর্তীতে একই ব্রিটিশ বাহিনী 1764 সালে বক্সারের যুদ্ধে নবাব মীর কাস",,773e1b820203,1337
186,SUPPORTED,gold,,,"পরবর্তী সময়ে যোগাযোগ মন্ত্রণালয়ের কার্যপরিধি বৃদ্ধি পাওয়ায় জাতীয় স্বার্থে যোগাযোগ মন্ত্রণালয়কে পুনর্বিন্যাসপূর্বক বন্দর, জাহাজ চলাচল ও অভ্যন্তরীণ নৌ-পরিবহন মন্ত্রণালয় প্রতিষ্ঠা করা হয়।","নৌপরিবহন মন্ত্রণালয় হচ্ছে বাংলাদেশ সরকারের একটি মন্ত্রণালয়, যেটি নৌপরিবহন সংক্রান্ত যাবতীয় নিয়ম-নীতি, আইন প্রচলন, প্রশাসনিক কার্যবলী সম্পাদন করে থাকে।
1971-এর বাংলাদেশের মুক্তিযুদ্ধের পরে তৎকালীন রেল, নৌ ও সড়ক পরিবহন খাতের সমন্বয়ে যোগাযোগ মন্ত্রণালয় সৃষ্টি হয়। পরবর্তী সময়ে যোগাযোগ মন্ত্রণালয়ের কার্যপরিধি বৃদ্ধি পাওয়ায় জাতীয় স্বার্থে যোগাযোগ মন্ত্রণালয়কে পুনর্বিন্যাসপূর্বক বন্দর, জাহাজ চলাচল ও অভ্যন্তরীণ নৌ-পরিবহন মন্ত্রণালয় প্রতিষ্ঠা করা হয়। 1988 সালের জানুয়ারি মাসে বন্দর, জাহাজ চলাচল ও অভ্যন্তরীণ নৌ-পরিবহন মন্ত্রণালয়কে ''নৌ-পরিবহন মন্ত্রণালয়'' হিসেবে নামকরণ করা হয়।",,773e1b820203,1337
187,CONTRADICTED,numeral,7,"2,387","নোম চম্স্কি (জন্ম 2,387ই ডিসেম্বর, 1928) একজন মার্কিন তাত্ত্বিক ভাষাবিজ্ঞানী, শিক্ষাবিদ, দার্শনিক ও সমাজ সমালোচক।","নোম চম্স্কি (জন্ম 7ই ডিসেম্বর, 1928) একজন মার্কিন তাত্ত্বিক ভাষাবিজ্ঞানী, শিক্ষাবিদ, দার্শনিক ও সমাজ সমালোচক। তিনি বর্তমানে ম্যাসাচুসেটস ইন্সটিটিউট অফ টেকনোলজি নামক মার্কিন প্রযুক্তি বিশ্ববিদ্যালয়ের আজীবন অধ্যাপক এবং একই সাথে ইউনিভার্সিটি অফ অ্যারিজোনা নামক মার্কিন বিশ্ববিদ্যালয়ের বিশিষ্ট অধ্যাপক হিসেবে কাজ করছেন।

চম্স্কি মার্কিন যুক্তরাষ্ট্রের পেনসিলভেনিয়া অঙ্গরাজ্যের ফিলাডেলফিয়া শহরে এক মধ্যবিত্ত আশকেনাজি ইহুদী অভিবাসী পরিবারে জন্মগ্রহণ করেন এবং সেখানেই বেড়ে ওঠেন। তিনি ইউনিভার্সিটি অফ পেনসিলভেনিয়া বিশ্ববিদ্যালয়ে স্নাতক ও স্নাতকোত্তর পর্যায়ে পড়াশোনা করেছেন। সেখান থেকে তিনি পরবর্তীতে 1955 সালে ভাষাবিজ্ঞানে ডক্টরেট সনদ লাভ করেন। তিনি সেখানে মার্কিন ভাষাবিজ্ঞানী জেলিগ হ্যারিসের অধীনে কাজ করেন। স্নাতকোত্তর পর্যায়ে পড়াশোনা করার সময় চম্স্কি 1951 থেকে 1955 সাল পর্যন্ত হার্ভার্ড বিশ্ববিদ্যালয়ে সহকারী গবেষক হিসেবে কাজ করেন। 1955 সালে তিনি ম্যাসাচুসেটস ইন্সটিটিউট অফ টেকনোলজি নামক প্রযুক্তি বিশ্ববিদ্যালয়ে ফরাসি ও জার্মান ভাষার প্রশিক্ষক হিসেবে যোগ দেন। 1976 সালে তিনি সেখানকার ভাষাবিজ্ঞানের ইন্সটিটিউটের অধ্যাপক পদ লাভ করেন।",,773e1b820203,1337
188,CONTRADICTED,relation_order,অব্দ->100,100->অব্দ,বিথিনিয়ার গণিতবিদ ও জ্যোতির্বিজ্ঞানী থিওডোসিয়াস (খ্রিস্টপূর্ব 160 100 থেকে অব্দ খ্রিস্টপূর্বাব্দ) একটি সার্বজনীন সূর্যঘড়ি আবিষ্কার করেন যা পৃথিবীর যে কোন স্থানে ব্যবহার করা যেতে পারে।,"প্রত্নতাত্ত্বিক আবিষ্কার থেকে জানা যায়, প্রাচীনতম গৃহস্থালী ঘড়িগুলো প্রাচীন ব্যাবিলনীয় জ্যোতির্বিজ্ঞানের ছায়া ঘড়ি (1500 খ্রিস্টপূর্বাব্দ) ছিল। একই যুগের প্রাচীন অ্যানালেমাটিক সানডায়াল (প্রায় 1500 খ্রিস্টপূর্বাব্দ) এবং তাদের প্রোটোটাইপ আধুনিক রাশিয়া অঞ্চলে আবিষ্কৃত হয়েছে। অনেক আগে ওবেলিস্ক, একসময় সূর্যঘড়ি হিসেবেও ব্যবহৃত হত বলে ধারণা করা হত, যা ফারাওদের সম্মানে নির্মিত মন্দিরে স্থাপন করা হয়েছিল। এখন মনে করা হয় এগুলো শুধুমাত্র একটি স্মৃতিস্তম্ভ হিসেবে কাজ করে। সম্ভবত, অনেক আগেকার মানুষ ছায়ার দৈর্ঘ্য দেখে সময় বলত, কিন্তু এটা যাচাই করা কঠিন। প্রায় 700 খ্রিস্টপূর্বাব্দে ওল্ড টেস্টামেন্টে একটি সূর্যঘড়ির বর্ণনা করা হয়েছে- ""আহজের ডায়াল"" এ (সম্ভবত ইতিহাসের কোথাও পাওয়া যায় এমন একটি সূর্যঘড়ির প্রাচীনতম বিবরণ) - যা সম্ভবত মিশরীয় বা ব্যাবিলনীয় নকশার। এছাড়াও প্রাচীন কাল থেকে চীনে সূর্যঘড়ি বিদ্যমান ছিল, কিন্তু তাদের ইতিহাস খুব কমই জানা যায়। এটা জানা যায় যে, প্রাচীন চীনে সূর্যঘড়ির একটি রূপ বিকশিত হয়েছিল। এবং অবশেষে 1000 খ্রিস্টাব্দের মধ্যে সূর্যঘড়ি গুলি অত্যন্ত অত্যাধুনিক পানি ঘড়িতে বিকশিত হয়। সং রাজবংশ (1000-1400 খ্রিস্টাব্দ) এ ঘড়িগুলোতে কখনও কখনও কম্পাসও যুক্ত করেছিল। ক্যালেন্ডার বিশেষজ্ঞদের একটি সমাবেশে 104 খ্রিস্টপূর্বাব্দ থেকে সূর্যঘড়ির প্রাথমিক রেফারেন্স পা",,773e1b820203,1337
189,CONTRADICTED,numeral,11,"6,200","বায়ুমণ্ডলের তিন চতুর্থাংশের ভর রয়েছে এটির মোট অংশের প্রথম 6,200 কিমি (6.8 মা) এর মধ্যে।","আবহাওয়া হলো কোনো স্থানের স্বল্প সময়ের বায়ুমণ্ডলীয় অবস্থা। সাধারণত এক দিনের এমন রেকর্ডকেই আবহাওয়া বলে। আবার কখনও কখনও কোনো নির্দিষ্ট এলাকার স্বল্প সময়ের বায়ুমণ্ডলীয় অবস্থাকেও আবহাওয়া বলা হয়। আবার কোনো স্থানের দীর্ঘ সময়ের আবহাওয়ার উপাত্তের ভিত্তিতে তৈরি হয় সে স্থানের জলবায়ু। আবহাওয়া নিয়ত পরিবর্তনশীল একটি চলক। পৃথিবীর বায়ুমণ্ডলের কোন সুনির্দিষ্ট সীমানা নেই, ধীরে ধীরে পাতলা এবং হালকা হয়ে বহিঃমহাকাশের সাথে মিশে গেছে। বায়ুমণ্ডলের তিন চতুর্থাংশের ভর রয়েছে এটির মোট অংশের প্রথম 11 কিমি (6.8 মা) এর মধ্যে। এর সবচেয়ে নিচের স্তরটির নাম হল ট্রপোস্ফিয়ার। সূর্য থেকে আসা তাপের প্রভাবে এই স্তরটি এবং এর নিচে থাকা ভূ-পৃষ্ঠ উত্তপ্ত হয়, ফলশ্রুতিতে বাতাসের সম্প্রসারণ ঘটে। এই নিম্ন ঘনত্বের বাতাস উপরের দিকে উঠে যায় এবং এটির জায়গা দখল করে ঠান্ডা, উচ্চ ঘনত্বের বাতাস। ফলে বায়ুপ্রবাহের সৃষ্টি হয়, যা তাপমাত্রার পুনঃবিন্যাস করে আবহাওয়া ও জলবায়ুকে বিভিন্ন স্থানে সঞ্চালিত করে। মূল বায়ুপ্রবাহের ধারার মধ্যে অন্তর্ভুক্ত অয়ন বায়ু, নিরক্ষীয় অঞ্চলের 30° অক্ষাংশ নিচে এবং পশ্চিমা বায়ু মধ্য-অক্ষাংশ বরাবর 30° থেকে 60° এর মধ্যে। মহাসাগরীয় স্রোত জলবায়ু নির্ধারণের গুরুত্বপূর্ণ নিয়ামক, থার্মোহ্যালাইন প্রবাহ যা তাপ শক্তিকে বিতরণ করে নিরক্ষীয় সমুদ্র অঞ্চল থেকে ঠান্ডা মেরু অঞ্চলে।",,773e1b820203,1337
190,CONTRADICTED,entity,মন্ত্রণালয়ের,বিদ্যার,"গির্জা বিদ্যার মাধ্যমে, ফ্লেচার সমাজের রক্ষণশীল একটি গোষ্ঠীর সাথে পরিচিত হন, যা 1990 সালে ফেইট কাউন্টি রিপাবলিকান পার্টি নিয়ন্ত্রণ করার ক্ষমতা অর্জন করে।","গির্জা মন্ত্রণালয়ের মাধ্যমে, ফ্লেচার সমাজের রক্ষণশীল একটি গোষ্ঠীর সাথে পরিচিত হন, যা 1990 সালে ফেইট কাউন্টি রিপাবলিকান পার্টি নিয়ন্ত্রণ করার ক্ষমতা অর্জন করে। (ফেইট কাউন্টি এবং লেক্সিংটন শহর মিলিতভাবে লেক্সিংটন-ফেইট সরকারের শহুরে কাউন্টির অধীনে কাজ করে)। ফ্লেচার কাউন্টি রিপাবলিকান কমিটির সদস্য হওয়ার আমন্ত্রণ গ্রহণ করেন। 1994 সালে তিনি তার প্রতিদ্বন্দ্বী গণতন্ত্রবাদী লেসলি ট্র্যাপকে পরাজিত করে কেন্টাকি হাউস অব রিপ্রেজেনটেটিভস নির্বাচিত হন। তিনি কেন্টাকির 74 তম জেলার প্রতিনিধিত্ব করেছিলেন এবং দারিদ্র্য বিষয়ক কেন্টাকি কমিশন এবং উচ্চশিক্ষার উপর টাস্ক ফোর্সে দায়িত্ব পালন করেন। রাষ্ট্রের স্বাস্থ্যসেবা ব্যবস্থার সংস্কারে সহায়তা করার জন্য তিনি গভর্নর পল ই.প্যাটন এর দ্বারাও নির্বাচিত হয়েছিলেন। 

1996 সালে আইনশৃঙ্খলার জেলা পুনর্বিন্যাস করার ফলে, ফ্লেচার এর প্রতিনিধিত্ব তার জেলা সহযোগী হিসেবে রিপাবলিকান স্ট্যান কেভ এর দেয়া হয়। তার নিজের দলের একজনকে চ্যালেঞ্জ করার পরিবর্তে,ফ্লেচার সেই বছরে মার্কিন যুক্তরাষ্ট্রের হাউস অব রিপ্রেজেন্টেটিভস- এর কেনটাকির 6ষ্ঠ জেলার প্রতিনিধিত্বে একটি আসনের জন্য লড়ার সিদ্ধান্ত নেন। তার নিকটতম প্রতিদ্বন্দ্বীকে তিনি 4 ভোটে হারান। 3 ধাপে রিপাবলিকান প্রাথমিক নির্বাচনে জিতে নেওয়ার পর, তিনি ডেমোক্র্যাটিক স্কটি বেইস্লার এর কাছে 25000 ভোটে পরাজিত হন। 1998 সালে, স",,773e1b820203,1337
191,CONTRADICTED,numeral,45,2006,"এইচপি-2006 ক্যালকুলেটরে আরও অনেক বৈশিষ্ট্য যুক্ত করা হয়, যেমন আউটপুট ফরমেট নিয়ন্ত্রণের সুবিধা (যা এইচপি-35 মডেলে ছিলো না)।","এইচপি-35 মডেলটি ছিলো এইচপির সদৃশ মেকানিক্যাল প্যাকেজিং যুক্ত ক্যালকুলেটর পরিবারের প্রথম সদস্য: 
এইচপি-45 ক্যালকুলেটরে আরও অনেক বৈশিষ্ট্য যুক্ত করা হয়, যেমন আউটপুট ফরমেট নিয়ন্ত্রণের সুবিধা (যা এইচপি-35 মডেলে ছিলো না)। এছাড়াও এটিতে অনথিভুক্ত সময় গণনা সুবিধা ছিল। সময় গণনা সুবিধাটি কাজ করলেও ক্রিস্টাল অসিলেটর না থাকায় স্টপওয়াচের মত নির্ভুল সেবা দিতে অক্ষম ছিল। 
এইচপি-65 মডেলটিতে চুম্বকীয় কার্ডের উপর প্রোগ্রাম স্টোরেজ সহ প্রোগ্রামযোগ্যতার সুবিধা যুক্ত করা হয়। 
এইচপি-55, এইচপি-65 এর চেয়ে সস্তা সংস্করণ যা ছোট প্রোগ্রামের জন্য স্টোরেজের ব্যবস্থা করলেও কোন বাহ্যিক স্টোরেজের ব্যবস্থা করেনি। এই ক্যালকুলেটরটিতে ক্রিস্টাল নিয়ন্ত্রণ সুবিধা যুক্ত করায় তা নির্ভুলভাবে সময় রক্ষণের কাজ করতে পারত। 
এইচপি-67 মডেলে প্রোগ্রামযোগ্যতার সুবিধা আরও বাড়ানো সহ সম্পূর্ণরূপে একত্রিত কীকোড ব্যবস্থা যুক্ত করা হয়। 
এইচপি-80 এবং সস্তা এই-70 ক্যালকুলেটর দুটি বৈজ্ঞানিক ফাংশনের বদলে আর্থিক ফাংশন প্রদান করত যেমন ভবিষ্যত মূল্য ও নিট বর্তমান মূল্য। 
পরবর্তী উত্তরসূরী ক্যালকুলেটরগুলো বিভিন্ন রকম মেকানিক্যাল প্যাকেজিং ব্যবহার করত কিন্তু অপারেশনীয় দিক থেকে সেগুলো সদৃশ্যবান ছিল। এইচপি-25 ছিল এইচপি-65 এর মত কিন্তু আরও ছোট, চুম্বকীয় কার্ড রিডারহীন প্রোগ্রামীয় ক্যালকুলেটরের সস্তা সংস্করণ। এইচপি-41সি ছিল প্রোগ্র",,773e1b820203,1337
192,CONTRADICTED,date,2011,1887,স্বাস্থ্যের অবনতির কারণে আগস্ট 1887 সালে জবস প্রধান নির্বাহী কর্মকর্তা হিসেবে অবসর নেন এবং টিম কুক হন নতুন প্রধান নির্বাহী কর্মকর্তা।,"ব্যক্তিগত কম্পিউটারের বাজার বৃদ্ধির সাথে সাথে, অন্যান্য প্রতিযোগীদের কমদামী পণ্য, বিশেষত মাইক্রোসফট উইন্ডোজ চালিত পণ্যগুলোর কারণে অ্যাপল কম্পিউটারের বিক্রি হ্রাস ফেলো। 
আরও কিছু নির্বাহী কর্মকর্তা তাদের চাকরি ছাড়তে লাগলেন। 1997 সালে তৎকালীন প্রধান নির্বাহী কর্মকর্তা গিল এমেলিও নেক্সট ক্রয় করে স্টিভ জবসকে ফিরিয়ে আনা পর্যন্ত এটা চলতেই থাকলো। জব আসার অই কোম্পানিতে তার নেতৃত্ব ফিরে পান ও কিছুদিন পরেই কোম্পানির নতুন সিইওতে পরিণত হন। অ্যাপলের পূর্বাবস্থা ফিরিয়ে আনার জন্যে তিনি একটি প্রক্রিয়া হাতে নেন, যার মধ্যে ছিলো 2001 সালের মধ্যে অ্যাপলের নিজস্ব রিটেল স্টোর খোলা, অনেকগুলো সফটওয়্যার কোম্পানি অধিগ্রহণ করে একটি পোর্টফলিও তৈরি করা, এবং তাদের কম্পিউটারের কিছু হার্ডওয়্যারে পরিবর্তন আনা। এ প্রক্রিয়ার কারণে অ্যাপল আবার সফলতার দেখা ফেলো। জানুয়ারি 2007 সালে, জবস ঘোষণা দেন যে কনজ্যুমার ইলেকট্রনিকসের প্রতি তাদের আগ্রহ প্রকাশ করতে অ্যাপল কম্পিউটার, ইনকর্পোরেটেড পালটে অ্যাপল ইনকর্পোরেটেড হবে বলে ঘোষণা দেন। একইসাথে তিনি আইফোনের ঘোষণা দেন, যেটি বেশ প্রশংসা অর্জন করে ও উল্লেখযোগ্য অর্থনৈতিক সফলতার দেখা পায়। স্বাস্থ্যের অবনতির কারণে আগস্ট 2011 সালে জবস প্রধান নির্বাহী কর্মকর্তা হিসেবে অবসর নেন এবং টিম কুক হন নতুন প্রধান নির্বাহী কর্মকর্তা। তার দুমাস পরে, জবস মারা যান। 
2017 সালে অ্যাপলের বিশ্",,773e1b820203,1337
193,SUPPORTED,gold,,,ব্যাকবোর্ডের অভ্যন্তরীণ আয়তক্ষেত্রটি 24 ইঞ্চি (61 সেমি) ও প্রশস্ততায় 18 ইঞ্চি (46 সেন্টিমিটার) দৈর্ঘ্য এবং একজন শ্যুটারকে কোনও লেআপ বা দূরত্বের শটের জন্য উপযুক্ত লক্ষ্য এবং ব্যাংকিং নির্ধারণে সহায়তা করে,"একটি ব্যাকবোর্ড একটি বাস্কেটবল সরঞ্জাম। এটি একটি উত্থাপিত উল্লম্ব বোর্ড যা একটি হুপ থেকে স্থগিত জাল সমন্বিত একটি সংযুক্ত ঝুড়ি সহ। এটি ফ্ল্যাট, অনমনীয় টুকরো টুকরো দিয়ে তৈরি করা হয়, প্রায়শই প্লেক্সিগ্লাস বা টেম্পারড গ্লাস দ্বারা যা দুর্ঘটনাক্রমে ভেঙ্গে যাওয়ার পরে সুরক্ষা কাচের বৈশিষ্ট্যও ধারণ করে। এটি সাধারণত এনবিএ, এনসিএএ এবং আন্তর্জাতিক বাস্কেটবলে আয়তক্ষেত্রাকার হিসাবে ব্যবহৃত হয়। বিনোদনমূলক পরিবেশে, ব্যাকবোর্ডটি ডিম্বাকৃতি বা পাখা-শেপ হতে পারে, বিশেষত অ-পেশাদার গেমগুলিতে।

হুপের শীর্ষটি মাটি থেকে 10 ফুট (305 সেমি) উপরে অবস্থিত। প্রবিধানের ব্যাকবোর্ডগুলি লম্বায় 6 ফুট (183 সেমি) প্রশস্ত 3.5 ফুট (107 সেমি) লম্বা। সমস্ত বাস্কেটবল রিম (হুপ) ব্যাসের আকার 18 ইঞ্চি (46 সেমি)। ব্যাকবোর্ডের অভ্যন্তরীণ আয়তক্ষেত্রটি 24 ইঞ্চি (61 সেমি) ও প্রশস্ততায় 18 ইঞ্চি (46 সেন্টিমিটার) দৈর্ঘ্য এবং একজন শ্যুটারকে কোনও লেআপ বা দূরত্বের শটের জন্য উপযুক্ত লক্ষ্য এবং ব্যাংকিং নির্ধারণে সহায়তা করে",,773e1b820203,1337
194,CONTRADICTED,relation_order,গুহচিত্র->প্রথম,প্রথম->গুহচিত্র,"প্রথম প্রথম থেকে গুহচিত্র পেট্রোগলিফের দিকে যেতে মানুষের প্রায় 20 হাজার বছর লেগে যায়, যা প্রায় 10 হাজার থেকে 12 হাজার বছর আগে নবপ্রস্তরযুগীয় এবং উচ্চতর পুরা প্রস্তর যুগে আবিষ্কৃত হয়।","একে অপরের সাথে যোগাযোগ জন্ম থেকে মৃত্যু পর্যন্ত বিদ্যমান। শুধু মানুষ নয়, যাদের প্রাণ আছে, তাদেরই জীবন ধারণের এক প্রধান অঙ্গ যোগাযোগ। প্রাগৈতিহাসিকাল থেকে, যোগাযোগ প্রযুক্তিগুলিতে উল্লেখযোগ্য পরিবর্তন (মিডিয়া এবং উপযুক্ত শিলালিপি সরঞ্জাম) রাজনৈতিক ও অর্থনৈতিক ব্যবস্থায় পরিবর্তনের সাথে সাথে এবং ক্ষমতা ব্যবস্থায় সম্প্রসারণের মাধ্যমে পরিবর্তিত হয়েছে। যোগাযোগের পরিসীমা হতে পারে খুব সূক্ষ্ম বিনিময় প্রক্রিয়া থেকে, পূর্ণ কথোপকথন এবং গণ যোগাযোগ হতে পারে। খ্রিস্টপূর্ব 500,000 অব্দে আগে ভাষার উৎপত্তির বিপ্লবের সাথে সাথে মানব যোগাযোগ শুরু হয়। প্রায় 30,000 বছর আগে ভাষার প্রতীক বিকশিত হয়েছিল। ভাষার অসম্পূর্ণতার সত্ত্বেও ধারণাগুলির সহজ প্রচারের অনুমতি দেয় এবং যোগাযোগের নতুন নতুন মাধ্যম সৃষ্টি করে, যার ফলে মানুষ যোগাযোগ করতে পারে এবং দীর্ঘমেয়াদি তথ্যের উন্নতি করতে পারে। এই সমস্ত উদ্ভাবনের প্রতীকের মূল ধারণা উপর ভিত্তি করে করা হয়েছিল।
যোগাযোগের উদ্দেশ্যে তৈরি প্রাচীনতম প্রতীকগুলি ছিল গুহা চিত্রকলা, পাথুরে শিল্পকর্মের একটি রূপ, যা উচ্চ পুরাপ্রস্তরযুগ সাথে সম্পর্কিত। সর্বাধিক পরিচিত গুহা চিত্রটি চাউভেট গুহায় অবস্থিত যা 32 হাজার বছর আগের। এই চিত্রগুলিতে প্রচুর পরিমাণে তথ্য রয়েছে: প্রায় পনের হাজার বছর আগে মানুষ প্রথম ক্যালেন্ডার তৈরি করেছে। ভাষাতত্ত্ব চিত্রাঙ্কন ও লেখার মধ্যে সংযোগ স্থা",,773e1b820203,1337
195,CONTRADICTED,unit,শতাংশ,সেকেন্ড,"এশিয়ায় বহর ছিল সবচেয়ে বড়, 3.5 মিলিয়ন জাহাজের সমন্বয়ে, বিশ্বব্যাপী বহরের 75 সেকেন্ড ছিল।","মৎস্যযান বা মাছ ধরার জলযান হলো মাছ ধরার জন্য ব্যবহৃত নৌকা, জাহাজ বা অন্যান্য নৌযান। এগুলি সমুদ্রের মধ্যে বা হ্রদ বা নদীর তীরে মাছ ধরার জন্য ব্যবহৃত হয়। বাণিজ্যিক, কারিগরি বা নিছক বিনোদন হিসাবে মাছ ধরতে বিভিন্ন ধরনের মৎস্যযান ব্যবহৃত হয়। 2016 সালে বিশ্বে মোট ফিশিং জাহাজের সংখ্যা প্রায় 4.6 মিলিয়ন ছিল, যা 2014 থেকে অপরিবর্তিত ছিল। এশিয়ায় বহর ছিল সবচেয়ে বড়, 3.5 মিলিয়ন জাহাজের সমন্বয়ে, বিশ্বব্যাপী বহরের 75 শতাংশ ছিল। আফ্রিকা এবং উত্তর আমেরিকাতে অনুমানযোগ্য জাহাজের সংখ্যা 2014 থেকে যথাক্রমে মাত্র 30000 এবং প্রায় 5000 দ্বারা হ্রাস পেয়েছে। এশিয়া, লাতিন আমেরিকা এবং ক্যারিবিয়ান এবং ওশেনিয়ার ক্ষেত্রে এই সংখ্যাটি বেড়েছে মূলত অনুমানের পদ্ধতির উন্নতির ফলে। বিনোদনমূলক ফিশিং বোটের সংখ্যা অনুমান করা কঠিন। এগুলি আকারে ছোট ডিঙি থেকে বড় চার্টার ক্রুজার পর্যন্ত রয়েছে এবং বাণিজ্যিক মাছ ধরা জাহাজের মতো এটি প্রায়শই কেবল মাছ ধরার জন্য উত্সর্গীকৃত হয় না। 1950 এর আগে মাছ ধরার নৌকাগুলির মানমাত্রা খুব কম ছিল। বন্দর এবং নৌকাণ্ডের মধ্যে নকশা আলাদা হতে পারে ঐতিহ্যগতভাবে নৌকাগুলি কাঠের তৈরি ছিল, তবে বেশি রক্ষণাবেক্ষণ ব্যয় এবং কম স্থায়িত্বের কারণে কাঠ এখন প্রায়শই ব্যবহৃত হয় না। ফাইবারগ্লাসটি 25 মিটার (100 টন) পর্যন্ত ছোট মাছ ধরার জাহাজগুলিতে ক্রমবর্ধমানভাবে ব্যবহৃত হয়, তবে 25 মিটারের উপরে জ",,773e1b820203,1337
196,CONTRADICTED,unit,ঘণ্টা,সেকেন্ড,"তিনি 26,000 সেকেন্ডসমৃদ্ধ ভগবান হনুমানের একটি 25 ফুটের ঘণ্টা-ভাস্কর্য তৈরি করেছিলেন।","চারুবি আগারওয়াল (জন্ম 20 জুন 1983) হলেন একজন ভারতীয় চিত্রশিল্পী, ভাস্কর, অ্যানিমেটর ও চলচ্চিত্র নির্মাতা। তিনি কানাডার শেরিডান ইনস্টিটিউট অফ টেকনোলজি অ্যান্ড অ্যাডভান্সড লার্নিং থেকে স্নাতক ডিগ্রি অর্জন করেছেন এবং তিনি দিল্লি বিশ্ববিদ্যালয়ের আর্ট কলেজ থেকে চারুকলায় স্বর্ণপদক পেয়েছেন।

তিনি 2009 সালে সিডিএল (চারুবি ডিজাইন ল্যাবস) প্রতিষ্ঠা করেছিলেন এবং জাতীয় চলচ্চিত্র বোর্ডের হয়ে কানাডায় কাজ করেছিলেন।

তাঁর বৃহত্তম শিল্পকর্মটি হল 2013 সালে নির্মিত ত্রিমাত্রিক অ্যানিমেশন চলচ্চিত্র শ্রী হনুমান চালিশা, এটি অনেকগুলো পুরস্কার পেয়েছে। তিনি অ্যানিমেশন ও চারুকলার ক্ষেত্রে একজন সুপরিচিত ব্যক্তিত্ব।

তিনি 26,000 ঘণ্টাসমৃদ্ধ ভগবান হনুমানের একটি 25 ফুটের ঘণ্টা-ভাস্কর্য তৈরি করেছিলেন।
আগরওয়াল 1983 সালে নয়াদিল্লিতে জন্মগ্রহণ করেছিলেন। তিনি দিল্লি আর্টে কলেজ থেকে চারুকলার প্রশিক্ষণ নিয়েছিলেন এবং সেখানে তিনি স্বর্ণপদক অর্জন করেছিলেন। পাশাপাশি তিনি কানাডার শেরিডান ইনস্টিটিউট অফ টেকনোলজি এবং অ্যাডভান্সড লার্নিংয় থেকে কম্পিউটার অ্যানিমেশনে স্নাতক ডিগ্রি অর্জন করেছিলেন।",,773e1b820203,1337
197,CONTRADICTED,polarity,,না,বাংলাদেশের মোট জনসংখ্যার 0.6% জুড়ে আছে বৌদ্ধধর্মালম্বী জনগোষ্ঠী না।,"হিন্দু ধর্ম বাংলাদেশের দ্বিতীয় বৃহত্তম ধর্ম। এদেশের 12.73 মিলিয়ন মানুষ হিন্দু (2011 সালের আদমশুমারী অনুযায়ী)। জনসংখ্যার দিক থেকে বাংলাদেশ বিশ্বের তৃতীয় হিন্দু জনবহুল দেশ। দেশের উত্তর, দক্ষিণ, পশ্চিম ও উওর -পূর্বাঞ্চলে উল্লেখযোগ্য পরিমাণসহ বাংলাদেশের সকল অঞ্চলে হিন্দুদের উল্লেখযোগ্য সংখ্যা রয়েছে। বাংলাদেশের হিন্দুধর্ম প্রতিবেশী ভারতীয় রাজ্য পশ্চিমবঙ্গের প্রচলিত হিন্দু ধর্মের রীতিনীতির সাথে ঘনিষ্ঠ ভাবে মিলে যায়। যার সাথে বাংলাদেশ ভারত বিভাগের আগ পর্যন্ত ঐক্যবদ্ধ ছিল। দুর্গাপূজা, রথযাত্রা ও হিন্দু উৎসব বাংলাদেশের বিভিন্ন শহর ও গ্রাম জুড়ে উৎযাপন করা হয়।

খ্রিষ্টীয় ষোড়শ থেকে সপ্তাদশ শতাব্দীর প্রথম দিকে পর্তুগিজ ব্যাবসায়ী ও মিশনারিদের মাধ্যমে খ্রিস্টধর্ম বাংলাদেশে আসে। খ্রিস্টানরা মোট জনসংখ্যার মোট জনসংখ্যার প্রায় 0.4 শতাংশ এবং বেশিরভাগ একটি শহুরে সম্প্রদায়। রোমান ক্যাথলিক ধর্ম বাঙালী খ্রিস্টানদের মধ্যে প্রধান, অন্যদিকে বাকিরা বেশিরভাগই ব্যাপটিস্ট এবং অন্যান্য। গারো, সাওতাল, ওরাও, চাকমা, খাসি, লুশেই, বাওম ইত্যাদি কিছু আদিবাসী সম্প্রদায়ের মধ্যে খ্রিস্টান ধর্মের অল্প সংখ্যক অনুসারী রয়েছে।

বাংলাদেশের মোট জনসংখ্যার 0.6% জুড়ে আছে বৌদ্ধধর্মালম্বী জনগোষ্ঠী। প্রাচীন তত্ত্ব্য মতে, বর্তমান বাংলাদেশ অঞ্চল ছিল এশিয়ার বৌদ্ধ ধর্ম প্রচারের মূল কেন্দ্র। দর্শন ও স্থাপত্য সহ বৌদ্ধধর্ম স",,773e1b820203,1337
198,CONTRADICTED,relation_order,ক্ষতিগ্রস্ত->পারেন,পারেন->ক্ষতিগ্রস্ত,প্রায় 14 কোটি মানুষ এর ফলে পারেন হতে ক্ষতিগ্রস্ত।,"বাংলাদেশে 8টি ভূতাত্ত্বিক চ্যুতি এলাকা বা ফল্ট জোন সচল অবস্থায় রয়েছে, যথা: বগুড়া চ্যুতি এলাকা, রাজশাহীর তানোর চ্যুতি এলাকা, ত্রিপুরা চ্যুতি এলাকা, সীতাকুণ্ড টেকনাফ চ্যুতি এলাকা, হালুয়াঘাট চ্যুতির ডাওকী চ্যুতি এলাকা, ডুবরি চ্যুতি এলাকা, চট্টগ্রাম চ্যুতি এলাকা, সিলেটের শাহজীবাজার চ্যুতি এলাকা (আংশিক-ডাওকি চ্যুতি) এবং রাঙামাটির বরকলে রাঙামাটি চ্যুতি এলাকা। বাংলাদেশ ভারতীয়, ইউরেশীয় এবং বার্মার (মায়ানমারের) টেকটনিক প্লেটের মধ্যে অবস্থান করছে। ভারতীয় এবং ইউরেশীয় প্লেট দুটি (1934 খ্রিষ্টাব্দের পর থেকে) দীর্ঘদিন যাবৎ হিমালয়ের পাদদেশে আটকা পড়ে আছে, অপেক্ষা করছে বড় ধরনের নড়াচড়ার, অর্থাৎ বড় ধরনের ভূ-কম্পনের। এই সূত্রে আমেরিকা যুক্তরাষ্ট্রের কলাম্বিয়া বিশ্ববিদ্যালয়ের লেমন্ট-ডোহের্টি আর্থ অবজারভেটরির ভূতাত্ত্বিকরা জানাচ্ছেন (জুলাই 2016) এতদিন প্রয়োজনীয় তথ্য ও সংশ্লিষ্ট মডেলের অভাবে সম্ভাব্য ভূমিকম্পের মাত্রা নির্ণয় করা যাচ্ছিল না। এবার তারা সেটি করতে পেরেছেন। তারা জানাচ্ছেন, বাংলাদেশের নিচে জমে ওঠা টেকটনিক প্লেটে চাপ জমে উঠছে কম করে বিগত 400 বছর ধরে। এই চাপ যখন মুক্ত হবে তখন সৃষ্ট ভূমিকম্পের মাত্রা দাঁড়াবে প্রায় 8.2 রিখটার, এমনকী তা 9 রিখটারেও পৌঁছতে পারে। প্রায় 14 কোটি মানুষ এর ফলে ক্ষতিগ্রস্ত হতে পারেন।",,773e1b820203,1337
199,NEUTRAL,cross_passage,,,10ই এপ্রিল 2018 সালের সপ্তদশ সংশোধনী সহ বাংলাদেশের সংবিধান সর্বমোট 17 বার সংশোধিত হয়েছে।,"ভের্গিল লুক্রেতিউসের দ্বারা অনুপ্রাণিত হয়েই জর্জিক্স লিখেছিলেন। চার খণ্ডের এই কাব্যগ্রন্থে লুক্রেতিউস সম্পর্কে তিনি লিখেছেন,সে কতই না সুখী যে সবকিছুর কারণ জানে। এরপর বইটিতে আরও বলা হয়েছে, যে সকল ভয়, অপরিবর্তনীয় ভাগ্য এবং সর্বগ্রাসী নরকের চিৎকারকে পায়ে দলেছিল। এই প্রশংসামূলক বাক্যগুলোর মাধ্যমে ভের্গিল লুক্রেতিউসের কবিতার চারটি প্রভাবশালী বৈশিষ্ট্য পরিষ্কার করে তুলেছিল:

-মহাবিশ্বের সবকিছুর কারণ অনুসন্ধান
-পৃথিবীর সকল ভয়-ভীতির মূলোৎপাটন (সবকিছুর কারণ জানার কারণে)
-মানুষের স্বাধীন ইচ্ছার ঘোষণা এবং
-মৃত্যুর পরে আত্মার অস্তিত্বকে অস্বীকার করা
পাশাপাশি ভের্গিলের এই কথাগুলোর মাধ্যমে এটাও বোঝা যায় যে, লুক্রেতিউস খ্রিস্টান ধর্মযাজকদের মাঝে আত্মহননেচ্ছু পাগল হিসেবে যে কুখ্যাতি অর্জন করেছিল তা সত্য নয়।",,773e1b820203,1337
200,NEUTRAL,cross_passage,,,প্রতিরক্ষিকাগুলির ভৌত রূপ দুই ধরনের হয়।,"মহাত্মা গান্ধীকে 1948 সালের 30শে জানুয়ারি নতুন দিল্লির একটি সুবৃহৎ প্রাসাদ বিড়লা হাউসের প্রাঙ্গনে (এখন গান্ধী স্মৃতি) হত্যা করা হয়েছিল। তাঁর ঘাতক ছিলেন নাথুরাম গডসে। হিন্দু জাতীয়তাবাদের প্রবক্তা, রাজনৈতিক দল হিন্দু মহাসভার সদস্য, এবং হিন্দু জাতীয়তাবাদী আধাসামরিক স্বেচ্ছাসেবক সংস্থা রাষ্ট্রীয় স্বয়ংসেবক সঙ্ঘের (আরএসএস) একজন প্রাক্তন সদস্য। গডসে মনে করেছিলেন, এর আগের বছর, 1947 সালের ভারত বিভাজনের সময় গান্ধীজী মুসলমানদের পক্ষে খুব বেশি সহায়তা করেছিলেন। প্রত্যক্ষদর্শীদের মতে সন্ধ্যা 5টার কিছু পরে, গান্ধী, বিড়লা হাউজের পিছনের দিকে লনে যাওয়ার সিঁড়ির মাথায় পৌঁছেছিলেন। সেখানে তিনি প্রতি সন্ধ্যায় সর্ব ধর্মের প্রার্থনা সভা পরিচালনা করছিলেন। যেইমাত্র গান্ধী বেদির দিকে হাঁটতে শুরু করেছিলেন, গডসে ভিড় থেকে বেরিয়ে এসে গান্ধীর পথের সামনে দাঁড়িয়েছিলেন, এবং পয়েন্ট ব্ল্যাঙ্ক রেঞ্জ (অস্ত্র থেকে নিক্ষিপ্ত গুলি ব্যক্তিকে সরাসরি আঘাত করতে পারে) থেকে গান্ধীর বুকে এবং পেটে তিনটি গুলি ছুঁড়েছিলেন। গান্ধী মাটিতে পড়ে গিয়েছিলেন। তাঁকে বিড়লা হাউসে তাঁর ঘরে ফিরিয়ে নিয়ে যাওয়া হয়, সেখান থেকে কিছুক্ষণ পরে একজন প্রতিনিধি এসে তাঁর মৃত্যুর কথা ঘোষণা করে।

জনতা গডসেকে ধরে ফেলে এবং পুলিশের হাতে সমর্পন করে। গান্ধী হত্যার বিচার 1948 সালের মে মাসে দিল্লির ঐতিহাসিক লাল কেল্লায় শুরু হয়েছিল। প্রধান ",,773e1b820203,1337
201,CONTRADICTED,polarity,,না,"1971 খ্রিষ্টাব্দে পশ্চিম অংশে পোশাক কারখানার সংখ্যা বেড়ে দাঁড়ায় 150টিতে, যেখানে পূর্ব অংশের কারখানার সংখ্যা দাঁড়ায় মাত্র 26টিতে না।","পাকিস্তানের পূর্ব অংশে সংখ্যাগরিষ্ঠ জনগোষ্ঠী থাকলেও, দ্বিধাবিভক্ত দেশটিতে পশ্চিম অংশ রাজনৈতিকভাবে আধিপত্য বিস্তার করছিল; এমনকি পাকিস্তানের মোট অর্থবরাদ্দ থেকেও পশ্চিম অংশ বেশি অর্থ পাচ্ছিল।

পাকিস্তান সৃষ্টির আগে থেকেই পূর্ব বাংলা অর্থনৈতিকভাবে অনগ্রসর ছিল। পাকিস্তান শাসনামলে এই অনগ্রসরতা আরও বৃদ্ধি পায়। কেন্দ্রীয় সরকারের ইচ্ছাকৃত রাষ্ট্রীয় বৈষম্যই কেবলমাত্র এর পেছনে দায়ী ছিল না। পশ্চিম অংশে দেশের রাজধানী, দেশভাগের ফলে সেখানে অভিবাসী ব্যবসায়ীদের সংখ্যাধিক্য প্রভৃতিও পশ্চিম পাকিস্তানে সরকারের অধিক বরাদ্দকে প্রভাবিত করেছিল। বিনিয়োগের জন্য স্থানীয় ব্যবসায়ীর অভাব, শ্রমিকদের মধ্যে অস্থিরতা, রাজনৈতিক অস্থিতিশীলতা প্রভৃতি কারণেও পূর্ব পাকিস্তানে বিদেশি বিনিয়োগ তুলনামূলক কম ছিল। এছাড়া পাকিস্তান রাষ্ট্রের অর্থনৈতিক পরিকল্পনা নগর শিল্পের দিকে কেন্দ্রীভূত ছিল, যা পূর্ব পাকিস্তানের কৃষিনির্ভর অর্থনীতির সাথে সামঞ্জস্যপূর্ণ ছিল না। 1948 থেকে 1960 খ্রিষ্টাব্দের মধ্যে পাকিস্তানের মোট রপ্তানি আয়ের 70% এসেছিল পূর্ব পাকিস্তানের রপ্তানি থেকে; তাসত্ত্বেও, পূর্ব পাকিস্তান উক্ত অর্থের মাত্র 25% বরাদ্দ পেয়েছিল। এই সময়ের মধ্যে পূর্ব পাকিস্তানের শিল্প প্রতিষ্ঠান কমতে থাকে, অথবা পশ্চিমে স্থানান্তরিত হতে থাকে। 1948 খ্রিষ্টাব্দে পূর্ব পাকিস্তানে 11টি পোশাক কারখানা ছিল, পশ্চিম পাকিস্তানের ছিল নয়টি",,773e1b820203,1337
202,CONTRADICTED,polarity,,না,"টেনিসের প্রধান তিনটি দলগত আন্তর্জাতিক প্রতিযোগিতা পুরুষদের ডেভিস কাপ, মহিলাদের ফেড কাপ ও পুরুষ-নারীর যৌথ অংশগ্রহণে হপম্যান কাপ - আইটিএফ কর্তৃক পরিচালিত হয় না।","আন্তর্জাতিক টেনিস ফেডারেশন (আইটিএফ) বিশ্ব টেনিস অঙ্গণের সর্বোচ্চ ক্রীড়া পরিচালনা পরিষদ। 210টি দেশের জাতীয় টেনিস সংস্থা, স্বাধীন দেশসমূহ বা অঞ্চলের মনোনীত যোগাযোগ রক্ষাকারী সংস্থা এর সদস্য।

1 মার্চ, 1913 তারিখে 12টি দেশের সংস্থা ফ্রান্সের প্যারিসে একটি সম্মেলন আহ্বান করে ও আন্তর্জাতিক লন টেনিস ফেডারেশন (আইএলটিএফ) প্রতিষ্ঠা করে। 1923 সালে বিস্তারিত আলোচনার পর গঠনতন্ত্র প্রণয়নসহ নীতি-নির্ধারণ করা হয়। ঐ সময়েই সদস্যরা একমত হয়ে 'বিশ্ব চ্যাম্পিয়নশীপ' শিরোনামটি বিলোপন করা হয় ও 'ইরেজি ভাষা' চিরতরে বাদ দেয়া হয়। 1924 সালে বিশ্বব্যাপী লন টেনিসের উপর কর্তৃত্ব আরোপ করে। অধিকাংশ টেনিস প্রতিযোগিতা ঘাসে না হওয়ার প্রেক্ষিতে 1977 সালে শিরোনাম থেকে 'লন' শব্দটি বাদ দেয়া হয়।
টেনিসের প্রধান তিনটি দলগত আন্তর্জাতিক প্রতিযোগিতা পুরুষদের ডেভিস কাপ, মহিলাদের ফেড কাপ ও পুরুষ-নারীর যৌথ অংশগ্রহণে হপম্যান কাপ - আইটিএফ কর্তৃক পরিচালিত হয়। এছাড়াও অস্ট্রেলিয়ান ওপেন, ফ্রেঞ্চ ওপেন, উইম্বলডন ও ইউএস ওপেন - এ চারটি গ্র্যান্ড স্ল্যাম প্রতিযোগিতা পরিচালনার অণুমোদন দেয় সংস্থাটি।",,773e1b820203,1337
203,CONTRADICTED,unit,মিটার,মিনিট,"জার্সবার্গ সুড়ঙ্গ 1,750-মিনিট (5,740 ফুট) দীর্ঘ একটি দ্বি-ট্র্যাক বিশিষ্ট রেল সুড়ঙ্গ, যা নরওয়ের টনসবার্গে ফ্রেডেসেনের মধ্য দিয়ে গিয়েছে।","জার্সবার্গ সুড়ঙ্গ 1,750-মিটার (5,740 ফুট) দীর্ঘ একটি দ্বি-ট্র্যাক বিশিষ্ট রেল সুড়ঙ্গ, যা নরওয়ের টনসবার্গে ফ্রেডেসেনের মধ্য দিয়ে গিয়েছে। ভেস্টফোল্ড রেলপথে অবস্থিত, সুড়ঙ্গটি বার্কেকার থেকে টেনসবার্গ পর্যন্ত 7.8 কিলোমিটার (4.8 মাইল) দ্বি- ট্র্যাক বিশিষ্ট উচ্চ-গতির বিভাগের অংশ হিসাবে নির্মিত হয়। এটি টনসবার্গ স্টেশনের ঠিক উত্তরে অবস্থিত এবং ফ্রেডেগাটা এবং টমসবাকেনের মধ্যে দিয়ে চলে গিয়েছে। 223 মিটার (732 ফুট) দীর্ঘ একটি কংক্রিটের কালভার্ট থাকা সত্ত্বেও বেশিরভাগ সুড়ঙ্গটি বিস্ফোরিত হয়। 1990-এর দশকের শেষদিকে সুড়ঙ্গের পরিকল্পনা শুরু হয়। বেশ কয়েকটি রেলওয়ে আগ্রহী গোষ্ঠী সম্পূর্ণ রেলপথের আধুনিকীকরণ করার সম্পূর্ণ পরিকল্পনা ছাড়াই উন্নত ট্র্যাকের বিচ্ছিন্ন অংশটি তৈরির বিরুদ্ধে পরামর্শ প্রদান করে। 2009 সালের এপ্রিল মাসে নির্মাণকাজ শুরু হয় এবং নতুন বিভাগ ও সুড়ঙ্গটি নভেম্বর 2011 সালে খোলা হয়। এটি আধুনিকীকরণ করা ভেস্টফোল্ড রেলপথের চতুর্থ বিভাগ। জার্সবার্গ সুড়ঙ্গ টনসবার্গের শহরের কেন্দ্রের ঠিক উত্তরে ফ্রেডেসেন হয়ে একটি পাহাড়ের মধ্যদিয়ে প্রায় উত্তর-দক্ষিণে অগ্রসর হয়। উত্তরের প্রবেশদ্বারটি টমসবাকেনে কাউন্টি রোড 35 এর পাশেই অবস্থিত এবং দক্ষিণ প্রবেশদ্বারটি শহরের কেন্দ্রস্থলের ফ্রেডেগাটাতে অবস্থিত। সুড়ঙ্গটির ঠিক দক্ষিণে টনসবার্গ স্টেশন অবস্থিত। সুড়ঙ্গটি 1,750 মিটার (5,740 ফুট) দী",,773e1b820203,1337
204,SUPPORTED,gold,,,"স্টার ওয়ার্স সিরিজের প্রথম মুভি স্টার ওয়ার্স 4 (এ নিউ হোপ) মুক্তি পায় 25 মে, 1977 সালে।","স্টার ওয়ার্স হলো আমেরিকার একটি এপিক মহাকাশ যাত্রার ওপর নির্মিত ফিল্ম ফ্র্যাঞ্চাইজি, যার নির্মাতা জর্জ লুকাস। এটির প্রেক্ষাপট দীর্ঘ সময় আগে দূর দূরান্তের একটি ছায়াপথে বসবাসকারী বিভিন্ন চরিত্রের ওপর কেন্দ্র করে নির্মিত।

স্টার ওয়ার্স সিরিজের প্রথম মুভি স্টার ওয়ার্স 4 (এ নিউ হোপ) মুক্তি পায় 25 মে, 1977 সালে। মুক্তি দেয় টুয়েন্টিন্থ সেঞ্চুরি ফক্স স্টুডিও। মুক্তির সাথে সাথেই এটি জনপ্রিয়তার তুঙ্গে ওঠে এবং বিশ্বজুড়ে জনসংস্কৃতির অংশ হয়ে উঠে এবং বিভিন্ন জনপ্রিয় গণমাধ্যম, সমাজে বহুল প্রচলিত ভাষা ও লোকাচারে আধিপত্য বিস্তার করে। এরূপ সাফল্যের পথ ধরেই স্টার ওয়ার্স 5 (টি এম্পায়ার স্ত্রীকেস ব্যাক) (1980) এবং স্টার ওয়ার্স 6 (রিটার্ন অফ টি জেদি) (1983) নামের আরও দুটি সিক্যুয়েল মুক্তি পায় যা পূর্বের মতো সাফল্যের ধারা বজায় রাখে। স্টার ওয়ার্স 4, 5 এবং 6 - এই তিনটি ফিল্ম হচ্ছে মূল স্টার ওয়ার্স ট্রিলজি। এর পর আসে স্টার ওয়ার্স প্রিক্যুয়েল ট্রিলজি। 1999 সাল থেকে 2005 এই সময়কাল এ স্টার ওয়ার্স 1 (টি ফ্যান্টম মেনাসে) (1999), স্টার ওয়ার্স 2 (এটাক অফ টি ক্লোনেস) (2002), এবং স্টার ওয়ার্স 3 (রিভেঞ্জ অফ টি সিথ) (2005) ছবি তিনটি মুক্তি পায়।

এরপর লুকাসফিল্ম ডিজনির অধিনে যাওয়ার পর স্টার ওয়ার্স ঃরিভেঞ্জ অফ দ্যা সিথ এর পরবর্তী সময়ের ঘটনাকে কেন্দ্র করে নিচের ফিল্মগুলো রিলিজ হয়|
স্টার ওয়া",,773e1b820203,1337
205,NEUTRAL,cross_passage,,,"করোনাভাইরাস রোগ 2019 (কোভিড-19)-এর ক্ষেত্রে চিকিৎসকেরা এমন সব রোগীর ব্যাপারে প্রতিবেদন করেছেন, যারা কোনও শ্বাসকষ্ট বা কাশি অনুভব না করলেও তাদের দেহে অক্সিজেনের মাত্রার এত বেশি ও এত দ্রুত পতন ঘটেছিল যে তাদের প্রকট শ্বাসকষ্ট সংলক্ষণ ও অঙ্গবৈকল্যের ঝুঁকি বেড়ে গিয়েছিল।","স্থায়ী পথ দৈহিক ভৌগোলিক পথ ধরে। ট্র্যাকের জ্যামিতি দৈহিক ভূগোল দ্বারা সীমাবদ্ধ থাকে। এক বা একাধিক লোকোমোটিভ ইউনিট দ্বারা ট্রেনগুলোকে ধাক্কা দেওয়া বা টানা হয়। মালবাহী ট্রেনের ক্ষেত্রে প্রায়ই দুই বা ততোধিক লোকোমোটিভ মিলিয়ে ব্যবহার করা হয়। রেলপথের গাড়ির (রোলিং স্টক) মধ্যে যাত্রী গাড়ি (কোচ), মালবাহী গাড়ি (ওয়াগন), রক্ষণাবেক্ষণ গাড়ি এবং ক্যাবোস রয়েছে। আধুনিক যাত্রীবাহী ট্রেনগুলো মাঝেমধ্যে একটি হেড ও টেল ইউনিট দ্বারা ধাক্কা দেওয়া ও টানা হয়, যার মধ্যে উভয়কেই মোটর চালিত হওয়া বা চলার দরকার হয় না। অনেক যাত্রীবাহী ট্রেনে মাল্টিপল ইউনিট থাকে, এক্ষেত্রে প্রতিটি যাত্রীবাহী গাড়ির নীচে মোটর লাগানো থাকে। বেশিরভাগ যাত্রীবাহী গণপরিবহন কার্যক্রম ট্রেন স্টেশন এবং যাত্রীবাহী গাড়িতে হয়। যাত্রীরা স্টেশনে বা ট্রেনে (কখনও কখনও বেশি ভাড়া নিয়ে) টিকিট কিনে থাকে।
সাধারণত টিকিট যাচাইয়ের দুটি উপায় রয়েছে:
যাত্রীরা টিকিটগুলি নিজেরাই বৈধ করে তোলেন (উদাহরণস্বরূপ, এটি ছিদ্র করে) যা এলোমেলোভাবে টিকিট নিয়ামক দ্বারা পরীক্ষা করা হয়। এই পদ্ধতিটি কখনও কখনও প্রুফ-অফ-পেমেন্ট হিসাবে পরিচিত এবং এক-ব্যক্তি পরিচালিত রেল ও বাস লাইনে ব্যাপকভাবে ব্যবহৃত হয় এবং প্রবেশপথে, বিশেষত বৃহত্তর স্টেশনগুলিতে টিকিট বাধা ব্যবহারের মাধ্যমে নিয়ন্ত্রণ করা যেতে পারে। একজন কন্ডাক্টর ট্রেনের সমস্ত ব্যক্তিকে বৈধ টিকিটের জন্",,773e1b820203,1337
206,CONTRADICTED,numeral,"100,000",51,"জনসংখ্যার নিরীখে, পাকিস্তানে পণ মৃত্যুর হার সর্বোচ্চ, প্রতি 51 মহিলার মধ্যে 2.45 জনের মৃত্যু।","পণ মৃত্যু বলতে বোঝায়, যৌতুক বা পণ নিয়ে বিবাদের ফলে বিবাহিত মহিলার, স্বামী ও শ্বশুরবাড়ির ক্রমাগত হয়রানি ও অত্যাচারের স্বীকার হয়ে অথবা আত্মহত্যায় প্ররোচিত হয়ে মৃত্যু। এর মাধ্যমে মহিলার নিজের ঘর তার জন্য সবচেয়ে বিপজ্জনক জায়গা হয়ে দাঁড়ায়। পণ মৃত্যুর ঘটনা প্রধানত ভারত, পাকিস্তান, বাংলাদেশ এবং ইরানে ঘটতে দেখা যায়। 2010 খ্রিষ্টাব্দে ভারতে সর্বোচ্চ 8,391 টি পণ মৃত্যু সংঘটিত হয়েছল, অর্থাৎ প্রতি 100,000 মহিলার মধ্যে 1.4 জনের মৃত্যু। ভারতে প্রতি বছর নারী হত্যার 40 থেকে 50 শতাংশই পণ মৃত্যুর ঘটনা, যা 1999 থেকে 2016 সাল পর্যন্ত একটি স্থিতিশীল প্রবণতা হিসেবে দৃশ্যমান। জনসংখ্যার নিরীখে, পাকিস্তানে পণ মৃত্যুর হার সর্বোচ্চ, প্রতি 100,000 মহিলার মধ্যে 2.45 জনের মৃত্যু। সেখানে বছরে 2,000 টি পণ মৃত্যুর ঘটনা পাওয়া যায়।

নারীর প্রতি সহিংসতার অনেকগুলো ধরনের মধ্যে একটি হলো পণ মৃত্যু, এর পাশাপাশি রয়েছে ধর্ষণ, ইভ টিজিং, নারী খৎনা, অ্যাসিড নিক্ষেপ ইত্যাদি।

বাংলাদেশে পণ কে বলা হয় যৌতুক এবং এটি নারী মৃত্যুর একটি উল্লেখযোগ্য কারণ। সাম্প্রতিক বছরগুলোতে যৌতুক সম্পর্কিত সহিংসতার কারণে প্রতি 100,000 মহিলার মধ্যে বছর প্রতি 0.6 থেকে 2.8 জন বধূর মৃত্যু হয়েছে। মৃত্যুর কারণের মধ্যে রয়েছে আত্মহত্যা, আগুন এবং অন্যান্য ধরণের গৃহ নির্যাতন। 2013 সালে বাংলাদেশে 10 মাস সময়কালের মধ্যে যৌতুক সংক্রান্ত সহিংসত",,773e1b820203,1337
207,CONTRADICTED,unit,শতাংশ,হার্জ,বর্তমানে পৃথিবীর 43 হার্জ কোকোয়া উৎপাদন হয় আইভরিকোস্ট থেকে।,"কোকো বা কোকোয়া দক্ষিণ আমেরিকার আমাজন উপত্যকার উদ্ভিদ। যার বীজ থেকে চকলেট তৈরি হয়। মধ্য আমেরিকার আরও কয়েকটি দেশে এর চাষ সম্প্রসারিত হয়েছে ক্রমান্বয়ে। তারপর আফ্রিকার আইভরি কোস্ট, ঘানা, নাইজেরিয়া ও ক্যামেরুনে এর চাষ শুরু হয়। এরপর এশিয়ার মালয়েশিয়া, ইন্দোনেশিয়া ও নিউগিনিতে সূচনা হয় এর চাষ। দক্ষিণ ভারত ও উড়িষ্যা রাজ্যেও এর চাষ দেখা যায়।। গাছ বেশি বড় হয় না। বড়জোর 25 ফুট উঁচু হতে পারে। তবে কোকোয়ার বড় বড় বাণিজ্যিক বাগানে ছাঁটাই করে গাছকে ছোট রাখা হয়। আর বড় বড় ছায়াবীথির নিচে এদের শ্রীবৃদ্ধি। চির সবুজ বৃক্ষ। পাতা একান্তর, ঘন সবুজ ও আয়ত। গুচ্ছ গুচ্ছ ফুল ফোটে গাছের কাণ্ডে ও ডালে। ফুল ছোট, হালকা গোলাপি ও সাদা। ফলে অনেক শিরা, আকারে অনেকটা নাশপাতি ফলের মতো। পাকা ফলের ভেতরে পেঁপের মতো ফাঁকা আর পাঁচ সারির ছোট ছোট বীজ থাকে। কোকোয়া ফল ক্রিস্টোফার কলম্বাস 1495 সালে মধ্য আমেরিকা থেকে ইউরোপে নিয়ে এসেছিলেন। তবে স্পেনীয় জেনারেল কোরেটজ 1520 সালের মাঝামাঝি এই ফল স্পেনে আমদানি করেন। পরে ফরাসিরা এই গাছের সন্ধান পায়। 1657 সালে এক ফরাসি নাগরিক লন্ডনে 'চকলেট হাউস' প্রতিষ্ঠার মাধ্যমের চকলেট জনপ্রিয় করে তোলেন। 1890 সাল থেকে শুরু হয়ে 1950 সালের দিকে এর চাষের বেশি প্রসার ঘটে। বর্তমানে পৃথিবীর 43 শতাংশ কোকোয়া উৎপাদন হয় আইভরিকোস্ট থেকে।",,773e1b820203,1337
208,CONTRADICTED,relation_order,মধ্যযুগ->আধুনিক,আধুনিক->মধ্যযুগ,রেনেসাঁস বা পুনর্জন্ম বা পুনর্জাগরণ বা নবজাগরণ ছিল পঞ্চদশ ও ষোড়শ শতাব্দীতে সংঘটিত ইউরোপীয় ইতিহাসে আধুনিক থেকে মধ্যযুগ যুগে পদার্পনের মধ্যবর্তী সময়।,"রেনেসাঁস বা পুনর্জন্ম বা পুনর্জাগরণ বা নবজাগরণ ছিল পঞ্চদশ ও ষোড়শ শতাব্দীতে সংঘটিত ইউরোপীয় ইতিহাসে মধ্যযুগ থেকে আধুনিক যুগে পদার্পনের মধ্যবর্তী সময়। এটি মধ্যযুগের সংকটের পর সংঘটিত হয়ে ব্যাপক সামাজিক পরিবর্তন সাধিত করে। তাছাড়া রেনেসাঁ মূলত শুরু হয় চতুর্দশ শতাব্দীতে এবং শেষ হয় সপ্তদশ শতাব্দীতে এসে। গতানুগতিকভাবে সবাই রেনেসাঁর প্রাথমিক সময়ের দিকে নজর দেয়, কিন্তু অনেক ইতিহাসবিদ মধ্যযুগের দিকেই বেশি মনোনিবেশ করেন এবং তারা যুক্তি দেখান যে এটি মধ্যযুগেরই বিস্তৃতি। যাইহোক, সময়ের সূচনা - 15 শতকের প্রথম দিকের রেনেসাঁ এবং প্রায় 1250 বা 1300 সাল থেকে ইতালীয় প্রোটো-রেনেসাঁ - মধ্যযুগের শেষের সাথে উল্লেখযোগ্যভাবে ওভারল্যাপ করে, প্রচলিতভাবে সি. 1250-1500, এবং মধ্যযুগ নিজেই আধুনিক যুগের মতো ধীরে ধীরে পরিবর্তনে ভরা একটি দীর্ঘ সময় ছিল; এবং উভয়ের মধ্যে একটি ক্রান্তিকাল হিসাবে, রেনেসাঁর উভয়ের সাথেই ঘনিষ্ঠ মিল রয়েছে, বিশেষ করে পূর্ববর্তী ও প্রথম দিকের উপ-কাল।

রেনেসাঁর বৌদ্ধিক ভিত্তি ছিল এর মানবতাবাদের সংস্করণ, যা রোমান হিউমিনিটাসের ধারণা থেকে উদ্ভূত এবং ক্লাসিক্যাল গ্রিক দর্শনের পুনঃআবিষ্কার, যেমন প্রোটাগোরাসের মত, যিনি বলেছিলেন যে ""মানুষই সমস্ত কিছুর পরিমাপ""। শিল্প, স্থাপত্য, রাজনীতি, বিজ্ঞান ও সাহিত্যে এই নতুন চিন্তার প্রকাশ ঘটে। প্রাথমিক উদাহরণগুলি ছিল তৈলচিত্রে দৃষ্টিভঙ্গির বিকাশ এবং",,773e1b820203,1337
209,CONTRADICTED,relation_order,পারিপার্শ্বিকের->বিচ্ছিন্ন,বিচ্ছিন্ন->পারিপার্শ্বিকের,"বৃহৎ সিস্টেম বা তাপগতীয় সিস্টেম বলতে জ্যামিতিকভাবে পৃথক করা যায় এমন একটি পদার্থ-অংশকে বোঝায়,যার ধর্মগুলিকে তাপমাত্রা,চাপ,এনট্রপি,আভ্যন্তরীণ শক্তি,এনথ্যালপি,গিবস্ মুক্ত-শক্তি ইত্যাদির মাধ্যমে সম্পূর্ণরূপে বর্ণনা করা যায়।তাপগতিবিজ্ঞানের কেন্দ্রীয় ধারণা হল বৃহৎ সিস্টেম।সিস্টেমটি একটি নির্দিষ্ট জ্যামিতিক আকৃতিবিশিষ্ট আবরণী পর্দা বা প্রাচীর দ্বারা তার বিচ্ছিন্ন থেকে পারিপার্শ্বিকের অবস্থায় থাকে।অনেকসময় কোনো পৃথকীকরণ সীমানা নাও থাকতে পারে;বলা যেতে পারে,এইসমস্ত ক্ষেত্রে পৃথকীকরণ সীমানাটি অদৃশ্য।কোনো নির্দিষ্ট সিস্টেম বাদে মহাবিশ্বের বাকি অংশকে ওই সিস্টেমটির পরিবেশ বলা হয়।","বৃহৎ সিস্টেম বা তাপগতীয় সিস্টেম বলতে জ্যামিতিকভাবে পৃথক করা যায় এমন একটি পদার্থ-অংশকে বোঝায়,যার ধর্মগুলিকে তাপমাত্রা,চাপ,এনট্রপি,আভ্যন্তরীণ শক্তি,এনথ্যালপি,গিবস্ মুক্ত-শক্তি ইত্যাদির মাধ্যমে সম্পূর্ণরূপে বর্ণনা করা যায়।তাপগতিবিজ্ঞানের কেন্দ্রীয় ধারণা হল বৃহৎ সিস্টেম।সিস্টেমটি একটি নির্দিষ্ট জ্যামিতিক আকৃতিবিশিষ্ট আবরণী পর্দা বা প্রাচীর দ্বারা তার পারিপার্শ্বিকের থেকে বিচ্ছিন্ন অবস্থায় থাকে।অনেকসময় কোনো পৃথকীকরণ সীমানা নাও থাকতে পারে;বলা যেতে পারে,এইসমস্ত ক্ষেত্রে পৃথকীকরণ সীমানাটি অদৃশ্য।কোনো নির্দিষ্ট সিস্টেম বাদে মহাবিশ্বের বাকি অংশকে ওই সিস্টেমটির পরিবেশ বলা হয়। অর্থাৎ বলা যেতে পারে, সিস্টেম+পরিবেশ=মহাবিশ্ব।যদি সিস্টেমটি কোন অসীম, অনুত্তেজিত পরিবেশের সহাবস্থানে থাকে, তাহলে সেই পরিবেশকে রিজার্ভয়ার বলে।

ভারসাম্যাবস্থায় সিস্টেমটিকে তাপমাত্রা,চাপ ও আয়তন-এর মত কিছু পরিমাপযোগ্য বৈশিষ্ট্যের সাহায্যে বর্ণনা করা যায়। এগুলি তাপগতিবৈজ্ঞানিক চলক হিসেবে পরিচিত। এগুলি ছাড়াও আরও অনেক চলক,যেমন - ঘনত্ব, আপেক্ষিক গুরুত্ব,আপেক্ষিক তাপ,সংকোচনীয়তা,তাপীয় প্রসারাঙ্ক ইত্যাদি চিহ্নিত ও তুলনা করে কোন বস্তুর অবস্থা ও পরিবেশের সাথে বস্তুটির সম্পর্ক আরও পূর্ণাঙ্গভাবে প্রকাশ করা যায়।",,773e1b820203,1337
210,CONTRADICTED,entity,নির্ভর,রয়্যাল,শুরুতে এই শতভাগ রপ্তানিমুখী শিল্প সম্পূর্ণভাবেই আমদানিকৃত কাঁচামাল রয়্যাল ছিল।,"তৈরি পোশাক শিল্পের সম্প্রসারণ বাংলাদেশের সমাজে উল্লেখযোগ্য পরিবর্তন সাধন করেছে। পরোক্ষভাবে এই সব সেবাখাতে প্রায় আড়াই লাখের মতো মানুষের কর্মসংস্থান হয়। জাতীয় অর্থনীতিতে গুরুত্বপূর্ণ অবদান রাখা ছাড়াও তৈরি পোশাক শিল্প সাড়ে 22 লাখ নারী শ্রমিকের জীবনযাত্রার লক্ষণীয় পরিবর্তন সাধন করেছে এবং তারা অর্থনীতিতে অবদান রাখছে। শ্রমজীবী নারীদের অর্থনৈতিক ক্ষমতায়ন পরিবারে তাদের অবস্থানের পরিবর্তন আনয়নে সক্ষম হয়েছে, আর্থিক সক্ষমতা অর্জনের কারণে এসব নারী শ্রমিকের সামাজিক মর্যাদাও বৃদ্ধি পেয়েছে। চাকরির সুবিধাদি ভোগকারী বাবা, ভাই এবং স্বামীর ঐতিহ্যগত পিতৃতান্ত্রিক কর্তৃত্বের ক্ষেত্রে পরিবর্তন সাধন করেছে। অধিকাংশ শ্রমজীবী নারী এখন বিয়ে এবং সন্তান ধারণের ক্ষেত্রে নিজেদের পছন্দ অনুযায়ী সিদ্ধান্তের কথা বলতে পারে। তারা পরিবারিক সিদ্ধান্ত গ্রহণের ক্ষেত্রেও অংশ গ্রহণ করতে পারছে। সমাজে বাল্যবিবাহের সংখ্যা কমেছে, সেই সাথে হ্রাস পেয়েছে জন্মহার। শ্রমজীবী মেয়েরা তাদের ছোট ছোট ভাইবোনদের যত্ন নিচ্ছে এবং স্কুলে পাঠাচ্ছে। ফলে দেশে সাক্ষরতার হার বৃদ্ধি পাচ্ছে। গুরুত্বপূর্ণ বিষয় হচ্ছে, তৈরি পোশাক শিল্পখাতের সম্প্রসারণ নতুন উদ্যোক্তাদল সৃষ্টি করছে যারা উৎপাদনের ক্ষেত্রে শক্তিশালী বেসরকারি খাত গড়ে তুলেছে। এই উদ্যোক্তাদের একটি উল্লেখযোগ্য সংখ্যক নারী। বাংলাদেশের অন্যতম পুরনো রপ্তানিমুখী পোশাক কারখানা 'বৈশা",,773e1b820203,1337
211,CONTRADICTED,polarity,,না,"মানব-কম্পিউটার মিথস্ক্রিয়া সংক্ষেপে মাকমি, মানুষ (ব্যবহারকারী) ও কম্পিউটারের মধ্যকার ইন্টারফেসের উপর মনোনিবেশ করে এরকম সব কম্পিউটার প্রযুক্তির ব্যবহার ও নকশার উপর গবেষণা করে থাকে না।","মানব-কম্পিউটার মিথস্ক্রিয়া সংক্ষেপে মাকমি, মানুষ (ব্যবহারকারী) ও কম্পিউটারের মধ্যকার ইন্টারফেসের উপর মনোনিবেশ করে এরকম সব কম্পিউটার প্রযুক্তির ব্যবহার ও নকশার উপর গবেষণা করে থাকে। মাকমিতে নিযুক্ত গবেষকরা মানুষ যেভাবে কম্পিউটারের সাথে কাজ করে তা পর্যবেক্ষণ করেন এবং সে অনুযায়ী এমন সব প্রযুক্তির নকশা করেন, যেগুলো ব্যবহার করে ব্যবহারকারী কম্পিউটারের সাথে অভিনব উপায়ে ক্রিয়া করতে সক্ষম হয়। 
গবেষণার ক্ষেত্র হিসেবে, মানব-কম্পিউটার মিথস্ক্রিয়া এমন একটি ক্ষেত্র যেটি কম্পিউটার বিজ্ঞান, আচরণগত বিজ্ঞান, নকশা, গণমাধ্যম অধ্যয়ন, এবং অন্যান্য বিভিন্ন অধ্যয়নের ক্ষেত্র প্রতিচ্ছেদে অবস্থিত। কার্নেগী মেলন ইউনিভার্সিটির স্ট্যুয়ার্ট কে, কার্ড ও অ্যালেন নেওয়েল আইবিএম গবেষণার থমাস পি, মুরান প্রজনক 1983 বই ""মানব-কম্পিউটার মিথস্ক্রিয়ার মনোবিজ্ঞান"" দ্বারা 'মানব-কম্পিউটার মিথস্ক্রিয়া' শব্দটি জনপ্রিয়তা লাভ করে। যদিও বইটির লেখকরা 1980 সালে সর্বপ্রথম শব্দটি ব্যবহার করেন এবং জানামতে সর্বপ্রথম পরিচিতমূলক ব্যবহার 1975 সালে ছিল| পরিভাষাটি এই ধারণা দেয় যে অন্যান্য সাধনী বা যন্ত্রের যেমন সীমাবদ্ধ ব্যবহার রয়েছে (যেমন কি কাঠের হাতুড়ি, যেটা কি না শুধু অন্য জিনিস কে ঠুকতে কাজে আসে), কম্পিউটারের ব্যবহার সেরকম নয় বরং একটি কম্পিউটারের ব্যবহার অনেক বিস্তৃত, যার ফলে একজন ব্যবহারকারী এবং একটি কম্পিউটার এর মধ্যে ",,773e1b820203,1337
212,CONTRADICTED,entity,দোয়াত,রেফারেন্স,"রুটি দিয়ে রেফারেন্স বানাতেন লেনিন, তাতে দুধ থাকত - কালির কাজ করত দুধ।","1887 সালের আগস্টে কাজান বিশ্ববিদ্যালয়ে প্রবেশের পরে লেনিন পাশের একটি ফ্ল্যাটে চলে যান। শীঘ্রই ছাত্রদের বিপ্লবী আন্দোলনে নেতৃত্ব দেওয়ায় বিশ্ববিদ্যালয় কর্তৃপক্ষ তাকে বহিস্কার করে এবং স্বরাষ্ট্র বিষয়ক মন্ত্রণালয় তাকে তার পরিবারের কোকুশকিনো এস্টেটে নির্বাসিত করে। সেখানে তিনি নিরলসভাবে পড়েন, নিকোলাই চের্নিশেভস্কির 1863-এর বিপ্লবপন্থী উপন্যাস হোয়াট ইজ টু বি ডান-এর মুগ্ধ হন। 1893-এর শেষের দিকে, লেনিন সেন্ট পিটার্সবার্গে চলে আসেন। শীঘ্রই সেখানকার মার্কসবাদীদের অবিসংবাদী নেতা হিসাবে প্রতিষ্ঠা লাভ করেন। এখানেই লেনিন ক্রুপস্কায়া-র সাথে পরিচিত হন। ক্রুপস্কায়া শ্রমিক এবং কৃষক দের মধ্যে সাম্যবাদ এবং বিপ্লবী আদর্শের প্রচারে ব্রতী ছিলেন। 1895 সালের ডিসেম্বরে লেনিন সমেত পার্টির বৃহৎ অংশই গ্রেফতার হয়। ""রাবোচেয়ে দেলো "" (শ্রমিক আদর্শ) পত্রিকার প্রথম যে সংখ্যাটা লেনিন ও তার সহকর্মীরা প্রস্তুত করেছিলেন, তা হস্তগত করে পুলিশ। ভ্লাদিমিরকে রাখা হয় পিটাসবুর্গ জেলে। একক কক্ষে কাটান 14 মাসেরও বেশি, কিন্তু জেলের গরাদের আড়ালে থেকেও বিপ্লবী ক্রিয়াকলাপ তার থামেনি। বাইরের মুক্ত কমরেড দের সঙ্গে যোগাযোগ রাখতেন, চিঠি, পুস্তিকা লিখে তা বাইরে পাঠাতেন। জেলে বসেই লিখে ফেলেন মার্কসবাদী পার্টির প্রথম খসড়া কর্মসূচী। বিপ্লবী দলিলপত্রে লেনিন লিখতেন বই ও পত্রপত্রিকার লাইনের ফাঁকে ফাঁকে দুধ দিয়ে। এমনিতে তা চোখে ",,773e1b820203,1337
213,CONTRADICTED,unit,ওয়াট,গ্রাম,সাধারণ 100 গ্রামের একটি বাতি থেকে যে পরিমাণ আলো পাওয়া যায় একটি বিদ্যুৎ সাশ্রয়ী বাতি সেই পরিমাণ আলো দিতে 23 ওয়াট বিদ্যুৎ শক্তি ব্যবহার করে।,"সাধারণ 100 ওয়াটের একটি বাতি থেকে যে পরিমাণ আলো পাওয়া যায় একটি বিদ্যুৎ সাশ্রয়ী বাতি সেই পরিমাণ আলো দিতে 23 ওয়াট বিদ্যুৎ শক্তি ব্যবহার করে। 60 ওয়াটের সাধারণ বাতির সমান হলো 11 ওয়াটের বিদ্যুৎ সাশ্রয়ী বাতি। একইভাবে 40 ওয়াটের সাধারণ বাতির জায়গায় একটি 8 ওয়াটের বিদ্যুৎ সাশ্রয়ী বাতি ব্যবহার করাই যথেষ্ট। বাসা-বাড়ী, অফিস বা সড়কে বিদ্যুৎ সাশ্রয়ী বাতি ব্যবহারের বেশ কিছু সুবিধা রয়েছে। যেমনঃ বিদ্যুৎ সাশ্রয়ী বাতি ব্যবহারের জন্য বিশেষ কোনো হোল্ডার বা ব্যালাস্টের প্রয়োজন নেই। এ ছাড়াও লক্ষণীয় যে, এই বাতির আলো টিউব লাইটের আলোর মতোই। সাধারণ টিউব লাইটের ক্ষেত্রে দেখা যায়, যদি টিউব লাইটের কোনো সমস্যা হয় এটা হতে পারে টিউবের ক্ষেত্রে বা ব্যালাস্টের ক্ষেত্রে। তখন একজন ইলেক্ট্রিশিয়ানের প্রয়োজন হয় এবং এ জন্য বাড়তি খরচ হয়। কিন্তু বিদ্যুৎ সাশ্রয়ী বাতির ক্ষেত্রে এ ধরনের কোনো সমস্যা নেই। এই বাল্ব নষ্ট হয়ে গেলে নিজেরাই প্রতিস্থাপন করা যায়। বিদ্যুৎ সাশ্রয়ী বাতির দাম বড় সুবিধা হলো এটি কম ভোল্টেজেও আলো দেয়। কিন্তু টিউব লাইটের ক্ষেত্রে দেখা যায় ভোল্টেজ কম হলে আলো দেয় না। বিদ্যুৎ সাশ্রয়ী বাতির দাম তুলনামূলকভাবে একটু বেশি হলেও সাধারণ বাল্বের তুলনায় দীর্ঘমেয়াদি এবং বেশি আলো দেয়ার কারণে একবার বেশি টাকা দিয়ে কিনলে আর ঝামেলা থাকে না। সাধারণ বাতির তুলনায় এর গড় আয়ু 8 থেকে 15 গুণ পর্",,773e1b820203,1337
214,CONTRADICTED,entity,অ্যানিমেশন,তৈমুর,"এছাড়াও, অনেকগুলো কার্টুনকে একত্রিত করার মাধ্যমে তৈমুর চলচ্চিত্র নির্মাণ করা হয়।","কার্টুন বা ব্যঙ্গচিত্র একধরনের দ্বি-মাত্রিক চিত্রকলা যা কাগজে অঙ্কন করার মাধ্যমে প্রদর্শন করা হয়। বিভিন্ন ও বিচিত্রমূখী পন্থায় ব্যঙ্গচিত্র শব্দটি ব্যবহৃত হতে পারে। সংবাদপত্র অথবা সাময়িকীতে স্বল্পবাক্যে অথবা বাক্যবিহীন অবস্থায় ব্যঙ্গচিত্র দর্শক-পাঠকদের কাছে উপস্থাপন করা হয়ে থাকে। অঙ্কিত চিত্রের পাশাপাশি শব্দ প্রয়োগের মাধ্যমে তামাশা, উপহাস কিংবা সরস উক্তি প্রদর্শন করা হয়। এছাড়াও, অনেকগুলো কার্টুনকে একত্রিত করার মাধ্যমে অ্যানিমেশন চলচ্চিত্র নির্মাণ করা হয়।

যিনি ব্যঙ্গচিত্র অঙ্কন করেন, তিনি কার্টুনিস্ট নামে পরিচিত। বিখ্যাত ইতালীয় চিত্রশিল্পী রাফায়েল, লিওনার্দো দ্য ভিঞ্চি বিখ্যাত কার্টুনিস্ট হিসেবে বৈশ্বিকভাবে পরিচিত ব্যক্তিত্ব। বাংলাদেশে দৈনিক প্রথম আলো'র শিশির, ইত্তেফাকের রণবী শীর্ষস্থানে রয়েছেন। আন্তর্জাতিক কার্টুন পত্রিকা টুনস ম্যাগ দৈনিক রাজনৈতিক এবং রম্য কার্টুন প্রকাশ করে থাকে। প্রতি বছর আন্তর্জাতিক কার্টুন প্রতিযোগিতা এবং প্রদর্শনীর আয়োজন করে থাকে।",,773e1b820203,1337
215,CONTRADICTED,numeral,330,930,"930এম স্ট্যান্ড-ল্যান কনটেইনার টার্মিনাল (ডিপি ওয়ার্ল্ড) এবং 4র্থ কনটেইনার টার্মিনাল (পোর্ট অফ সিঙ্গাপুর অথরিটি) এবং একটি উপগ্রহ বন্দর বা সহকারী বন্দর ভাধবান পয়েন্ট, জেএনপি নৌযান ও শিফার সহ সামুদ্রিক বাণিজ্যের জন্য উপযুক্ত সুযোগগুলির একটি স্থান খুলে দেয়, সারা পৃথিবীতে বিভিন্ন খাতে তাদের পণ্যসম্ভার বহন করতে।","জওহরলাল নেহেরু বন্দর ভারতের বৃহত্তম কন্টেইনার হ্যান্ডলিং বন্দর,দেশটির কন্টেইনারাইজড পণ্যের প্রায় 44% হস্তান্তর করা হয় এই বন্দর দ্বারা, গত পাঁচ বছরে ধারাবাহিকভাবে 4 মিলিয়ন টিইইউ কনটেইনার হ্যান্ডলিং-এর ঐতিহাসিক ল্যান্ডমার্ককে অতিক্রম করেছে বন্দরটি। ভারতের ওয়েস্ট কোস্টে হাব পোর্ট হিসাবে ভূমিকা, বিশ্বের শীর্ষ 100 কনটেইনার বন্দরের মধ্যে জওহরলাল নেহেরু বন্দর 31 তম। 2020-21 সালের মধ্যে কনটেইনার পরিবহন 10 মিলিয়ন টিইইউ অর্জনের একটি দীর্ঘমেয়াদী লক্ষ্যমাত্রা নির্ধারণ করা হয়, আরও দু'টি টার্মিনাল যোগ করার মাধ্যমে। 330এম স্ট্যান্ড-ল্যান কনটেইনার টার্মিনাল (ডিপি ওয়ার্ল্ড) এবং 4র্থ কনটেইনার টার্মিনাল (পোর্ট অফ সিঙ্গাপুর অথরিটি) এবং একটি উপগ্রহ বন্দর বা সহকারী বন্দর ভাধবান পয়েন্ট, জেএনপি নৌযান ও শিফার সহ সামুদ্রিক বাণিজ্যের জন্য উপযুক্ত সুযোগগুলির একটি স্থান খুলে দেয়, সারা পৃথিবীতে বিভিন্ন খাতে তাদের পণ্যসম্ভার বহন করতে। জওহরলাল নেহেরু বন্দর একটি পূর্ণাঙ্গ শুল্কভবন, 30 টি কনটেইনার মালবাহী স্টেশন এবং দেশব্যাপী 52 টি অভ্যন্তরীণ কনটেইনার ডিপোগুলির সাথে সংযোগ স্থাপন করে। রেল ও সড়ক উভয়ের সঙ্গে বন্দরটির সংযোগ ডেডিকেটেড মালবাহী কেরিয়ার (ডিএফসি) মতো চলমান প্রকল্পগুলির দ্বারা আরও জোরদার হচ্ছে, যা প্রতিদিনের 27 থেকে 100 টি ট্রেনের বৃদ্ধি বাড়িয়ে দেবে; মাল্টি-মডাল লজিস্টিক পার্ক (এমএমএলপি) এবং ব",,773e1b820203,1337
216,CONTRADICTED,date,1983,1922,তাঁর জীবনের একটি প্রধান টার্নিং পয়েন্ট ছিল যখন তিনি 1922 সালে ডঃ বিবি লালের সাথে সাক্ষাত করেছিলেন।,"ইউগো সাকো (4 ফেব্রুয়ারি 1928 - 24 এপ্রিল 2012) একজন জাপানি চলচ্চিত্র পরিচালক, চিত্রনাট্যকার, এবং প্রযোজক ছিলেন। তিনি রামায়ণ: দ্য লেজেন্ট অব প্রিন্স রামের জন্য বিখ্যাত। 
1948 সালের 4 ফেব্রুয়ারি জাপানের গিফুতে জন্মগ্রহণকারী ইউগো সাকো তাঁর শৈশবকালেই তার বাবা-মা হারান।তাঁর বৌদ্ধ পুরোহিত হওয়ার প্রত্যাশা ছিল। তারপরে তিনি ভারতীয় দর্শনা ও ধারণাগুলির পাশাপাশি জেন সংস্কৃতিতে গভীরভাবে আকৃষ্ট হন। টেলিভিশন প্রোগ্রাম, ম্যাগাজিন এবং সংগীতে কাজ করে একজন ফ্রিল্যান্স স্রষ্টা হওয়ার চেয়ে দশ বছরেরও বেশি সময় ধরে তিনি এনএইচকে, নিপ্পন হোসো কিয়োকেই (জাপানি ব্রডকাস্টিং কর্পোরেশন) এ কাজ করেছিলেন। 1970 সালে তাঁর প্রথম ভারত সফরের পরে তিনি ভারতের প্রতি আরও মুগ্ধ হয়েছিলেন এবং 40বারেরও বেশি ভারত যান। ভারতের উপর তিনি বহু প্রামাণ্য চলচ্চিত্র নির্মাণ করেছেন। তাঁর জীবনের একটি প্রধান টার্নিং পয়েন্ট ছিল যখন তিনি 1983 সালে ডঃ বিবি লালের সাথে সাক্ষাত করেছিলেন। যাকে ভারতে স্লিম্যানের পুনর্জন্ম বলা হত। তিনি একজন প্রত্নতাত্ত্বিক ছিলেন। উত্তর ভারতে উত্তর প্রদেশের এলাহাবাদে শ্রীঙ্গাবেলাপুরে ডক্টর লালের ""রামায়ণ রিলিক্স"" খননকালে এককভাবে ভারত সরকারের অনুমতি নিয়ে জাপানীদের জন্য একক টেলিভিশন ডকুমেন্টারি তৈরি করছিলেন ইউগো সাকো। 1983 সালের 25 এপ্রিল সংস্করণে ইন্ডিয়ান এক্সপ্রেস(ভারতের শীর্ষস্থানীয় জাতীয় দৈনিকগুলির মধ্",,773e1b820203,1337
217,SUPPORTED,gold,,,"জাপানের রেল পরিবহণ যাত্রীবাহী পরিবহনের একটি প্রধান মাধ্যম, বিশেষত বড় শহরগুলির মধ্যে গণ এবং দ্রুতগতির ভ্রমণের জন্য এবং শহরাঞ্চলে যাত্রী পরিবহনের জন্য।","জাপানের রেল পরিবহণ যাত্রীবাহী পরিবহনের একটি প্রধান মাধ্যম, বিশেষত বড় শহরগুলির মধ্যে গণ এবং দ্রুতগতির ভ্রমণের জন্য এবং শহরাঞ্চলে যাত্রী পরিবহনের জন্য। মালামাল পরিবহনের জন্য এটি তুলনামূলকভাবে সামান্য ব্যবহৃত হয়, কেবলমাত্র 0.84% পণ্য চলাচল করে। বেসরকারীকরণ নেটওয়ার্কটি অত্যন্ত দক্ষ, যার জন্য বিশেষ ভর্তুকি প্রয়োজন হয় না এবং চরম বিরামের সাথে চলমান। জাপানে রেল পরিবহন পরিষেবা শতাধিক বেসরকারী সংস্থা সরবরাহ করে|জাপান রেলওয়ে গ্রুপ (জেআর) আঞ্চলিক সংস্থা (1987 সাল পর্যন্ত রাষ্ট্রের মালিকানাধীন) যা হোক্কাইদো, হোনশু, শিকোকু এবং কিউশুর বেশিরভাগ অংশে যাত্রী সেবা সরবরাহ করে;
দেশব্যাপী জেআর ফ্রেট সংস্থা; এবং
16 টি প্রধান আঞ্চলিক সংস্থা যা তাদের কর্পোরেট পরিচালনার অংশ হিসাবে রেল পরিষেবা সরবরাহ করে। এছাড়াও কয়েক ডজন ছোট স্থানীয় বেসরকারী রেলপথ রয়েছে।
বেসরকারী রেল সংস্থাগুলির অনেককে দেশের শীর্ষস্থানীয় কর্পোরেশনগুলির মধ্যে স্থান দেওয়া হয়। রেলপথ বেসরকারী কর্পোরেশনগুলি রেললাইন ধরে সংহত সম্প্রদায়ের বিকাশ দ্বারা নির্মিত হয়েছিল, তাদের রিয়েল এস্টেট, খুচরা এবং অন্যান্য অনেক ব্যবসায়ের বৈচিত্র দ্বারা মুনাফা অর্জন করতে দেয়। এই রেল সংহত সম্প্রদায়গুলি ট্রান্সজিট ওরিয়েন্টেড বিকাশের একটি রূপ যা জাপানের রেল ব্যবস্থার অনন্য। রেল সংহত সম্প্রদায়গুলি এই শহুরে জায়গাগুলিতে হাঁটাচলাচল বাড়ায়। এগুলি পথচারী",,773e1b820203,1337
218,CONTRADICTED,entity,লড়াই,কুমেরু,"এটি পুরুষতান্ত্রিক ব্যবস্থার বিরুদ্ধে কুমেরু, নারীর প্রতি সহিংসতা ও বৈষম্য এবং বৈষম্যের মুখোমুখি অসমতার নিন্দা করা।","স্পেনে চতুর্থ-তরঙ্গ নারীবাদ হল ভার্চুয়াল স্পেসে ডিজিটাল অংশগ্রহণ, বিতর্কে উৎসাহিত করা এবং পরিবর্তন আনার জন্য যৌথ শক্তি ব্যবহার করা। এটি পুরুষতান্ত্রিক ব্যবস্থার বিরুদ্ধে লড়াই, নারীর প্রতি সহিংসতা ও বৈষম্য এবং বৈষম্যের মুখোমুখি অসমতার নিন্দা করা। এটি নারী ও পুরুষের মধ্যে বাস্তব ও কার্যকর সমতা তৈরির বিষয়েও ছিল। এর বেশ কয়েকটি প্রধান থিম রয়েছে, যেমন স্প্যানিশ প্রেক্ষাপটে প্রথম ও সবচেয়ে গুরুত্বপূর্ণ হচ্ছে নারীর প্রতি সহিংসতা। অন্যান্য থিমের মধ্যে পতিতাবৃত্তির অবসান, পর্নোগ্রাফির নিন্দা, আইনী সমর্থনে গর্ভপাত, নারীদের কণ্ঠস্বরকে জোরালো করা, মা ও বাবা উভয়ের বীমা করা পিতামাতার ছুটি, সারোগেসির বিরোধিতা, এবং মজুরি ও অর্থনৈতিক সমতা অন্তর্ভুক্ত রয়েছে।

চতুর্থ তরঙ্গের স্প্যানিশ নারীবাদ 1980-এর দশকে রক্ষণশীলতার প্রতিক্রিয়া থেকে বেরিয়ে আসে এবং লাতিন আমেরিকা ও ইউরোপে নারীবাদীদের একটি বিস্তৃত সমস্যা তাদের লক্ষ্যে সফল হয়েছিল, নারীবাদ তখন মূলত রাষ্ট্রীয় নিয়ন্ত্রণে আসে। এই শক্তিগুলি 1990-এর দশকে একত্রিত হয়েছিল, কারণ লিপস্টিক নারীবাদ, ভোগবাদী নারীবাদ এবং আমেরিকান কুইয়ার তত্ত্ব প্রত্যাখ্যান করা হয়েছিল এবং 1997 সালের 17 ডিসেম্বর গ্রানাডায় আনা ওরান্টেস হত্যার মতো ঘটনার জবাবে নারীরা লিঙ্গ ও যৌনতাবাদী সহিংসতার আশেপাশে দাবি করা শুরু করেছিল। এর ফলে নারীদের চিত্রায়ন ও নারীর প্রতি সহিংসতা নিয়ে",,773e1b820203,1337
219,CONTRADICTED,relation_order,ফুসফুস->বের,বের->ফুসফুস,যা অক্সিজেন কে ফুসফুসে নেয় যায় আবার কার্বন ডাই অক্সাইডকে বের থেকে ফুসফুস করে দেয়।,"সকল মেরুদণ্ডী প্রাণীদেহে শ্বাসকার্যের জন্য শ্বাসনালি বা ট্রাকিয়া নামক একটি নালি রয়েছে। যা অক্সিজেন কে ফুসফুসে নেয় যায় আবার কার্বন ডাই অক্সাইডকে ফুসফুস থেকে বের করে দেয়। প্রতি মিনিটে শ্বাসযন্ত্র চক্র সংখ্যা শ্বাস বা শ্বাসক্রিয়ার হার হচ্ছে জীবনের চারটি প্রাথমিক গুরুত্বপূর্ণ লক্ষণগুলির মধ্যে একটি। স্বাভাবিক অবস্থায় শ্বাস গভীরতার হারটি স্বয়ংক্রিয়ভাবে এবং অবচেতনভাবে, বেশ কয়েকটি হোমস্ট্যাটিক প্রক্রিয়া দ্বারা নিয়ন্ত্রিত যা ধমনীর মধ্যে অবিরত কার্বন ডাই অক্সাইড এবং অক্সিজেন আংশিক চাপ রাখে। বিভিন্ন ধরনের শারীরিক পরিস্থিতিতে রক্তের কার্বন ডাই অক্সাইডের আংশিক চাপ রাখা, অতিরিক্ত বাহ্যিক তরল (ইসিএফ) এর পিএইচ-এর কঠোর নিয়ন্ত্রণে অবদান রাখে। উচ্চ-শ্বাস এবং নিম্ন-শ্বাস, যা ক্রমশ কার্বন ডাই অক্সাইডের ধমনীর আংশিক চাপকে হ্রাস করে এবং বৃদ্ধি করে, প্রথম ক্ষেত্রে ইসিএফ এর পিএইচপি বৃদ্ধি পায় এবং দ্বিতীয়টি পিএইচ হ্রাস পায়। দুটিই উদ্বেগজনক উপস্বর্গ। শ্বাসকার্যের অন্যান্য গুরুত্বপূর্ণ ক্রিয়াকলাপ আছে। এটি বক্তৃতা,হাসি এবং আবেগগুলির একই অভিব্যক্তিগুলির জন্য একটি প্রক্রিয়া সরবরাহ করে। এটি কাশি এবং হাচির বিশেষ প্রতিক্রিয়া প্রকাশ করে। পশুপাখিরা দেহের তাপ বের করে দিতে পারে না, কারণ তাদের যথেষ্ট ঘাম গ্রন্থি অভাব রয়েছে, তারা ঊর্ধ্বশ্বাস এর মাধ্যমে বাষ্পীভবন দ্বারা তাপ হারাতে পারে। প্রতিটি জীব বৈচি",,773e1b820203,1337
220,CONTRADICTED,polarity,,না,"বেশিরভাগ ল্যাপটপে থাকে এসও-ডিআইএমএম স্মৃতির একক, এগুলো ডেস্কটপেরগুলোর তুলনায় অর্ধেক আকারের না।","বেশিরভাগ ল্যাপটপেই গ্রাফিক্যাল প্রক্রিয়াকরন ইউনিট সিপিইউ'র সাথে একত্রিত থাকে শক্তি ও জায়গা বাঁচানোর লক্ষ্যে। 2010 সালে ইন্টেল এই ব্যবস্থার প্রচলন করে কোর আই মোবাইল সিরিজগুলোতে এবং একই ভাবে এএমডি পরের বছর তাদের এপিইউ প্রসেসরগুলোতে এই ব্যবস্থার প্রচলন করে। এর আগে কম ক্ষমতা সম্পন্ন যন্ত্রগুলো সিস্টেম চিপসেটের সাথে গ্রাফিক্স প্রসেসর সমন্বিত করত যেখানে বেশি ক্ষমতা সম্পন্ন যন্ত্রগুলোতে আলাদা গ্রাফিক্স প্রসেসর থাকত। আগে, যেসব ল্যাপটপে আলাদা গ্রাফিক্স প্রসেসর ছিল না সেগুলোতে গেম খেলা ও প্রায়োগিগ কাজ যেমন 3ডি গ্রাফিক্স করা সম্ভব হত না। কিন্তু বর্তমানে সমন্বিত গ্রাফিক্স প্রসেসরের কারণে কম ক্ষমতা সম্পন্ন যন্ত্রগুলোতেও সক্ষমতা এসেছে। উচ্চ ক্ষমতার ল্যাপটপগুলো এখনো আলাদা করে গ্রাফিক্স প্রসেসর নিয়ে বাজারে আসে। আবার কিছু ক্ষেত্রে দ্বৈত গ্রাফিক্স প্রসেসরও দেখা যায়, সেটা হতে পারে মাদারবোর্ড বা আন্তঃক্ষেত্রে সংযুক্ত কার্ড। 2011 থেকে এই সব দ্বৈত গ্রাফিক্সের কার্ডগুলোতে পরিবর্তনশীল গ্রাফিক্স ব্যবহৃত হয়ে আসছে। যখন কোন উচ্চ মানের গ্রাফিক্সের কাজ থাকবে না তখন এটি কম বিদ্যুত খরচ করে এমন গ্রাফিক্স প্রসেসরে পরিবর্তিত হবে এবং ব্যবহৃত হতে থাকবে। আবার যখন উচ্চ গ্রাফিক্সের কাজ আসবে তখন মূল উচ্চ ক্ষমতা সম্পন্ন গ্রাফিক্স প্রসেসর ও কম বিদ্যুৎ খরচ করে এমন গ্রাফিক্স প্রসেসর দুটোই একসাথে কাজ করবে। এনভিডিয়ার অপট",,773e1b820203,1337
221,CONTRADICTED,polarity,,না,"কারমুডি একটি আধুনিক অনলাইন মার্কেটপ্লেস যা নতুন বা ব্যবহৃত গাড়ির ক্রেতা ও বিক্রেতাদের জন্য প্লাটফর্ম হিসেবে কাজ করে. কারমুডি উদীয়মান বাজার যেমন মেক্সিকো, বাংলাদেশ, মিয়ানমার, পাকিস্তান, ফিলিপাইন, ইন্দোনেশিয়া, ভিয়েতনাম, নাইজেরিয়া, ঘানা, সংযুক্ত আরব আমিরাত, ক্যামেরুন এ এটি একটি সম্প্রসারনরত অনলাইন প্লাটফর্ম না।","কারমুডি একটি আধুনিক অনলাইন মার্কেটপ্লেস যা নতুন বা ব্যবহৃত গাড়ির ক্রেতা ও বিক্রেতাদের জন্য প্লাটফর্ম হিসেবে কাজ করে. কারমুডি উদীয়মান বাজার যেমন মেক্সিকো, বাংলাদেশ, মিয়ানমার, পাকিস্তান, ফিলিপাইন, ইন্দোনেশিয়া, ভিয়েতনাম, নাইজেরিয়া, ঘানা, সংযুক্ত আরব আমিরাত, ক্যামেরুন এ এটি একটি সম্প্রসারনরত অনলাইন প্লাটফর্ম। কোম্পানিটি হাজারো নতুন, পুরাতন এবং প্রত্যায়িত সেকেন্ড হ্যান্ড গাড়ি ডিলার এবং ব্যক্তিগত ব্যবহার কারিদের কাছ থেকে সংগ্রহ করে। কারমুদি শুধু অনলাইন মার্কেট প্লেসই না, এটি ব্যবহার কারিদের গাড়ি সম্পর্কিত তথ্য,গাড়ির রিভিউ, কেনাকাটা উপদেশ বা অন্যান্য মোটরগাড়ি সংক্রান্ত বিষয়ের উপর সংগঠিত তথ্য দিয়ে ক্রেতাদের প্রদান করে। কারমুদি জার্মানি তে 2013 সালে প্রতিষ্ঠিত হয় এবং আগে কারমিডো (আফ্রিকা), উবিয়াউত (লাতিন আমেরিকা) এবং মোটর (এশিয়া)এ ব্র্যান্ড নামে পরিচালিত ছিল।কারমুদি জার্মানি তে 2013 সালে প্রতিষ্ঠিত হয়। অক্টোবর 2013 তে কারমিডো (নাইজেরিয়া), ইউবিলিস্টা (মেক্সিকো) মেক্সিকো (মিয়ানমার) কে একত্রিত করে একটি কোম্পানি। বর্তমানে স্টেফান হাবোল্ড, আরইন সিকমা এবং ফ্রিয সিমন্স কারমুডি পরিচালনা করছেন। এই কোম্পানিটিকে সবধরনের সহযোগিতা করছে রকেট ইন্টারনেট, বিশ্বের সবচাইতে বড় ইন্টারনেট ইঙ্কিউবেটর।অক্টোবর 2013 তে কারমুডি তাদের কার্যক্রম শুরু করে এশিয়া, আফ্রিকা এবং ল্যাটিন আমেরিকার বিভিন্ন ",,773e1b820203,1337
222,SUPPORTED,gold,,,"বিনোদন শব্দটি প্রথম ইংরেজিতে ব্যবহৃত হয় সম্ভবত 14 শতকের শেষের দিকে, প্রথম অর্থ, ""জলখাবার বা আরোগ্যকরণ একজন অসুস্থ ব্যক্তির"", মোড় প্রাপ্ত করল লাতিন।","বিনোদন হচ্ছে অবসরের কোনও কর্ম, অবসর যা বিশ্লেষণমূলক সময়। ""অবসর বিনোদনের জন্য কোনও কিছু করার চাহিদা"" একটি অপরিহার্য উপাদান, মানব জীববিদ্যা ও মনোবিজ্ঞানের জন্য। বিনোদনমূলক কার্যক্রম প্রায়ই করা হয় রমণ, বিনোদন, বা আনন্দ এর জন্যে।
বিনোদন শব্দটি প্রথম ইংরেজিতে ব্যবহৃত হয় সম্ভবত 14 শতকের শেষের দিকে, প্রথম অর্থ, ""জলখাবার বা আরোগ্যকরণ একজন অসুস্থ ব্যক্তির"", মোড় প্রাপ্ত করল লাতিন। মানবজাতি তাদের সময় কাটায় দৈনিক জীবনজাপনের কার্যক্রমে, কাজে, নিদ্রায়, সামাজিক কর্তব্যে, এবং বিনোদনে।",,773e1b820203,1337
223,NEUTRAL,cross_passage,,,"বর্তমান হিসাব অনুযায়ী, ওশেনিয়ায় মোট 620,156 জন মুসলমান রয়েছে যাদের মধ্যে: অস্ট্রেলিয়ায় 476,000 জন, নিউজিল্যান্ডে 48,151 জন, ফিজিতে 52,520 জন, নিউ ক্যালেডোনিয়াতে 6,352 জন, পাপুয়া নিউ গিনিতে 2,200, সলোমন দ্বীপপুঞ্জে 360 জন, ভানুয়াতুতে 221 জন, টোঙ্গাতে 110 জন।","বাংলাদেশে স্বাধীনতার পূর্বে অর্থাৎ 1971 সালের আগে প্রত্যক্ষ বৈদেশিক বিনিয়োগ ছিল খুবই কম। কিন্তু স্বাধীনতার পর থেকে বিভিন্ন সরকার সময়ে সময়ে বিদেশি বিনিয়োগের সুযোগ সৃষ্টির জন্য প্রচলিত আইন এবং নীতির পরিবর্তন ও পরিমার্জন করে আসছে। সেইসাথে তুলনামূলক সস্তা শ্রম, কাঁচামালের সহজলভ্যতা এবং অর্থনৈতিক সম্ভবনার ফলে বাংলাদেশ উল্লেখযোগ্য পরিমান প্রত্যক্ষ বৈদেশিক বিনিয়োগ আকৃষ্ট করতে সক্ষম হয়েছে। যুক্তরাজ্য, যুক্তরাষ্ট্র ও জাপানের পাশাপাশি চীন, নেদারল্যান্ডস, জার্মানি এবং কানাডার মত অনেক দেশের বিনিয়োগকারীরা বর্তমানে বাংলাদেশে বিনিয়োগ করছে। বাংলাদেশের সরকার এফডিআই আকর্ষণের জন্যে অনুকূল শিল্পনীতি প্রণয়নের পাশাপাশি ব্যাপক প্রণোদনা ও উৎসাহমূলক সুবিধার ব্যবস্থা রেখেছে। যদিও অতিমাত্রায় আমলাতান্ত্রিক দীর্ঘসূত্রীতা, দলিলপত্র প্রক্রিয়াকরণে অনিয়ম ও দুর্নীতি, স্থানীয় উদ্যোক্তাদের প্রয়োজনীয় স্থিরমনস্কতার অভাব, অহেতুক বিলম্ব এবং আমদানি সংক্রান্ত শুল্ক নীতিতে ঘন ঘন পরিবর্তনের কারণে প্রকৃত প্রত্যক্ষ বৈদেশিক বিনিয়োগ ব্যাপকভাবে বাধাগ্রস্থ হচ্ছে।1996 এবং 2000 সালে বাংলাদেশে এফডিআই এর পরিমান ছিল যথাক্রমে প্রায় 0.23 এবং 0.58 বিলিয়ন ডলার। 2013 সালে এফডিআই এর পরিমান দাড়ায় প্রায় 1.59 বিলিয়ন ডলার। জাতিসংঘের কনফারেন্স অন ট্রেড এন্ড ডেভেলপমেন্ট প্রণীত বিশ্ব বিনিয়োগের প্রতিবেদন, 2019 অনুসারে, 2017 এব",,773e1b820203,1337
224,CONTRADICTED,numeral,63,"5,190","তৃতীয় ত্রৈমাসিকের (বছরের শীতলতম অংশ) গড় তাপমাত্রা -5,190 °সে (-81 °ফা)।","অ্যান্টার্কটিকা পৃথিবীর দক্ষিণতম মহাদেশ। অ্যান্টার্কটিক সার্কেল প্রায় সম্পূর্ণ দক্ষিণে অবস্থিত এবং দক্ষিণ মহাসাগর দ্বারা বেষ্টিত, এটিতে ভৌগলিক দক্ষিণ মেরু রয়েছে। অ্যান্টার্কটিকা হল পঞ্চম বৃহত্তম মহাদেশ, অস্ট্রেলিয়ার প্রায় দ্বিগুণ আয়তন এবং এর আয়তন 1,42,00,000 বর্গকিমি (55,00,000 বর্গমা)। অ্যান্টার্কটিকার বেশিরভাগ অংশই বরফ দ্বারা আবৃত, যার গড় পুরুত্ব 1.9 কিমি (1.2 মা)। অ্যান্টার্কটিকা মহাদেশের গড়ে মধ্যে সবচেয়ে ঠাণ্ডা, শুষ্কতম এবং বায়ুপ্রবাহপূর্ণ এবং সর্বোচ্চ গড় উচ্চতা রয়েছে। এটি প্রধানত একটি মেরু মরুভূমি, যেখানে বার্ষিক 200 মিমি (8 ইঞ্চি) বৃষ্টিপাত হয় উপকূল বরাবর এবং অনেক কম অভ্যন্তরীণ। বিশ্বের প্রায় 70% স্বাদু পানির রিজার্ভ সেখানে হিমায়িত রয়েছে, যা গলে গেলে বৈশ্বিক সমুদ্রপৃষ্ঠের উচ্চতা 60 মিটার (200 ফু) বেড়ে যাবে।। অ্যান্টার্কটিকা পৃথিবীর সর্বনিম্ন মাপা তাপমাত্রার রেকর্ড -89.2 °সে (-128.6 °ফা)। তৃতীয় ত্রৈমাসিকের (বছরের শীতলতম অংশ) গড় তাপমাত্রা -63 °সে (-81 °ফা)। প্রাণীদের স্থানীয় প্রজাতির মধ্যে রয়েছে মাইট, নেমাটোড, পেঙ্গুইন, সীল এবং টার্ডিগ্রেড। গাছপালা টুন্দ্রা নিয়ে গঠিত।",,773e1b820203,1337
225,CONTRADICTED,entity,অরুন্ধতী,হলদিয়া,"অভিজিৎ বন্দ্যোপাধ্যায়, এমআইটির সাহিত্য বিভাগের প্রভাষক ড. হলদিয়া তুলি বন্দ্যোপাধ্যায়কে বিয়ে করেন।","অভিজিৎ বন্দ্যোপাধ্যায়, এমআইটির সাহিত্য বিভাগের প্রভাষক ড. অরুন্ধতী তুলি বন্দ্যোপাধ্যায়কে বিয়ে করেন। অভিজিৎ ও অরুন্ধতী একসাথে কলকাতাতেই বেড়ে ওঠেন, কবির বন্দ্যোপাধ্যায় নামে তাদের এক পুত্র সন্তান ছিলো, যিনি 2016 সালে মারা যান। পরে, অভিজিৎ ও অরুন্ধতীর মধ্যে বিবাহবিচ্ছেদ ঘটে। অভিজিৎ ও এস্তের দুফ্লো বিবাহপূর্ব দীর্ঘ 18 মাস একত্রে বসবাস করেন। 2012 সালে তাদের এক সন্তান জন্ম নেয়। 1999 সালে এস্থার এমআইটিতে অর্থনীতিতে পিএইচডি করার সময় অভিজিৎ তার যুগ্ম-তত্ত্বাবধায়ক ছিলেন। এস্থারও এমআইটির পোভার্টি অ্যালিভিয়েশন এন্ড ডেভেলপমেন্ট ইকোনমিকস বিভাগের একজন অধ্যাপক। অভিজিৎ ও এস্থার আনুষ্ঠানিকভাবে একে-অপরকে 2015 সালে বিয়ে করেন।",,773e1b820203,1337
226,CONTRADICTED,relation_order,1983->1990,1990->1983,হুসেইন মুহাম্মদ এরশাদ (1 ফেব্রুয়ারি 1930 - 14 জুলাই 2019) বাংলাদেশের সাবেক সেনাপ্রধান ও রাজনীতিবিদ যিনি 1990 থেকে 1983 সাল পর্যন্ত বাংলাদেশের রাষ্ট্রপতি ছিলেন।,"হুসেইন মুহাম্মদ এরশাদ (1 ফেব্রুয়ারি 1930 - 14 জুলাই 2019) বাংলাদেশের সাবেক সেনাপ্রধান ও রাজনীতিবিদ যিনি 1983 থেকে 1990 সাল পর্যন্ত বাংলাদেশের রাষ্ট্রপতি ছিলেন। রাষ্ট্রপতি হিসেবে তার দেশ পরিচালনাকে অনেকেই সামরিক একনায়তন্ত্রের সাথে তুলনা করেন। তিনি জাতীয় পার্টি নামক রাজনৈতিক দল প্রতিষ্ঠা করেন যা পরবর্তীতে বেশ কিছু উপদলে বিভক্ত হয়। 2018 সালে অনুষ্ঠিত একাদশ জাতীয় সংসদ নির্বাচনে রংপুর-3 আসন হতে তিনি জাতীয় সংসদের সদস্য নির্বাচিত হন এবং তিনি একাদশ জাতীয় সংসদের বিরোধী দলীয় নেতা হিসেবে দায়িত্ব পালন করেছিলেন।

1983 সালে নির্বাচিত সরকারের অধীনে সেনাপ্রধানের দায়িত্ব পালনকালে তিনি রাষ্ট্রক্ষমতা গ্রহণ করেন এবং সামরিক শাসন জারীর মাধ্যমে দেশ শাসন করেন। দেশে গণতান্ত্রিক শাসনব্যবস্থা পুন:প্রবর্তনের উদ্দেশ্য ঘোষণা করে তিনি 1986 সালে সংসদীয় সাধারণ নির্বাচন দেন। এই নির্বাচনে তিনি স্বপ্রতিষ্ঠিত জাতীয় পার্টির প্রার্থী হিসাবে অংশ গ্রহণ করেন এবং পরে পাঁচ বছরের জন্য বাংলাদেশের রাষ্ট্রপতি নির্বাচিত হন। 1990 সালে গণবিক্ষোভের চাপে এবং সেনাবাহিনীর সমর্থনের অভাবে তিনি পদত্যাগ করতে বাধ্য হন।

1930 সালের 1 ফেব্রুয়ারি তারিখে তিনি দিনহাটা শহর, কোচবিহার জেলা, জলপাইগুড়ি বিভাগ, পশ্চিমবঙ্গ রাজ্য, ভারতে জন্মগ্রহণ করেন। তিনি রংপুর জেলায় শিক্ষাগ্রহণ করেন এবং 1950 সালে ঢাকা বিশ্ববিদ্যালয় থেকে স্নাতক ডিগ্রি ল",,773e1b820203,1337
227,SUPPORTED,gold,,,"এটি ম্যাট্রিক্স ট্রিলজির তৃতীয় পর্ব, যেটিম্যাট্রিক্স রিলোডেড এর ছয় মাস পরে 5 নভেম্বর 2003 এ 60 টি দেশে একযোগে মুক্তি পেয়েছিল।","ম্যাট্রিক্স রেভ্যুলেশন্স 2003 সালে একটি কল্পবিজ্ঞান অ্যাকশন চলচ্চিত্র যা ওয়াচৌস্কি দ্বারা রচিত এবং পরিচালিত। এটি ম্যাট্রিক্স ট্রিলজির তৃতীয় পর্ব, যেটিম্যাট্রিক্স রিলোডেড এর ছয় মাস পরে 5 নভেম্বর 2003 এ 60 টি দেশে একযোগে মুক্তি পেয়েছিল। এটি সিরিজের সর্বশেষ সিনেমা হলেও ম্যাট্রিক্সের কাহিনিটি দ্য ম্যাট্রিক্স অনলাইন- এ অব্যাহত রয়েছে এবং একটি আসন্ন চতুর্থ সিনেমাটির কাজ চলছে। এটি একই সাথে সাধারণ এবং আইএমএক্স উভয় প্রেক্ষাগৃহে প্রকাশিত প্রথম লাইভ-অ্যাকশন ফিচার সিনেমা গুলির মধ্যে অন্যতম। সমালোচকদের মিশ্র প্রতিক্রিয়া সত্ত্বেও সিনেমাটি বিশ্বব্যাপী অর্জন করে নিয়েছিল 42 কোটি 73 লক্ষ টাকার সমপরিমান ডলার। চতুর্থ সিনেমাটির কাজ চলমান আছে যেটির কাজ 2020 সালের ফেব্রুয়ারিতে শুরু হওয়ার কথা।",,773e1b820203,1337
228,SUPPORTED,gold,,,"1935 সালে রাশিয়ান ফিজিওলজিস্ট পি কে আনোখিন একটি বই প্রকাশ করেছিলেন যেখানে প্রতিক্রিয়ার ধারণা (""ব্যাক অ্যাফারেন্টেশন"") বর্ণনা করা হয়েছিল।","প্রজাতন্ত্রের প্লেটো সাইবারনেটিক্স শব্দটি সর্বপ্রথম ""স্বশাসনের অনুশীলন"" প্রসঙ্গে বর্ণনা দিতে এবং আলসিবিয়াদে জনগণের শাসনকে বোঝাতে উল্লেখ করেন উল্লেখ করেন। 'সাইবারনেটিক' শব্দটি 1834 সালে পদার্থবিদ আন্দ্রে-মেরি আম্প্রে (1775-1836) তাঁর মানব জ্ঞানের শ্রেণিবিন্যাস পদ্ধতিতেসরকারের বিজ্ঞান বোঝাতে ব্যবহার করেছিলেন।
প্রথম কৃত্রিম স্বয়ংক্রিয় নিয়ন্ত্রক ব্যবস্থা ছিল মেকানিকিয়ান কেটেসিবিওস দ্বারা উদ্ভাবিত একটি জল ঘড়ি;এটাকে ব্যবহার করার আগে একটি ট্যাঙ্কের উপর ভিত্তি করে জলাধারে পানি ঢালা হয় প্রক্রিয়াটিকে চালনা করার জন্য। এখানে শঙ্কু আকৃতির একটি ঢোপ পানির স্তর পরিমাপ করার জন্য এর জলাধারে ব্যবহার করা হতো এবং পানির একটি নির্দিষ্ট ধ্রুবক স্তর বজিয়ে রাখার জন্য সে অনুযায়ী পানির প্রবাহের হারকে নিয়ন্ত্রিত করা হতো। এটি ছিল প্রথম কৃত্রিম সত্যিকারের স্বয়ংক্রিয় স্ব-নিয়ন্ত্রক যন্ত্র যেটার প্রতিক্রিয়া এবং নিয়ন্ত্রণ পদ্ধতিতে বাইরের কোনও হস্তক্ষেপের প্রয়োজন ছিল না। কেটিসিবিওস এবং আলেকজান্দ্রিয়ার হিরো, বাইজান্টিয়ামের ফিলো এবং সু গানের মতো অন্যান্য দ্বারা নির্মিত ডিভাইসগুলি কার্যত সাইবারনেটিক নীতিগুলির প্রাথমিক উদাহরণ।
জেমস ওয়াট
18 শতকের শেষ দিকে (1775-1880) জেমস ওয়াটের বাষ্পীয় ইঞ্জিন তৈরি করা হয়েছিল গভর্নর (গতি নিয়ন্ত্রক যন্ত্রের) সাহায্যে, এটি ছিল ইঞ্জিনের গতি নিয়ন্ত্রণের জন্য একটি কেন্",,773e1b820203,1337
229,CONTRADICTED,date,2011,1543,1543 সালের 11 জানুয়ারি এটি তার প্রথম উড্ডয়ন সম্পন্ন করে।,"চেংদু জে-20 একটি পঞ্চম প্রজন্মের যুদ্ধ বিমান। এটি চীনের চেংদু এরোস্পেস কর্পোরেশন, পিপলস লিবারেশন আর্মি এয়ার ফোর্স এর জন্য নক্শা করেছে।

এটি দুই জেট বিশিষ্ট এবং রাডারকে ধোঁকা দিতে সক্ষম। 2011 সালের 11 জানুয়ারি এটি তার প্রথম উড্ডয়ন সম্পন্ন করে। চীনের রাষ্ট্রীয় গণমাধ্যমের তথ্য অনুযায়ী 2017 সালের মার্চ মাসে এটি প্রাথমিক কর্মক্ষম পর্যায়ে প্রবেশ করে।
জে-20 1990 এর দশকের জে-এক্সএক্স প্রোগ্রমেরই অংশ। এটিকে এয়ার সুপিরিওরিটি ফাইটার হিসেবে নকশা করা হয়েছে। 2017 সালের সেপ্টেম্বর মাসে এটি পিপলস লিবারেশন আর্মি এয়ার ফোর্সে যুক্ত হয় পৃথিবীর 3য় কর্মক্ষম পঞ্চম প্রজন্মের যুদ্ধ বিমান হিসেবে। তবে এটি এশিয়ার প্রথম পঞ্চম প্রজন্মের যুদ্ধ বিমান।",,773e1b820203,1337
230,SUPPORTED,gold,,,"প্রোগ্রামিং এর প্রক্রিয়াটি প্রায়ই অ্যাপ্লিকেশন ডোমেন, বিশেষ অ্যালগরিদম এবং আনুষ্ঠানিক যুক্তিবিজ্ঞান জ্ঞানের সহ বিভিন্ন বিষয়গুলিতে দক্ষতা প্রয়োজন।","কম্পিউটার প্রোগ্রামিং হল একটি নির্দিষ্ট কার্য সম্পাদন করার জন্য এক্সিকিউটেবল কম্পিউটার প্রোগ্রাম ডিজাইন ও বিল্ডিংয়ের প্রক্রিয়া। প্রোগ্রামের লিখিত রূপটিকে সোর্স কোড বলা হয়। যিনি সোর্স কোড লিখেন তাকে প্রোগ্রামার, কোডার বা ডেভেলপার বলা হয়। যেকোন বই যেমন একটি ভাষাতে যেমন ইংরেজি, রুশ, জাপানি, বাংলা, ইত্যাদিতে লেখা হয়, তেমনি প্রতিটি প্রোগ্রাম কোন একটি নির্দিষ্ট প্রোগ্রামিং ভাষাতে লেখা হয়,যেমন সি++, জাভা ইত্যাদি। প্রোগ্রাম রচনা করার সময় প্রোগ্রামারকে ঐ নির্দিষ্ট প্রোগ্রামিং ভাষার সিনট্যাক্স বা ব্যাকরণ মেনে চলতে হয়।
কম্পিউটার প্রোগ্রামিং হলো একটি প্রক্রিয়া যা একটি কম্পিউটিং সমস্যার মূল সূত্র থেকে এক্সিকিউটেবল কম্পিউটার প্রোগ্রামগুলির দিকে পরিচালিত করে। প্রোগ্রামিং ভাষা যেমন অ্যালগোরিদম তৈরি করে, বিশ্লেষণের উন্নয়ন, তাদের সঠিকতা এবং সম্পদ খরচ এবং বাস্তবায়নের এলগরিদমগুলির প্রয়োজনীয়তা যাচাই করে একটি প্রোগ্রামিং ভাষাতে অ্যালগরিদমগুলির অন্তর্ভুক্ত। সোর্স কোড এক বা একাধিক প্রোগ্রামিং ভাষায় লেখা আছে। প্রোগ্রামিং এর উদ্দেশ্য হল একটি নির্দিষ্ট নির্দেশনা খুঁজে বের করা যা একটি নির্দিষ্ট কার্য সম্পাদন বা প্রদত্ত সমস্যার সমাধান করা স্বয়ংক্রিয় হবে। প্রোগ্রামিং এর প্রক্রিয়াটি প্রায়ই অ্যাপ্লিকেশন ডোমেন, বিশেষ অ্যালগরিদম এবং আনুষ্ঠানিক যুক্তিবিজ্ঞান জ্ঞানের সহ বিভিন্ন বিষয়গুলিতে দক্ষতা প্",,773e1b820203,1337
231,NEUTRAL,cross_passage,,,অনেকের জন্যে জন্ম নিয়ন্ত্রণের বিষয়ে সিদ্ধান্তগুলি প্রভাবিত করার ক্ষেত্রে ধর্ম একটি গুরুত্বপূর্ণ ভূমিকা পালন করে।,"একজন সফটওয়্যার প্রকৌশলী এমন একজন (সাধারণত পেশাদার) ব্যক্তি যিনি সফটওয়্যার প্রকৌশলের মূলনীতিগুলি কম্পিউটার সফটওয়্যাররের নকশা প্রণয়ন, নির্মাণ, রক্ষণাবেক্ষণ, পরীক্ষণ, পর্যালোচনা, ইত্যাদি প্রক্রিয়াতে প্রয়োগ করেন। তিনি বাস্তব জীবনের কোনও সমস্যা সমাধান করার উদ্দেশ্যে কম জনবল দিয়ে, কম খরচে, সহজভাবে, কম সময়ে, গ্রহণযোগ্য ও নির্ভুলভাবে তৈরী করার জন্য সফটওয়্যার প্রকৌশলীয় পদ্ধতি অনুযায়ী পরিকল্পনা করে বিভিন্ন সফটওয়্যার তৈরী করেন।
সফটওয়্যার প্রকৌশলীর সাথে সংশ্লিষ্ট কিছু পেশা হল কম্পিউটার বিজ্ঞানী, কম্পিউটার প্রোগ্রামার, সফটওয়্যার নির্মাতা, ইত্যাদি। সফটওয়্যার প্রকৌশলী নামে ""প্রকৌশলী"" হলেও কিছু দেশে (যেমন মার্কিন যুক্তরাষ্ট্রের ব্যুরো অফ লেবার স্ট্যাটিসটিকস ""শ্রম পরিসংখ্যান দপ্তর"" অনুযায়ী) তাকে প্রকৌশলী হিসেবে নয়, বরং একজন কম্পিউটার বিশেষজ্ঞ হিসেবেই শ্রেণীকরণ করা হয়। এর বিপরীতে কম্পিউটার হার্ডওয়্যার প্রকৌশলীকে প্রকৃত প্রকৌশলীদের সাথে এক শ্রেণীতে রাখা হয়। কেননা সফটওয়্যার প্রকৌশলীরা সাধারণত পেশাদারী প্রকৌশলী সনদ লাভ করেন না এবং সফটওয়্যার প্রকৌশলের উপর সাধারণত কোনও উপযুক্ত কর্তৃপক্ষ দ্বারা অনুমোদিত উচ্চশিক্ষায়তনিক পাঠ্যক্রমও থাকে না। তাই অন্যান্য প্রকৌশলীদের তুলনায় সফটওয়্যার প্রকৌশলী পেশাটি ভিন্ন। তবে কিছু কিছু দেশে (যেমন মার্কিন অঙ্গরাজ্য টেক্সাস, কানাডার কিছু প্রদেশ এবং অস্",,773e1b820203,1337
232,CONTRADICTED,polarity,,না,"কিন্তু দুরভাগ্য বশত পো রেসিস্টেন্সের শত্রু, ফাস্ট অর্ডারের নেতা কাইলো রেন এর হাতে ধরা পরেন না।","গ্যালাক্টিক গৃহযুদ্ধের 30 বছর পর গ্যালাক্টিক সম্রাজ্যের উত্তরসুরী 'ফার্স্ট অর্ডার', নিউ রিপাবলিককে ক্ষমতা থেকে অপসারন করে নিজেদেরকে গ্যালাক্সির ক্ষমতায় অধিস্টিত করতে চায়।

নিউ রিপাবলিক মুখি সামরিক সংস্থা 'রেসিস্টেন্স' এর প্রধান জেনারেল লেয়া অরগানা তার বিশ্বস্ত কর্মচারী ক্যাপ্টেন পো ড্যামেরন কে 'জাক্কু ' নামক গ্রহে পাঠান একটি ম্যাপ সংগ্রহ করার জন্য, যেখানে লেয়ার ভাই জেডাই মাস্টার লুক স্কাইওয়াকারের ঠিকানা উল্লেখ আছে। কিন্তু দুরভাগ্য বশত পো রেসিস্টেন্সের শত্রু, ফাস্ট অর্ডারের নেতা কাইলো রেন এর হাতে ধরা পরেন। কিন্তু এর আগে তিনি ম্যাপ টি তার ড্রয়েড, বি বি 8 এর কাছে আমানত রেখে দেন। বি বি 8 দুরঘটনা স্থল থেকে দূরে সরে আসলে ম্যাপ টি কাইলো রেন এর হাতে যাওয়া থেকে বেঁচে যায়। কিন্তু পো কে কাইলো বন্ধি করে এবং ম্যাপের কথা জিজ্ঞেশ করে। তবে, পো তা বলতে অস্বীকৃতি জানায়। বি বি 8 কি পারবে ম্যাপ টিকে সঠিক হাতে তুলে দিতে?",,773e1b820203,1337
233,CONTRADICTED,unit,শতাংশ,ভাগ,মিল্কভিটার অধীনে বাংলাদেশের তরল দুধের 70 ভাগ বাজার দখলে রয়েছে।,"মিল্কভিটা হলো বাংলাদেশের সরকারি দুগ্ধ উৎপাদনকারী প্রতিষ্ঠান। এর মালিক ""বাংলাদেশ দুগ্ধ উৎপাদনকারী সমবায় ইউনিয়ন লিমিটেড"", যা বাংলাদেশের সরকার কর্তৃক পরিচালিত একটি সমবায় সমিতি। কোম্পানিটির মূল উদ্দেশ্য হল দুগ্ধ ও দুগ্ধজাত পণ্য সামগ্রী উৎপাদন, প্রক্রিয়াজাতকরণ ও বাজারজাতকরণের মাধ্যমে বাংলাদেশের ক্ষুদ্র, প্রান্তিক ও ভূমিহীন দুগ্ধ উৎপাদনকারী কৃষকদের আর্থ-সামাজিক অবস্থার উন্নয়ন সাধন করা। মিল্কভিটার অধীনে বাংলাদেশের তরল দুধের 70 শতাংশ বাজার দখলে রয়েছে। বাংলাদেশের প্রতিটি বিভাগে কোম্পানিটির কারখানা রয়েছে। 1973 সালে জাতিসংঘ উন্নয়ন সংস্থা (ইউ এন ডি পি) ও ডেনমার্কের আন্তর্জাতিক উন্নয়ন এজেন্সী (ডানিডা)-এর সহযোগিতায় এদেশের দুগ্ধ নিয়ে নিয়ে স্টাডি করানো হয়। তারা ভারতের ''আমূল'' পদ্ধতি গ্রহণের সুপারিশ করে 1973 সালে বাংলাদেশ সরকার ""সমবায় দুগ্ধ প্রকল্প"" নামে একটি দুগ্ধশিল্প উন্নয়ন প্রকল্প শুরু করে। দুগ্ধ উৎপাদনকারী কৃষকদের স্বার্থ সংরক্ষণ করে দুগ্ধ উৎপাদন বৃদ্ধির জন্য সরকারের 13 কোটি 12 লাখ টাকা ঋণ সহায়তায় দেশের পাঁচটি এলাকায় দুগ্ধ কারখানা স্থাপন করা হয়। পরবর্তীতে 1977 সালে ""বাংলাদেশ দুগ্ধ উৎপাদনকারী সমবায় ইউনিয়ন লিমিটেড"" (মিল্কভিটা) নামে এর নামকরণ করা হয়। 1975 সালের 1 ফেব্রুয়ারী তৎকালীন পাবনা জেলার (বর্তমান সিরাজগঞ্জ জেলার) বাঘাবাড়ি ঘাটে মিল্কভিটার সর্ববৃহৎ প্ল্যান্ট উদ্বোধন ক",,773e1b820203,1337
234,CONTRADICTED,polarity,,না,"এই সংগ্রহে ব্রুকলিন যাদুঘর থেকে আনুমানিক 3,000 আইটেম রয়েছে না।","ওয়েব সংরক্ষণাগার ছাড়াও, ইন্টারনেট সংরক্ষণাগারটি ডিজিটাল মিডিয়াগুলির বিস্তৃত সংগ্রহগুলি বজায় রাখে যা আপলোডার দ্বারা যুক্তরাষ্ট্রে পাবলিক ডোমেনে থাকার প্রমাণিত বা লাইসেন্সের অধীনে লাইসেন্সযুক্ত যেমন ক্রিয়েটিভ কমন্স লাইসেন্সগুলির মতো অনুমোদিত। মিডিয়া মিডিয়া টাইপ (চলমান চিত্র, অডিও, পাঠ্য ইত্যাদি) দ্বারা সংগ্রহগুলিতে এবং বিভিন্ন মানদণ্ডে উপ-সংগ্রহগুলিতে সংগঠিত হয়। প্রতিটি প্রধান সংগ্রহের মধ্যে একটি ""সম্প্রদায়"" উপ-সংগ্রহ রয়েছে (পূর্বে নাম দেওয়া হয়েছিল ""মুক্ত উৎস"") যেখানে জনসাধারণের সাধারণ অবদান সংরক্ষণ করা হয়।
অডিও সংরক্ষণাগারটিতে সংগীত, অডিওবুকস, নিউজ সম্প্রচার, পুরানো সময়ের রেডিও শো এবং বিভিন্ন ধরনের অন্যান্য অডিও ফাইল অন্তর্ভুক্ত রয়েছে। সংগ্রহে রয়েছে 200,000 এরও বেশি ফ্রি ডিজিটাল রেকর্ডিং। সাবক্লিকেশনগুলিতে অডিও বই এবং কবিতা, পডকাস্টস, অ-ইংরেজি অডিও এবং আরও অনেকগুলি অন্তর্ভুক্ত রয়েছে। শব্দ সংগ্রহগুলি সমসাময়িক সংগীত এর এরিচাইভের পরিচালক বি জর্জ দ্বারা তৈরি করা হয়েছে।
লাইভ মিউজিক সংরক্ষণাগার উপ-সংগ্রহে স্বাধীন সংগীত শিল্পীদের কাছ থেকে 170,000 এরও বেশি কনসার্টের রেকর্ডিংয়ের পাশাপাশি আরও অনেক প্রতিষ্ঠিত শিল্পী এবং সংগীত সংগীত তাদের কনসার্টের রেকর্ডিং সম্পর্কে অনুমতিমূলক নিয়ম যেমন গ্যাফার্ট ডেড, এবং আরও সম্প্রতি দ্য স্ম্যাশিং পাম্পকিনস অন্তর্ভুক্ত রয়েছে। এছাড়াও, জর্",,773e1b820203,1337
235,CONTRADICTED,relation_order,600->1000,1000->600,সাধারণত 1000 থেকে 600 মি. উঁচু স্বল্প সুবিস্তৃত শিলাস্তূপ কে পাহাড় বলে।,"সমুদ্রতল থেকে অন্তত 1000 মিটারের বেশি উঁচু সুবিস্তৃত ও খাড়া ঢালবিশিষ্ট শিলাস্তূপকে পর্বত বলে। সাধারণত 600 থেকে 1000 মি. উঁচু স্বল্প সুবিস্তৃত শিলাস্তূপ কে পাহাড় বলে। পর্বতের উচ্চতা সমুদ্রপৃষ্ঠ থেকে কয়েক হাজার মিটার পর্যন্ত হতে পারে। পর্বতের ভূপ্রকৃতি সাধারণত বন্ধুর প্রকৃতির হয়ে থাকে, এগুলোর ঢাল খুব খাড়া এবং সাধারণত চূড়াবিশিষ্ট হয়ে থাকে। পূর্ব আফ্রিকার কিলিমাঞ্জারোর মত কিছু পর্বত বিছিন্নভাবে অবস্থান করে। আবার হিমালয় পর্বতমালার মত কিছু পর্বত অনেকগুলো পৃথক শৃঙ্গসহ ব্যাপক এলাকা জুড়ে অবস্থান করে।

পর্বতের থেকে উঁচু কিন্তু সমভূমি থেকে উঁচু খাড়া ঢালযুক্ত ঢেউ খেলানো বিস্তীর্ণ সমতলভূমি কে মালভূমি বলে। মালভূমির উচ্চতা শত মিটার থেকে কয়েক হাজার মিটার পর্যন্ত হতে পারে। পৃথিবীর বৃহত্তম মালভূমির উচ্চতা 4,270 থেকে 5,190 মিটার।

সমুদ্রতল থেকে অল্প উঁচু মৃদু ঢালবিশিষ্ট সুবিস্তৃত ভূমিকে সমভূমি বলে। বিভিন্ন ভূপ্রাকৃতিক প্রক্রিয়া যেমন -নদী, হিমবাহ ও বায়ুর ক্ষয় ও সঞ্চয় ক্রিয়ার ফলে সমভূমির সৃষ্টি হয়েছে। মৃদু ঢাল ও স্বল্প বন্ধুরতার জন্য সমভূমি কৃষিকাজ, বসবাস, রাস্তাঘাট নির্মাণের জন্য খুবই উপযোগী। তাই সমভূমিতে সবচেয়ে বেশি ঘন জনবসতি গড়ে উঠেছে।",,773e1b820203,1337
236,CONTRADICTED,entity,সম্পর্কিত,গালাপাগোস,"এসোসিয়েশন ফর কম্পিউটার মেশিনারী এর অনুযায়ী মানব-কম্পিউটার মিথস্ক্রিয়ার নির্ধারণ হল: "" একটি নিয়মানুবর্তিতা যেটি মানুষ ও কম্পিউটার এর মধ্যে পরিকল্পনা, মূল্যায়ন ও বাস্তবায়নের সাথে গালাপাগোস এবং যেটি এগুলো যুক্ত বিভিন্ন বড় ঘটনাগুলিকে নিয়ে চর্চা করে""| এটির একটি অত্যন্ত গুরুত্বপূর্ণ দিক হল ব্যবহারকারী সন্তুষ্টি।","মানুষ কম্পিউটারের সাথে বিভিন্ন মাধ্যমে ভাব বিনিময় করতে পারে। যার কারণে দুটোর মধ্যকার ইন্টারফেস ভাব বিনিময়ের ক্ষেত্রে বা এটি সহজতর করতে অত্যন্ত গুরুত্বপূর্ণ ভুমিকা রাখতে পারে। সংক্ষেপিত ইংরেজি রূপ বুঝাতে অনেকসময় হিউম্যান-মেশিন ইন্টার্যাকশন, ম্যান-মেশিন ইন্টার্যাকশন অথবা কম্পিউটার-হিউম্যান ইন্টার্যাকশন ইত্যাদি টার্মসও ব্যবহার করা হয়। আজকাল ডেক্সটপ এপ্লিকেশন, ইন্টারনেট ব্রাউজার, হাতে ধরা ছোট কম্পিউটার এবং বিশেষ ভাবে ব্যবহার উপযোগী কম্পিউটারে গ্রাফিক্যাল ইউজার ইন্টারফেস ব্যবহার করা হচ্ছে। কথা বলার মাধ্যমে কম্পিউটার পরিচালনা অর্থাৎ স্পীচ রিকগনিশন এবং পড়ে শোনানোর (সিন্থেসাইজিং সিস্টেম) জন্য ভয়েস ইউজার ইন্টারফেস ব্যবহার করা হচ্ছে। সেই সাথে আধুনিক মাল্টি-মডেল এবং গ্রাফিক্যাল ইউজার ইন্টারফেস মানুষকে কম্পিটারের শারীরিক চরিত্রের এজেন্টের সাথে এমন ভাবে ব্যবহার উপযোগী করে তোলে যার দৃষ্টান্ত অন্যকোন ইন্টারফেসে পাওয়া যায় না। মানুষের সাথে কম্পিউটারের ভাব বিনিময় এতটাই বেশি যা এর গুণগত মান বাড়াতে সাহায্য করেছে এবং এর ফল এতটাই নতুন নতুন ক্ষেত্র তৈরি করেছে যেগুলো রীতিমত গবেষণার উপযোগী। সাধারণ ইন্টারফেসকে নতুন ভাবে ডিজাইন করার পরিবর্তে ইউনিমডালিটির জায়গায় মাল্টিমডালিটি, কমান্ড/একশন নির্ভর ইন্টারফেসের বদলে নিজস্ব বুদ্ধি সম্পন্ন ইন্টারফেস এবং পরোক্ষ ইন্টারফেসের জায়গায় সক্রিয় ইন্টারফেসের ধা",,773e1b820203,1337
237,CONTRADICTED,unit,সপ্তাহ,প্যাসকেল,"এর পুর্বে 1857 ও 1857 সালেও এ সংযোগ স্থাপন করা হয়েছিল, কিন্তু কয়েকদিন বা কয়েক প্যাসকেল পরেই তা অচল হয়ে পড়ে।","স্যার চার্লস হুইটস্টোন এবং স্যার উইলিয়াম ফদারগিল কুক সর্বপ্রথম বাণিজ্যিকভাবে বৈদ্যুতিক টেলিগ্রাফ যন্ত্র তৈরি করেন। এতে একটি নির্দেশক কাঁটার বিক্ষেপের মাধমে বার্তা পাঠানো হতো। 1839 সালের 9ই এপ্রিল তারিখে গ্রেট ওয়েস্টার্ন রেলওয়ের 21 কি.মি. দূরত্বে যোগাযোগ স্থাপন করতে এর ব্যবহার শুরু হয়। একই সময়ে আটলান্টিকের অপর পারে স্যামুয়েল মোর্স আলাদাভাবে একটি বৈদ্যুতিক টেলিগ্রাফ যন্ত্র তৈরি করেন এবং 1837 সালের 2রা সেপ্টেম্বর জনসমক্ষে উপস্থাপন করেন। কিন্তু যন্ত্রটি সফলভাবে কাজ করতে ব্যর্থ হয়। এরপর তিনি আলফ্রেড় ভেইল নামে একজন বিজ্ঞানীর সঙ্গে সম্মিলিতভাবে আরেকটি যন্ত্র আবিষ্কার করেন যেটি টেলিগ্রাফ বার্তাকে কাগজের ফিতায় সংরক্ষণ করতে পারে। 1838 সালের 6ই জানুয়ারি তাদের এই যন্ত্রটি প্রথমে 5 কিলোমিটার ও পরে 24মে,1844 তারিখে ওয়াশিংটন ও বাল্টিমোরের মাঝে 64 কি.মি. দূরত্বে সফলভাবে কাজ করে। তারা তাদের এই যন্ত্রটি পেটেন্ট করেন। 1851 সালের মধ্যে যুক্তরাষ্ট্রে 20,000 মাইল দীর্ঘ টেলিগ্রাফ লাইন স্থাপিত হয়। 1866 সালে প্রথম সফলভাবে আটলান্টিকের দু'প্রান্তের মাঝে টেলিগ্রাফ সংযোগ স্থাপিত হয়। এর পুর্বে 1857 ও 1857 সালেও এ সংযোগ স্থাপন করা হয়েছিল, কিন্তু কয়েকদিন বা কয়েক সপ্তাহ পরেই তা অচল হয়ে পড়ে। 
1857 সালে আলেক্সান্ডার গ্রাহাম বেল টেলিফোন আবিষ্কার করেন। অবশ্য এর আগে 1849 সামে অ্যান্টোনিও মেউচ্চি একটি ",,773e1b820203,1337
238,SUPPORTED,gold,,,"ডিএনএ একটি ডাবল হেলিক্স স্ট্রাকচার নিয়ে গঠিত, উভয় স্ট্র্যান্ড বা সূত্রক একত্রে কুন্ডলিত হয়ে চারিত্রিক বৈশিষ্ট্যযুক্ত ডাবল হেলিক্স গঠন করে।","ডিএনএ একটি ডাবল হেলিক্স স্ট্রাকচার নিয়ে গঠিত, উভয় স্ট্র্যান্ড বা সূত্রক একত্রে কুন্ডলিত হয়ে চারিত্রিক বৈশিষ্ট্যযুক্ত ডাবল হেলিক্স গঠন করে। ডিএনএর প্রতিটি সূত্রক হল চার ধরনের নিউক্লিওটাইডের একটি শৃঙ্খল। ডিএনএর নিউক্লিওটাইডগুলোতে একটি ডিঅক্সিরাইবোজ চিনি, একটি ফসফেট এবং নিউক্লিওবেস থাকে। চার ধরনের নিউক্লিওটাইড চার ধরনের নিউক্লিওবেস এর সাথে সম্পৃক্ত যেমন - এডেনিন, সাইটোসিন, গুয়ানিন, এবং থাইমিন। এডেনিন এবং গুয়ানিন হল পিউরিন বেস, যেখানে সাইটোসিন এবং থাইমিন হল পাইরিমিডিন বেস। এই নিউক্লিওটাইড সমূহ ফসফো-ডাইএস্টার বন্ধন গঠন করে, যার মাধ্যমে ডিএনএ ডাবল হেলিক্সের ফসফেট-ডিঅক্সিরাইবোজ ব্যাকবোন তৈরি করে যার নিউক্লিওবেসগুলো অভ্যন্তরের দিকে নির্দেশ করে (যেমন, বিরোধী সূত্রকের দিকে)। নিউক্লিওবেসগুলো সুত্রকের মধ্যে হাইড্রোজেন বন্ড দ্বারা যুক্ত হয়। এডেনিন থাইমিনের সাথে (দুটি হাইড্রোজেন বন্ধন) এবং গুয়ানিন সাইটোসিনের সাথে (তিনটি হাইড্রোজেন বন্ধন) দ্বারা যুক্ত হয়।",,773e1b820203,1337
239,CONTRADICTED,numeral,465,"300,000","জানুয়ারী 2010 সালে টেসলা মার্কিন এনার্জি ডিপার্টমেন্ট বিভাগ থেকে $300,000 মিলিয়ন ঋণ পায়, যা এটি 2013 সালে পরিশোধ করা হয়।","মাস্ক কোম্পানিতে সক্রিয় ভূমিকা গ্রহণ করেন এবং বিস্তারিত পর্যায়ে রোডস্টারের নকশা তৈরির তত্ত্বাবধান করেন কিন্তু দৈনন্দিন ব্যবসায়িক অপারেশনে তিনি গভীরভাবে জড়িত ছিলেন না। শুরু থেকে মাস্ক ধারাবাহিকভাবে টেসলার দীর্ঘমেয়াদী কৌশলগত লক্ষ্য বজায় রাখেন যা ছিল সাশ্রয়ী মূল্যের বৈদ্যুতিক যানবাহন তৈরি করা। টেসলার প্রাথমিক লক্ষ্য ছিল প্রিমিয়ার স্পোর্টস কার তৈরি করা তারপর সেডান এবং সাশ্রয়ী মূল্যের কম্প্যাক্ট সহ আরো মূলধারার যানবাহনে যাওয়া।
ফেব্রুয়ারি 2006 সালে, মাস্ক টেসলা বি সিরিজের জন্য $13 মিলিয়ন বিনিয়োগ রাউন্ড নেতৃত্ব যা তহবিল দলে ভালর ইকুইটি পার্টনার্স যোগ করে। মাস্ক প্রযুক্তি অংশীদারদের সাথে 2006 সালের মে মাসে তৃতীয় 40 মিলিয়ন মার্কিন ডলারের রাউন্ডের নেতৃত্ব দেন। এই রাউন্ডে গুগলের সহ-প্রতিষ্ঠাতা সের্গেই ব্রিন এবং ল্যারি পেজ, প্রাক্তন ইবে প্রেসিডেন্ট জেফ স্কোল, হায়াতের উত্তরাধিকারী নিক প্রিটজকার এবং ভিসি ফার্ম ড্রাপার ফিশার জুরভেটসন, মকর ব্যবস্থাপনা এবং বে এরিয়া ইকুইটি ফান্ড সহ বিশিষ্ট উদ্যোক্তাদের বিনিয়োগ অন্তর্ভুক্ত ছিল। মাস্ক মে 2008 সালে চতুর্থ রাউন্ডে নেতৃত্ব দেন যা আরো $40,167,530 অর্থায়ন যোগ করে, এবং ব্যক্তিগত অর্থায়নের মাধ্যমে মোট বিনিয়োগ $100 মিলিয়নে চলে আসে।
টেসলার প্রধান নির্বাহী কর্মকর্তাদের তালিকা
1 মার্টিন এবারহার্ড (2004-2007)
2 জেয়েভ দ্রোরি (2007-2008)
3 এল",,773e1b820203,1337
240,CONTRADICTED,polarity,,না,তবে বিংশ শতাব্দীর শেষভাগে পাঠ্যসূচীতে ইসলামী শিক্ষার পাশাপাশি সাধারণ শিক্ষা প্রবর্তিত হয় না।,"দাখিল মাদ্রাসা হলো এমন পর্যায়ের মাদ্রাসা যেখানে প্রথম শ্রেণী থেকে দশম শ্রেণী পর্যন্ত পড়ানো হয় এবং দশম শ্রেণী শেষে একটি পাবলিক এক্সামিনেশনের মাধ্যমে দাখিল পাসের সার্টিফিকেট প্রদান করা হয় যা সেকেণ্ডারী স্কুল সার্টিফিকেটের (এস. এস. সি.) সমকক্ষ। যে কোন মাদ্রাসার মতই দাখিল মাদ্রাসা প্রধানত একটি ইসলামী ধর্মীয় শিক্ষা প্রতিষ্ঠান যার মূল লক্ষ্য কোরআন ও হাদিস শিক্ষা প্রদান। তবে বিংশ শতাব্দীর শেষভাগে পাঠ্যসূচীতে ইসলামী শিক্ষার পাশাপাশি সাধারণ শিক্ষা প্রবর্তিত হয়। একবিংশ শতাব্দীর শুরুর দিকে শিক্ষাপ্রদান কার্যক্রমে কম্পিউটারও ব্যবহার করা হতে থাকে।

বাংলাদেশ রাষ্ট্রীয়ভাবে একটি ধর্ম নিরপেক্ষ দেশ তবে এতে মুসলমান জনাসংখ্যাধিক্য রয়েছে এবং মুসলমান জনগোষ্ঠীর বিরাট একটি অংশ ধর্মপ্রাণ। পরিসংখ্যান অনুযায়ী বাংলাদেশের শতকরা প্রায় 30 ভাগ মানুষ মাদরাসা শিক্ষার সাথে সংশ্লিষ্ট। তাই এদেশে প্রচলিত বিভিন্ন শিক্ষাব্যবস্থার মধ্যে মাদরাসা শিক্ষাব্যবস্থা বিশেষভাবে গুরুত্বপূর্ণ। দেশে সরকারীভাবে স্বীকৃত মাদরাসার সংখ্যা 15 হাজারের অধিক, মাদরাসা শিক্ষকের সংখ্যা দেড় লক্ষাধিক। এক সময় কেবল কুরআন ও হাদিস শিক্ষার জন্য প্রচলিত থাকলেও ক্রমান্বয়ে মাদরাসা শিক্ষাব্যবস্থার আধুনিকায়ন চলছে। এজন্য রয়েছে মাদরাসা শিক্ষা অধিদপ্তর ও মাদরাসা বোর্ড। প্রায়শঃ দাখিল মাদরাসাকে পর্যায়ক্রমে আলিম মাদরাসা উন্নীত করা হয়ে থাকে।

দাখ",,773e1b820203,1337
241,CONTRADICTED,numeral,350,"52,51,000","ট্রেনের সর্ব্বোচ গতি হবে 52,51,000 কিমি/ঘণ্টা এবং গড় গতি হবে 320 কিমি/ঘণ্টা।350 কিমি/ঘণ্টা গতিতে ট্রেনটি 508 কিমি অতিক্রম করতে সময় নেবে 2 ঘণ্টা 7 মিনিট।","এই রেলপথে 10 থেকে 16 কোচের ট্রেন চলাচল করবে। ট্রেন গুলির যাত্রীপরিবহন ক্ষমতা হবে 1,300 থেকে 1,600 জন। ট্রেনের সর্ব্বোচ গতি হবে 350 কিমি/ঘণ্টা এবং গড় গতি হবে 320 কিমি/ঘণ্টা।350 কিমি/ঘণ্টা গতিতে ট্রেনটি 508 কিমি অতিক্রম করতে সময় নেবে 2 ঘণ্টা 7 মিনিট। বর্তমানে, মুম্বাই থেকে আহমেদাবাদ পর্যন্ড একটি ট্রেন যাত্রায় 7 ঘণ্টা সময় লাগে। ভারতীয় রেলপথের দুটি প্রকারের কেরিয়ারে কাজ করার প্রস্তাব রয়েছে। একটি ""দ্রুত ট্রেন"" পরিষেবা সুরট ও বড়োদার মধ্যে শুধুমাত্র দুটি স্টেশনে এবং সমস্ত স্টেশনগুলির জন্য একটি ধীরগতির ট্রেন পরিষেবা। ""দ্রুত ট্রেন"" যাত্রাটি 2 ঘণ্টা 7 মিনিটের মধ্যে সম্পন্ন করবে, যখন ধীরস্থায়ী ট্রেন পরিষেবা 2 ঘণ্টা 58 মিনিট সময় নেয়। 35 টি দৈনিক ট্রেন পরিষেবা রেল করিডোরে পরিচালিত হবে, ব্যস্ত সময়ে প্রতি ঘণ্টায় 3 টি ট্রেন চলাচল করবে এবং অন্য সময়ে 2 টি চলাচল করবে প্রতি ঘণ্টায়। রেল কর্তৃপক্ষের মতে, 2023 সালে উচ্চ গতির রেল করিডোরে দৈনিক প্রায় 36,000 জন যাত্রী চলাচল করবে। 2012 সালের 9 জানুয়ারি ভাইব্রেন্ট গুজরাট সামিটে, গুজরাট সরকার এবং জাতীয় উচ্চগতির রেল কর্তৃপক্ষ (এনএইচএসআরসি) উচ্চ গতির রেলগাড়ির বিভিন্ন উপাদান ও যন্ত্রাংশ তৈরির জন্য ₹67,000 কোটি টাকার (9.8 বিলিয়ন মার্কিন ডলার) চুক্তি স্বাক্ষরিত হয়। গুজরাট সরকার মোট প্রকল্পের ব্যয়ের 25% বহন করবে এবং প্রকল্পের জন্য জমি প্রদান কর",,773e1b820203,1337
242,CONTRADICTED,numeral,60,51,"যদিও এই বিষয়টা 51-এর দশকের বেশি মনোযোগ পায় গণমাধ্যমে, কিন্তু এটা আসলে বিপদজনকভাবে বৃদ্ধি লাভ করে পরবর্তী দশকে যখন অধিকসংখ্যক মেয়েরা বিদ্যালয় ও কর্মক্ষেত্রে যেতে থাকে ঐতিহ্য পরিপন্থী হয়ে পুরুষের সাহচর্য ছাড়া।","যদিও এই বিষয়টা 60-এর দশকের বেশি মনোযোগ পায় গণমাধ্যমে, কিন্তু এটা আসলে বিপদজনকভাবে বৃদ্ধি লাভ করে পরবর্তী দশকে যখন অধিকসংখ্যক মেয়েরা বিদ্যালয় ও কর্মক্ষেত্রে যেতে থাকে ঐতিহ্য পরিপন্থী হয়ে পুরুষের সাহচর্য ছাড়া। শীঘ্রই ভারতীয় সরকার এ ব্যাপারে ব্যবস্থা নিতে থাকে বিচারিক ও আইনগতভাবে এই ধরনের বিপজ্জনক ব্যাপারকে প্রতিহত করতে এবং পুলিশ ইভ টিজারদের ধরতে সচেষ্ট হয়ে ওঠে।এক্ষেত্রে মহিলা পুলিশের প্রয়োগ ভাল ফলাফল দেয়। বিভিন্ন ষরে মহিলা পুলিশের বিশেষ স্টেশন, মহিলাদের জন্য হেল্পলাইন চালু ও পুলিশের মাঝে ইভ টিজিং বিরোধী সেল গঠনের মাধ্যমে বিষয়টা পরিলক্ষিত হয় তখন। এ সময়ে প্রচুর অভিযোগ আসতে থাকে যৌন হয়রানির মতো ইভ টিজিংযের অভিযোগ নিয়ে কারণ জনসাধারণের দৃষ্টিভঙ্গি পালটে গিয়েছিল ইভ টিজারদের প্রতি।তবে ইভ টিজিংযের মাত্রা বাড়তেই থাকে যেমন তা পৌছে এসিড সন্ত্রাস পর্যন্ত, তাই তামিল নাড়ু সরকার ইভ টিজিংকে জামিন অযোগ্য অপরাধ হিসেবে চিহ্ণিত করে।এ সময়ে আরো দেখা যায় যে নারী অধিকার নিয়ে কাজ করে এমন সংগঠনের সংখ্যা বৃদ্ধি পেতে থাকে এবং কনেকে পুড়িয়ে মারার ঘটনাও বাড়তে থাকে।ইভ টিজিং-এর বিরুদ্ধে সোচ্চার আন্দোলনের ফলে দিল্লি ইভ টিজিং নিষিদ্ধকরণ বিল 1984 পাস হয়। 1998 সালে চেন্নাইয়ে সারিকা শাহ নামের ছাত্রীর মৃত্যুর ফলে ইভ টিজিং-এর বিরুদ্ধে শাস্তি আরও জোরদার করা হয়। এত ঘটনার পর কমপক্ষে আধা ডজন ঘটনা ঘটে",,773e1b820203,1337
243,NEUTRAL,cross_passage,,,2004 সালে ফেদেরার ম্যাট্স উইলান্ডারের পর প্রথম খেলোয়াড় হিসেবে একই বছরে তিনটি গ্র্যান্ড স্ল্যাম শিরোপা জয়ের কৃতিত্ব দেখান।,"বাবর মুঘল সাম্রাজ্যের প্রতিষ্ঠা করেন। তিনি ছিলেন মধ্য এশিয়ার তুর্কো-মঙ্গোল বংশোদ্ভূত শাসক। বাবার দিক থেকে তিনি তৈমুর লং ও মায়ের দিক থেকে চেঙ্গিস খানের বংশধর ছিলেন। মধ্য এশিয়া থেকে বিতাড়িত হয়ে বাবর ভারতে ভাগ্য নির্মাণে নিয়োজিত হন। তিনি নিজেকে কাবুলের শাসক হিসেবে প্রতিষ্ঠা করেন এবং আফগানিস্তান থেকে খাইবার পাস হয়ে ভারতে প্রবেশ করেন। পানিপথের যুদ্ধে বিজয়ের পর বাবরের সেনাবাহিনী উত্তর ভারতের অধিকাংশ এলাকা জয় করে নেয়। তবে শাসন পাকাপোক্ত করতে অনেক সময় লেগে যায়। অস্থিতিশীলতা তার ছেলে হুমায়ুনের সময়ও ছড়িয়ে পড়ে। হুমায়ুন দিগ্বিজয়ী সেনাপতি শেরশাহ কর্তৃক ক্ষমতাচ্যুত হয়ে ভারত থেকে পারস্যে পালিয়ে যান। হুমায়ুনের সাথে পারস্যের সাফাভিদের কূটনৈতিক সম্পর্ক স্থাপিত হয় এবং মুঘল সাম্রাজ্যে পারসীয় সাংস্কৃতিক প্রভাব বৃদ্ধি পেতে থাকে। সাফাভিদের সহায়তায় হুমায়ুন মুঘলদের ক্ষমতা পুনঃপ্রতিষ্ঠা করেন। কিছুকাল পর নিজস্ব গ্রন্থাগারে ঘটা এক দুর্ঘটনায় হুমায়ুনের মৃত্যু হলে তার ছেলে আকবর অপ্রাপ্তবয়স্ক অবস্থায় সিংহাসনে বসেন। আকবরের অভিভাবক বৈরাম খান ভারতে মুঘল সাম্রাজ্যের ভিত্তি মজবুত করতে আকবরের সহায়তা করেছেন।

যুদ্ধ ও কূটনীতির মাধ্যমে আকবর সাম্রাজ্যকে সবদিকে ছড়িয়ে দিতে সক্ষম হন। তিনি ভারতের সামাজিক গোষ্ঠীর সামরিক অভিজাতদের থেকে তার প্রতি অনুগত নতুন অভিজাত শ্রেণী গড়ে তোলেন। তিনি উন্নত সর",,773e1b820203,1337
244,NEUTRAL,cross_passage,,,বিএসসি শেষে 1957 সালে ইসলাম কেমব্রিজে পড়তে যান।,"প্রকৌশল হল সেই সুসংগঠিত শক্তি যা প্রযুক্তিগত পরিবর্তনের মাধ্যমে সমাজ ও সভ্যতার ইতিহাস বদলে দেয়। মানব সভ্যতার ইতিহাস ও প্রকৌশলের ইতিহাস তাই অঙ্গাঙ্গীভাবে জড়িত। বস্তুবাদী দৃষ্টিকোণ থেকে বিশ্বসভ্যতার যতটুকু প্রগতি সম্পন্ন হয়েছে, তার সবটুকুতেই প্রকৌশলবিদ্যার গভীর অবদান আছে। 
প্রকৌশলবিদ্যায় কেবল তাত্ত্বিক বিশ্লেষণের খাতিরে বিশ্লেষণ করা হয় না কিংবা অস্তিত্বহীন কোনও কাল্পনিক, তাত্ত্বিক সমস্যার অসাধারণ প্রতিভাদীপ্ত সমাধান সন্ধান করা হয় না। প্রকৌশলবিদ্যার উদ্দেশ্য জ্ঞানবিজ্ঞানের নিরন্তর বিশ্বকোষীয় সংগ্রহ নয়, বরং সংগৃহীত তাত্ত্বিক জ্ঞানবিজ্ঞানের সম্ভাব্য উপকারী দিকগুলিকে বাস্তবে রূপ দেওয়া। প্রকৌশল ছাড়া বিজ্ঞানের টেকসই বাস্তব উপকারী প্রয়োগ সম্ভব নয়। আবার প্রকৌশল কেবল তাত্ত্বিক জ্ঞানবিজ্ঞান ও বাস্তব বিশ্বের মেলবন্ধনই ঘটায় না, এটি বিজ্ঞান, ইতিহাস, সমাজ, মানুষের কায়িক পরিশ্রম ও অর্থনীতির মধ্যকার যোগসূত্র হিসেবেও কাজ করে। প্রকৌশল চিন্তাভাবনাহীন কায়িক পরিশ্রম নয়, বরং কায়িক পরিশ্রমের বিজ্ঞানভিত্তিক সর্বোচ্চ কৌশলী ব্যবহার। প্রকৌশলবিদ্যা যুগের চাহিদা ও সমাজের চাহিদার ব্যাপারে সচেতন। প্রকৌশলবিদ্যা ছাড়া সমাজ ও সভ্যতার বস্তুগত অগ্রগতি প্রায় অচল হয়ে যাবে। প্রকৌশলবিদ্যা ছাড়া অর্থনৈতিক ব্যবস্থাগুলির দক্ষতা হ্রাস পাবে ও এগুলির প্রবৃদ্ধি স্থবির হয়ে পড়বে।",,773e1b820203,1337
245,NEUTRAL,cross_passage,,,সুইফট এর মাধ্যমে সর্ব প্রথম 1977 সালে বার্তা বা মেসেজ প্রদান করা হয়।,"কৃত্রিম উপগ্রহের সম্ভাবনার প্রথম প্রকাশিত গাণিতিক অধ্যয়ন হলো নিউটনের কামানের গোলা, যা আইজ্যাক নিউটনের ফিলোসফিয়া ন্যাচারালিস প্রিন্সিপিয়া ম্যাথামেটিকাতে (1687) প্রাকৃতিক উপগ্রহের গতি ব্যাখ্যা করার জন্য একটি চিন্তামূলক গবেষণা হিসেবে প্রকাশিত হয়েছিল। কক্ষপথে কৃত্রিম উপগ্রহ উৎক্ষেপণের প্রথম কাল্পনিক চিত্রণ হলো এডওয়ার্ড এভারেট হ্যালের একটি ছোটগল্প, ""দ্য ব্রিক মুন"" (1869)। জুল ভার্নের বেগমের রত্নভান্ডারে (1879) আবারও এই ধারণাটি প্রকাশ পেয়েছে।

1903 সালে কন্স্তান্তিন ৎসিওলকোভ্স্কি (1857-1935) এক্সপ্লোরিং স্পেস ইউজিং জেট প্রোপালশন ডিভাইসেস প্রকাশ করেছিলেন যা মহাকাশযান উৎক্ষেপণের জন্য রকেটরি ব্যবহারের প্রথম শিক্ষামূলক গ্রন্থ। তিনি সর্বনিম্ন কক্ষপথের জন্য প্রয়োজনীয় কক্ষপথের বেগ গণনা করেছিলেন এবং তরল প্রোপেল্যান্ট দ্বারা চালিত মাল্টিস্টেজ রকেটের এই বেগ অর্জন করার সক্ষমতাও গণনা করেছিলেন।",,773e1b820203,1337
246,CONTRADICTED,entity,ফিডার,তিমুর,"2010 খ্রিষ্টাব্দে দেশের জাতীয় মহাসড়ক 3478 কিলোমিটার, আঞ্চলিক মহাসড়ক 4222 কিলোমিটার এবং তিমুর/জেলা রোড 13248 কিলোমিটার।","বাংলাদেশের স্থল যোগাযোগের মধ্যে সড়কপথ উল্লেখযোগ্য। সড়কপথের অবকাঠামো নির্মাণ এদেশের ভৌগোলিক অবস্থান ও ভৌগোলিক অবকাঠামোর মধ্যে বেশ ব্যয়বহুল। 1947 খ্রিষ্টাব্দে দেশে পাকা রাস্তার পরিমাণ ছিলো 1931.17 কিলোমিটার, 1996-1997 সালের দিকে তা দাঁড়ায় 178859 কিলোমিটারে। 2010 খ্রিষ্টাব্দে দেশের জাতীয় মহাসড়ক 3478 কিলোমিটার, আঞ্চলিক মহাসড়ক 4222 কিলোমিটার এবং ফিডার/জেলা রোড 13248 কিলোমিটার। দেশের সড়কপথের উন্নয়নের জন্য ""বাংলাদেশ সড়ক পরিবহন কর্পোরেশন"" (বিআরটিসি) নামে একটি সংস্থা গঠন করা হয়েছে। সড়ক পরিবহন ব্যবস্থাকে উন্নত করতে যমুনা নদীর উপরে 4.8 কিলোমিটার দৈর্ঘ্যের বঙ্গবন্ধু যমুনা বহুমুখী সেতু 1998 সালের জুন মাসে উদ্বোধন করা হয় যা রাজধানী ঢাকাকে উত্তরবঙ্গের সাথে সরাসরি সংযুক্ত করে। এছাড়াও 6.1 কিলোমিটার দীর্ঘ পদ্মা সেতুর নির্মাণকাজ চলছে যার মাধ্যমে ভবিষ্যতে রাজধানী ঢাকা ও দেশের দক্ষিণ-পশ্চিম অংশ সংযুক্ত হবে। অন্যান্য বৃহৎ সড়ক সেতু হচ্ছে: জাপান-বাংলাদেশ মৈত্রী সেতু, মেঘনা-গোমতী সেতু, বাংলাদেশ-যুক্তরাজ্য মৈত্রী সেতু, ত্বরা সেতু, চীন-বাংলাদেশ মৈত্রী সেতু 1, চীন-বাংলাদেশ মৈত্রী সেতু 2, শীতলক্ষ্যা সেতু, কর্ণফুলি সেতু ইত্যাদি। সড়কপথে প্রায় সব জেলার সাথে যোগাযোগ থাকলেও অনেক ক্ষেত্রেই প্রয়োজনীয় অবকাঠামো (ব্রিজ, কালভার্ট) নির্মিত না হওয়ায় ফেরি পারাপারের প্রয়োজন পরে। সড়কপথে জেলাভিত্তিক যোগ",,773e1b820203,1337
247,CONTRADICTED,numeral,701,18,"এটি নির্মাণাধীন,18 কিমি (436 মা) দীর্ঘ, 8 লেন বিশিষ্ট এক্সপ্রেসওয়ে, যেটি মহারাষ্ট্রের নাগপুর ও মুম্বই শহরকে সংযুক্ত করে।","মুম্বই নাগপুর এক্সপ্রেসওয়ে, যা মহারাষ্ট্র সমৃদ্ধি মহামর্গ নামে পরিচিত। এটি নির্মাণাধীন,701 কিমি (436 মা) দীর্ঘ, 8 লেন বিশিষ্ট এক্সপ্রেসওয়ে, যেটি মহারাষ্ট্রের নাগপুর ও মুম্বই শহরকে সংযুক্ত করে। এক্সপ্রেসওয়েটি রাজ্যের 10 টি জেলা, 26 টি তেহসিল এবং 320 টি গ্রামের মধ্যে দিয়ে অগ্রসর হয়েছে এবং দুইটি শহরে ভ্রমণের সময় 8 ঘণ্টা হ্রাস বলে আশা করা হচ্ছে। প্রকল্পের জন্য 46,000 কোটি টাকা ব্যয় হবে এবং 8,603 হেক্টর জমি অধিগ্রহণের প্রয়োজন হবে।",,773e1b820203,1337
248,CONTRADICTED,relation_order,1990->1994,1994->1990,1994 থেকে 1990 পর্যন্ত তিনি এই দলের নেতা ছিলেন।,"কারামুক্তির পর ম্যান্ডেলা আফ্রিকান ন্যাশনাল কংগ্রেসের নেতৃত্ব গ্রহণ করেন। 1990 থেকে 1994 পর্যন্ত তিনি এই দলের নেতা ছিলেন। এই সময়ে তিনি দক্ষিণ আফ্রিকায় বর্ণবাদ অবসানের লক্ষ্যে সরকারের সঙ্গে আলোচনায় বসেন। এই শান্তি আলোচনা ফলপ্রসূ হওয়ার পর 1994 খ্রিষ্টাব্দে দেশের ইতিহাসে প্রথমবারের মতো সব বর্ণের মানুষের অংশগ্রহণে সাধারণ নির্বাচন অনুষ্ঠিত হয়।

আফ্রিকান ন্যাশনাল কংগ্রেস দলটির ওপর নিষেধাজ্ঞা তুলে নেওয়া হলে 1991 খ্রিষ্টাব্দে এই দলের প্রথম জাতীয় সম্মেলন হয়। এই সম্মেলনে ম্যান্ডেলাকে দলের প্রেসিডেন্ট নির্বাচন করা হয়। ম্যান্ডেলার পুরোনো বন্ধু ও সহকর্মী অলিভার টাম্বো ম্যান্ডেলার বন্দিত্বের সময়ে প্রবাসে এই দলের নেতৃত্ব দিয়েছিলেন। এই সম্মেলনে টাম্বোকে দলের জাতীয় সভাপতি নির্বাচন করা হয়।

দক্ষিণ আফ্রিকার সরকারের সঙ্গে শান্তি আলোচনায় অবদান রাখার জন্য ম্যান্ডেলা এবং রাষ্ট্রপতি এফ ডব্লু ডি ক্লার্ককে 1993 খ্রিষ্টাব্দে নোবেল শান্তি পুরস্কার দেয়া হয়। তবে সব সময় এই শান্তি আলোচনা নির্বিঘ্নে চলেনি। 1991 খ্রিষ্টাব্দে একবার মতানৈক্য হলে ম্যান্ডেলা রেগে গিয়ে ডি ক্লার্ককে অবৈধ সরকারের নেতা বলে অভিহিত করেছিলেন। 1992 খ্রিষ্টাব্দের জুন মাসে বৈপাটোংয়ের গণহত্যার ঘটনা ঘটলে আলোচনা ভেস্তে যায়। ম্যান্ডেলা সেসময় ডি ক্লার্কের সরকারকে এই গণহত্যায় জড়িত থাকার জন্য অভিযোগ করেন। তবে এর 3 মাস পর 1992 খ্র",,773e1b820203,1337
249,SUPPORTED,gold,,,"দুটি হিন্দু মহাকাব্য, রামায়ণ ও মহাভারতে, নারীর ভূমিকা মিশ্র।","দুটি হিন্দু মহাকাব্য, রামায়ণ ও মহাভারতে, নারীর ভূমিকা মিশ্র। মহাভারতের প্রধান নারী চরিত্র, দ্রৌপদী পাঁচটি পাণ্ডবের সাথে বিবাহিত, এভাবে পাঁচটি স্বামী আছে। তিনি দুর্যোধন দ্বারা অপমানিত, মহান যুদ্ধের অন্যতম কারণ। খ্রিস্টপূর্ব 1ম সহস্রাব্দের দ্বিতীয়ার্ধে রচিত রামায়ণে, সীতাকে সম্মানিত ও অবিচ্ছেদ্য প্রিয় হিসেবে দেখা হয় কিন্তু গৃহিণী, রামের আদর্শ স্ত্রী ও সঙ্গী হিসেবে উপস্থাপন করা হয়। হিন্দু ঐতিহ্যে, রামায়ণের অধিকাংশ মহিলার মৌখিক পুনর্বিন্যাস ব্যতিক্রমের পরিবর্তে নিয়ম হিসাবে স্বায়ত্তশাসনকে চিত্রিত করে, কিন্তু সুগীরথরাজ বলে, এই সংস্করণগুলি সাম্প্রতিক উৎস।",,773e1b820203,1337
250,SUPPORTED,gold,,,"প্রতিষ্ঠানটি দাবি করছে যে, চীনা ভিন্নমতাবলম্বী ছাড়াও সাংবাদিক, গণিতবিদ এবং প্রযুক্তিবিদ হিসেবে যারা যুক্তরাষ্ট্র, তাইওয়ান, ইউরোপ, অস্ট্রেলিয়া এবং দক্ষিণ আফ্রিকা থেকে এসেছে তারাই উইকিলিকসের সমৃদ্ধিতে ভূমিকা রাখছেন।","উইকিলিকসের ওয়েবসাইট 4 অক্টোবর 2006 সালে নিবন্ধিত হয়। উইকিলিকস ইন্টারনেটে প্রথম তথ্য প্রদর্শন করে ডিসেম্বর 2006 সালে। প্রতিষ্ঠানটি দাবি করছে যে, চীনা ভিন্নমতাবলম্বী ছাড়াও সাংবাদিক, গণিতবিদ এবং প্রযুক্তিবিদ হিসেবে যারা যুক্তরাষ্ট্র, তাইওয়ান, ইউরোপ, অস্ট্রেলিয়া এবং দক্ষিণ আফ্রিকা থেকে এসেছে তারাই উইকিলিকসের সমৃদ্ধিতে ভূমিকা রাখছেন। উইকিলিকসের প্রতিষ্ঠাতা হিসেবে সঠিকভাবে কাউকেই চিহ্নিত করা যায়নি। তবে ওয়েবসাইটে জুলিয়ান এ্যাসেঞ্জ ও সহকর্মীদেরকে উপস্থাপন করা হয়। এ্যাসেঞ্জ নিজেকে উইকিলিকসের উপদেষ্টা পরিষদের সদস্য হিসেবে দাবী করেন। দি অস্ট্রেলিয়ান পত্রিকায় প্রকাশিত প্রতিবেদনে এ্যাসেঞ্জকে উইকিলিকসের প্রতিষ্ঠাতা হিসেবে লেখা হয়। ওয়্যার্ড ম্যাগাজিনের তথ্য মতে জানা যায়, একজন স্বেচ্ছাসেবীর মতে ""এ্যাসেঞ্জের ভূমিকা হচ্ছে - প্রতিষ্ঠানটির হৃদয় ও আত্মা হিসেবে যাতে তিনি একজন প্রতিষ্ঠাতা, দার্শনিক, মুখপাত্র, সঠিক বিনিময়কারী, উদ্যোক্তা, অর্থলগ্নিকারী এবং এক কথায় সবকিছু।"" জুন, 2009 সালে 1,200 এরও বেশি নিবন্ধনকারী স্বেচ্ছাসেবী ছিল এবং উপদেষ্টা পরিষদে এ্যাসেঞ্জ-সহ ফিলিপ এডামস্, ওয়াং ড্যান, সি.জে. হিঙ্ক, বেন লরি, আশি ন্যামগিয়াল খামসিতসাং, জিয়াও কিয়াং, চিকো হুয়াইটেকার এবং ওয়াং ইয়োকাই ছিলেন। বর্ণিত তালিকা মোতাবেক মাদার জোনস ম্যাগাজিন 2010 সালে খামসিতসাংয়ের সাথে যোগাযোগ করলে তিনি জানান ",,773e1b820203,1337
251,SUPPORTED,gold,,,একুশে টেলিভিশন বা ইটিভি বাংলাদেশের একটি বেসরকারি টেলিভিশন সম্প্রচার কেন্দ্র।,"একুশে টেলিভিশন বা ইটিভি বাংলাদেশের একটি বেসরকারি টেলিভিশন সম্প্রচার কেন্দ্র। 2000 সালের 14ই এপ্রিল এটি সম্প্রচার কার্যক্রম শুরু করে। প্রথমদিকে এটি উন্মুক্ত টেরিষ্টোরিয়াল টেলিভিশন কেন্দ্র হিসেবে সম্প্রচার শুরু করে। টিভি চ্যানেলটির খবরে নতুনত্ব ও অভিনবত্ব থাকার কারণে দর্শকদের কাছে বিপুল জনপ্রিয়তা লাভ করে। শুরুতে টিভি চ্যানেলটির ব্যবস্থাপনা পরিচালক ছিলেন সাইমন ড্রিং এবং বার্তা প্রধান ও পরিচালক ছিলেন মিশুক মুনীর। টিভি সাংবাদিক হিসেবে জ ই মামুন, মুন্নী সাহা, সামিয়া জামান, সামিয়া রহমান প্রমুখ জনপ্রিয়তা অর্জন করেন।

2002 সালের 29শে আগস্ট টিভি কেন্দ্রটি সম্প্রচার আইন লঙ্ঘনজনিত মামলার কারণে বন্ধ করে দেয়া হয়। পরবর্তীতে 2005 সালের 14ই এপ্রিল পুনরায় সম্প্রচারের অনুমতি লাভ করলেও উন্মুক্ত সম্প্রচার ক্ষমতা বিলোপ করা হয়। 2007 সালের 29শে মার্চ থেকে টিভি কেন্দ্রটি বর্তমানে পূর্ণাঙ্গভাবে তাদের সম্প্রচার কার্যক্রম চালাচ্ছে। টেলিভিশন চ্যানেলটির বর্তমান চেয়ারম্যান হিসেবে রয়েছেন - মোঃ সাইফুল আলম ও অনুষ্ঠান পরিচালক আতিকুল ইসলাম খান।",,773e1b820203,1337
252,SUPPORTED,gold,,,"তিনি হ্যারি পটারের চারটি ছবিতে অভিনয় করেন।তিনি 2010 এবং 2011 সালে চূড়ান্ত দুটি ছবিতে একটি প্রধান চরিত্রে পরিণত হন।তিনি অভিনয় চালিয়ে যাচ্ছেন এবং একাধিক স্ক্লেরোসিস সোসাইটি অফ আয়ারল্যান্ড এবং দ্য হ্যারি পটার অ্যালায়েন্সের মতো প্রতিষ্ঠানের পক্ষে দাতব্য কাজ করেন, যার মধ্যে তিনি বোর্ডের উপদেষ্টা সদস্য।","ইভানা পেট্ৰিচিয়া লিঞ্চ (জন্ম: 16 আগস্ট, 1991) একজন আয়ারল্যান্ডীয় অভিনেত্ৰী। লিঞ্চ মূলতঃ হ্যারি পটার (চলচ্চিত্র ধারাবাহিক) এর লুনা লাভগুড চরিত্রে অভিনয় করে বিখ্যাত। সে সময় তার বয়স ছিল 14 বছর। হ্যারি পটারের শেষ চারটি চলচ্চিত্র এবং তাদের টাই-ইন ভিডিও গেমগুলির পাশাপাশি তিনি মিউজিকাল এ ভেরি পটার সিনিয়র বছরেও অভিনয় করেছিলেন।

লিঞ্চের এখন ফেসবুকের আনুষঙ্গিক সামগ্রীতে লগ ইন করার জন্য অডিওবুক ব্লগ রয়েছে।তিনি হ্যারি পটার অ্যালায়েন্স বা দ্য হ্যারি পটার অ্যালায়েন্স নামে পরিচিত অলাভজনক প্রোগ্রামটির একজন সদস্য।

আয়ারল্য়ান্ডের কাউন্টি লাউথ শহরের টাৰ্মনফেকিনে ইভানার জন্ম। তার পিতা মাতা হলেন ডনেল লিঞ্চ ও মাৰ্গারেট।তার ছজনের পরিবার লিঞ্চের এমিলি ও মাইরেড নামে দুই বোন ও পেট্ৰিক নামে এক ভাই আছে। শৈশবেই লিঞ্চ হ্যারি পটার সিরিজটি পড়ে ফ্যান হয়ে যান লিঞ্চ লেখক জে কে রোলিংকে চিঠি পাঠিয়েছিলে। এগার বছর বয়সে প্ৰায় দুবছর ধরে লিঞ্চ এন'রেক্সিয়া রোগে ভুগেছিলেন। সেই সময় রোলিং পত্ৰযোগে লিঞ্চক উৎসাহ দিয়েছিলেন। এজন্য লিঞ্চ রোলিংককে তার একজন পরামৰ্শদাতা বলেছেন।

তিনি 2004 সালের জুন পর্যন্ত টার্মোনফেকিনের কার্টাউন ন্যাশনাল স্কুলে পড়াশোনা করেছেন এবং তারপরে দ্রোগেদার আওয়ার লেডি কলেজে চলে যান যেখানে তার বাবা উপ-অধ্যক্ষ ছিলেন। 2008 সালে লিঞ্চ গ্লাসনভিনে প্রতিভাশালী কিশোর-কিশোরীদের জন্য গ্রীষ্মের একটি",,773e1b820203,1337
253,CONTRADICTED,unit,মিলিমিটার,একর,"ইউরোপ, উত্তর আমেরিকা, পূর্ব এশিয়া এবং স্বাগতিক দেশ চিলির আন্তর্জাতিক অংশীদারত্বে স্থাপিত আতাকামা লার্জ একর এ্যারে বর্তমান বিশ্বের সবচেয়ে তাৎপর্যপূর্ণ ও গুরুত্বপূ্র্ণ এক মহাকাশ বিদ্যা -প্রকল্প।","আতাকামা লার্জ মিলিমিটার অ্যারে বা আলমা চিলির আতাকামা মরুভূমির কাইনান্তোর উপত্যকায় স্থাপিত একটি বেতার দুরবিন যা দিয়ে বিভিন্ন জ্যোতির্বৈজ্ঞানিক বস্তু থেকে আসা মিলিমিটার ও সাবমিলিমিটার তরঙ্গদৈর্ঘ্যের বিকিরণ শনাক্ত করা সম্ভব। ইউরোপ, উত্তর আমেরিকা, পূর্ব এশিয়া এবং স্বাগতিক দেশ চিলির আন্তর্জাতিক অংশীদারত্বে স্থাপিত আতাকামা লার্জ মিলিমিটার এ্যারে বর্তমান বিশ্বের সবচেয়ে তাৎপর্যপূর্ণ ও গুরুত্বপূ্র্ণ এক মহাকাশ বিদ্যা -প্রকল্প। চিলির আতাকামা মরুভূমির 5 কিমি উচ্চতায় স্থাপিত কাইনান্তোর উপত্যকায় প্রতিষ্ঠিত এই বেতার দূরবীনে রয়েছে 66 টি অতি সূক্ষ রিজোলিউশানের এন্টেনা যার সাহায্যে একসাথে ব্যতিচারমিতিক (ইন্টারফেরোমেট্রি) প্রক্রিয়ায় একটি বস্তু পর্যবেক্ষণ করা যাবে। অধিকাংশ দুরবিনের এন্টেনার ব্যাসই 12 মিটার, তবে কিছু 7 মিটার ব্যাসের এন্টেনাও রয়েছে। পূর্বকালীন মহাকাশের বিভিন্ন নক্ষত্র-জন্মের বিস্তৃত বিবরণ সরবরাহ করবে এই আতাকামা লার্জ মিলিমিটার এ্যারে। মহাজাগতিক নিয়মে মহাকাশের যে সকল নক্ষত্রেরা হারিয়ে গেছে, তাদের জন্ম-বিস্তৃতির বিস্তারিত প্রতিমূর্তি তুলে ধরাই আতাকামা লার্জ মিলিমিটার এ্যারের মূল লক্ষ্য।
2011 সালের দ্বীতিয়ার্ধে আতাকামা লার্জ মিলিমিটার এ্যারে তার বৈজ্ঞানিক পর্যবেক্ষণ শুরু করে এবং 3 রা মার্চ,2011 প্রথমবারের মতো সংবাদ-মাধ্যমে আতাকামা লার্জ মিলিমিটার এ্যারের পর্যবেক্ষণের প্রতিচ্ছব",,773e1b820203,1337
254,SUPPORTED,gold,,,কিন্তু বিশ্বায়নের ইতিহাসের বৃহৎ অংশ জুড়ে রয়েছে বিতর্ক ও কূটনীতি।,"বিশ্বায়ন বা ভুবনায়ন বিংশ শতকের শেষভাগে উদ্ভূত এমন একটি আন্তর্জাতিক অবস্থা যাতে পৃথিবীর বিনিয়োগ, কর্মসংস্থান, উৎপাদন ও বিপণন ব্যবস্থা দৈশিক গণ্ডি ছাড়িয়ে আন্তঃদেশীয় পরিসরে পরিব্যাপ্তি লাভ করেছে। এর ফলে সারা বিশ্ব একটি পরিব্যাপ্ত সমাজে পরিণত হয়েছে এবং অভিন্ন বিনিয়োগ,কর্মসংস্থান,উৎপাদন ও বিপণন প্রক্রিয়ায় বিভিন্ন দেশ যুগপৎ অংশ গ্রহণ করছে। পরিবহন ও যোগাযোগ প্রযুক্তির উন্নয়নের ফলে বিশেষ করে 1800 শতকের প্রথমার্ধে বাষ্পীয় পোত ও টেলিগ্রাফের উন্নয়নের পর থেকে বিশ্বব্যাপী মানুষ বা কোম্পানিগুলোর মধ্যে ব্যাপক মাত্রায় মিথস্ক্রিয়া বৃদ্ধির যে প্রবণতা সৃষ্টি হয়েছে, তাকে বিশ্বায়ন বলে। জাতিরাষ্ট্রসমূহ ও লোকজনের মধ্যে মিথস্ক্রিয়া বৃদ্ধি পাওয়ায় আন্তর্জাতিক পর্যায়ে বাণিজ্য, চিন্তাভাবনা ও সংস্কৃতির বিকাশ ঘটেছে। প্রাথমিকভাবে বিশ্বায়ন হচ্ছে অর্থনৈতিক প্রক্রিয়ার সমন্বয়, যার রয়েছে সামাজিক ও সাংস্কৃতিক অভিমুখ। কিন্তু বিশ্বায়নের ইতিহাসের বৃহৎ অংশ জুড়ে রয়েছে বিতর্ক ও কূটনীতি।

অর্থনৈতিক দিক থেকে বিশ্বায়নের অন্তর্ভুক্ত রয়েছে পণ্য, পরিসেবা এবং পুঁজি, প্রযুক্তি ও উপাত্তের অথর্নৈতিক সম্পদ। বাষ্পীয় শকট, বাষ্পীয় পোত, জেট ইঞ্জিন এবং কনটেইনারবাহী জাহাজ ইত্যাদি পরিবহনের ক্ষেত্রে কতিপয় সুবিধা নিয়ে এসেছে, সেইসাথে টেলিগ্রাফ-এর আধুনিক প্রজন্ম ইন্টারনেট ও মোবাইল ফোন টেলিযোগাযোগের অবকাঠামোর ক্ষ",,773e1b820203,1337
255,CONTRADICTED,numeral,4,0.3,হ্যারি পটার সিরিজের প্রথম উপন্যাস হ্যারি পটার অ্যান্ড দ্য ফিলোসফার্স স্টোন-এর প্রথম অধ্যায়ে ডাম্বলডোর সারের লিটল হুইঙ্গিং -এর 0.3 নং প্রাইভেট ড্রাইভের ঠিকানায় উপস্থিত হন।,হ্যারি পটার সিরিজের প্রথম উপন্যাস হ্যারি পটার অ্যান্ড দ্য ফিলোসফার্স স্টোন-এর প্রথম অধ্যায়ে ডাম্বলডোর সারের লিটল হুইঙ্গিং -এর 4 নং প্রাইভেট ড্রাইভের ঠিকানায় উপস্থিত হন। এই সময় হ্যারির পিতামাতা লর্ড ভল্ডেমর্টের হাতে নিহত হন এবং ভল্ডেমর্ট দুর্বলতর একটি রূপে রূপান্তরিত হয়ে যান। ডাম্বলডোরের সিদ্ধান্তে সদ্য-অনাথ হ্যারির স্থান হয় ভার্নন ও পেতুনিয়া ডার্সলির সংসারে। ডাম্বলডোর জানতেন যে হ্যারির মায়ের আত্মবিসর্জন ফলে সৃষ্ট একটি বিশেষ জাদু হ্যারিকে রক্ষা করবে। এই কারণে তিনি রক্তসম্বন্ধের জাদুটির আবাহন করেন এবং হ্যারির মাসি পেটুনিয়া ডার্সলে হ্যারিকে তার গৃহে আশ্রয় দিলে সেই জাদুটি কার্যকর হয়। প্রেমবন্ধনের পুরনো জাদুটির ফলে হ্যারির স্পর্শ ভল্ডেমর্টের কাছে অসহনীয় হয়। ডাম্বলডোর হ্যারিকে ডার্সলেদের বাড়ির দোরগোড়ায় রেখে যান। সঙ্গে রেখে যাওয়া একটি চিঠিতে তিনি পুরো পরিস্থিতিটি ব্যাখ্যা করেছিলেন।,,773e1b820203,1337
256,CONTRADICTED,entity,তত্ত্ব,জ্ঞানতত্ত্ব,"সাইবারনেটিক্স শিক্ষাগত প্রযুক্তির উন্নয়নে আলোড়ন সৃষ্টিকারী হয়ে উঠেছে, বিশেষত গর্ডন পাস্কের কাজ, এবং পাস্কের কথোপকথন জ্ঞানতত্ত্ব, আর্নস্ট ভন গ্লাসার্সফেল্ডের র্যাডিক্যাল কনস্ট্রাকটিভিজম এবং গ্রেগরি বেটসনের ডিউটারোলর্নিং ধারণা সহ শেখানো ও শেখার বিষয়গুলোতে।","সাইবারনেটিক্স শিক্ষাগত প্রযুক্তির উন্নয়নে আলোড়ন সৃষ্টিকারী হয়ে উঠেছে, বিশেষত গর্ডন পাস্কের কাজ, এবং পাস্কের কথোপকথন তত্ত্ব, আর্নস্ট ভন গ্লাসার্সফেল্ডের র্যাডিক্যাল কনস্ট্রাকটিভিজম এবং গ্রেগরি বেটসনের ডিউটারোলর্নিং ধারণা সহ শেখানো ও শেখার বিষয়গুলোতে।
গবেষণার ক্ষেত্র হিসাবে ব্যবস্থাপনাটি অনেকগুলি সিস্টেম (প্রায়শই ব্যবসায়িক সিস্টেম) পরিচালনা করার কাজটিকে সম্পূর্ণ করে যা সাইবারনেটিক্সের ক্লাসিক্যাল ধারণাগুলির সাথে একটি ব্যাপক প্রাকৃতিক বিস্তার লাভ করাকে উপস্থাপন করে। ম্যানেজমেন্ট সাইবারনেটিক্সের মধ্যে স্ট্যাফোর্ড বিয়ারের কার্যকর সিস্টেম মডেল এবং সিন্টেগ্রেশনের মতো পদ্ধতিগুলি অন্তর্ভুক্ত রয়েছে।
আর ডি লিং এর মতই,গ্রেগরি বেটসনের কাজের মাধ্যমে পারিবারিক থেরাপির বিকাশ লাভ সাইবারনেটিক্স দ্বারা উল্লেখযোগ্যভাবে প্রভাবিত হয়েছিল।
মাত্রার পদ্ধতি হল ইন্দ্রিয়গ্রাহ্য নিয়ন্ত্রণ তত্ত্বের উপর ভিত্তি করে সাইকোথেরাপির একটি পদ্ধতি যেখানে থেরাপিস্টের লক্ষ্য হল রোগীকে তাদের সচেতনতাকে দ্বন্দ্বের সমাধান করতে এবং পুনর্গঠনের অনুমতি দেওয়ার জন্য তাদের সচেতনতাকে উচ্চতর স্তরে স্থানান্তর করতে সহায়তা করা।
সাইবারনেটিক্সের একটি স্বতন্ত্র গুণ, বিশেষত ব্রিটিশ সাইবারনেটিশিয়ানরা যেমন উন্নয়ন করেছেন তা হলো এটি প্রায়শই পরীক্ষামূলক ডিভাইস এবং সামাজিক প্রকল্পগুলির মাধ্যমে অগ্রসর হয়েছিল। উল্লেখযোগ্য উদাহরণগুলির ",,773e1b820203,1337
257,CONTRADICTED,unit,কিলোমিটার,ডলার,এই করিডরের মোট দৈর্ঘ্য 2800 ডলার।,"বাংলাদেশ-চীন-ভারত-মায়ানমার অর্থনৈতিক করিডর বা বিসিআইএম অর্থনৈতিক করিডর হল ভারত, চীন, বাংলাদেশ ও মায়ানমারের মধ্যে প্রস্তাবিত একটি অর্থনৈতিক করিডোর। এই করিডর প্রধানত সড়ক পথের দ্বারা গড়ার কথা হয়। এই করিডরের মোট দৈর্ঘ্য 2800 কিলোমিটার। 2015 সালে, চীন বেল্ট অ্যান্ড রোড ইনিশিয়েটিভের অংশ হিসাবে বৈশ্বিক সংযোগের উদ্যোগের জন্য করিডোরটির প্রস্তাব করে। বিআরআই প্রথম থেকেই ভারত বয়কট করে। 2012 সালের মে মাসে বিসিআইএম'কে 3য় করিডোর এবং প্রকল্পগুলির তালিকায় দ্বিতীয় বেল্ট অ্যান্ড রোড ফোরামে অংশ নেওয়া রাষ্ট্রীয় নেতাদের দ্বারা জারি করা একটি যৌথ আলোচনায় উল্লেখ করা হয়নি, যা বিসিআইএম'কে বিআরআই থেকে বাদ দেওয়া হয়েছে বলে ইঙ্গিত দেয়। একই বছরে ভারত ইউসি'র 13তম বিসিআইএম ফোরামে একটি প্রতিনিধি প্রেরণ করে বিসিআইএম'কে অক্ষত রাখতে চায়, যদিও করিডোর বিআরআই'য়ের পূর্বাভাস দেয়। প্রস্তাবিত করিডোরটি এই অঞ্চলে সড়ক, রেল, জল এবং বিমান সংযোগের মধ্য দিয়ে চীন ইউনান প্রদেশ, বাংলাদেশ, মায়ানমার ও পূর্ব ভারতের পশ্চিমবঙ্গে প্রায় 440 মিলিয়ন মানুষকে ধারণ করে 16.65 মিলিয়ন বর্গকিলোমিটার এলাকা জুড়ে থাকবে। বিসিআইএম পণ্য, পরিষেবা ও জ্বালানি, বাজারজাতকরণ ব্যতীত বাধা নির্মূল, উন্নত বাণিজ্যের সহজলভ্যতা, অবকাঠামো উন্নয়নে বিনিয়োগ এবং খনিজ, জল ও অন্যান্য প্রাকৃতিক সম্পদের যৌথ অনুসন্ধান ও বিকাশের জন্য বৃহত্তর বাজারে প্র",,773e1b820203,1337
258,CONTRADICTED,date,1984,1890,1890 সালে অ্যাপল ম্যাকিন্টশ লঞ্চ করলো।,"1984 সালে অ্যাপল ম্যাকিন্টশ লঞ্চ করলো। কোন প্রোগ্রামিং ভাষা ছাড়া এটিই ছিলো প্রথম পার্সোনাল কম্পিউটার। ম্যাকিন্টশের প্রথম টিভি কমার্শিয়াল বেশ জনপ্রিয়তা পায় ও সিএনএন এটাকে মাস্টারপিস বলে অভিহিত করে।
প্রাথমিকভাবে ম্যাকিন্টশ বেশ ভালো বিক্রি হয়, কিন্তু পরবর্তীতে উচ্চমূল্য ও সীমাবদ্ধ সফটওয়্যার টাইটেলের জন্যে এর বিক্রি হ্রাস পেতে থাকে লেজাররাইটার, প্রথম পোস্টস্ক্রিপ লেজার প্রিন্টার, ও অ্যাডোবে পেজমেকার, প্রথমদিককার একটি ডেস্কটপ পাবলিশার ম্যাকিন্টশনের ভাগ্যে পরিবর্তন আনে। বলা হয়ে থাকে যে, এ তিনটি পণ্যের সম্মিলনই ডেস্কটপ পাবলিশিঙের একটি বাজার তৈরি করে। উন্নত গ্রাফিক সক্ষমতার জন্যে ম্যাকিন্টশ বেশ স্বকীয় ও পাওয়ারফুল ছিলো, ম্যাকিন্টশ গুই-এর জন্যেও যে সক্ষমতার প্রয়োজন ছিলো।
1985 সালে, জবস ও তৎকালীন প্রধান নির্বাহী কর্মকর্তা জন স্কুলির মধ্যে ক্ষমতা নিয়ে দ্বন্দ্ব শুরু হয়। অ্যাপল বোর্ড অব ডিরেক্টর স্কুলিজে জবসকে নিয়ন্ত্রণে আনতে বললেন। তার বদলে জবসকে তার অবস্থান থেকে বিতারিত করার সিদ্ধান্ত নিলেন। কিন্তু বোর্ড অব ডিরেক্টর স্কুলির পক্ষ নিলেন ও ব্যবস্থাপনা থেকে জবসকে বিতাড়িত করলেন। এই বছরই জবস অ্যাপল থেকে অবসর নেন ও নেক্সট ইনকর্পোরেটেড গঠন করেন। ওজনিয়াকও 1985 সালে অন্য ভেঞ্চার কিনে নিতে অ্যাপল ছেড়ে যান, বলেন যে, ""গত পাঁচ বছর ধরে কোম্পনিটি ভুল পথে যাচ্ছে।""
অ্যাপল ইনকর্পোরেটেড এর সদর দপ্",,773e1b820203,1337
259,CONTRADICTED,polarity,,না,"বিবাহযোগ্য মেয়ে কেনা হচ্ছে ভারতের বিভিন্ন অঙ্গরাজ্য, যেমন, হরিয়ানা, ঝাড়খণ্ড, এবং পাঞ্জাব ইত্যাদিতে অতি সাধারণ ব্যাপার না।","কন্যা কেনা অথবা বিবাহযোগ্য মেয়ে খরিদ করা হল সম্পদ হিসেবে 'বিবাহযোগ্য মেয়ে খরিদ করা' একট শিল্প অথবা ব্যবসা এবং সময়মতো যে সম্পদ পুনরায় ব্যবসা করার জন্যে বেচকেনা করা যায়। অন্যান্যদের কাছে বিবাহযোগ্য মেয়ে কেনা এবং বেচা হল ভারত এবং চিন দেশের মেয়ে বিক্রেতা ও মেয়ে ক্রেতাদের অভ্যাস। এই অভ্যাসকে বলা হয় এক ধরনের 'সুবিধের বিবাহ' কিন্তু এই ধরনের অভ্যাস বিশ্বের অনেক দেশেই বেআইনি করা হয়েছে।

বিবাহযোগ্য মেয়ে কেনা হল ভারতের বিভিন্ন অঞ্চলের একটা বহু পুরোনো অভ্যাস। বিবাহযোগ্য মেয়ে কেনা হচ্ছে ভারতের বিভিন্ন অঙ্গরাজ্য, যেমন, হরিয়ানা, ঝাড়খণ্ড, এবং পাঞ্জাব ইত্যাদিতে অতি সাধারণ ব্যাপার। সিএনন-আইবিএন তথ্য অনুযায়ী ভারতের বিভিন্ন অঞ্চল জুড়ে মহিলাদেরকে 'কেনা, বেচা, পাচার করা, ধর্ষণ করা এবং তাদের বিনা অনুমতিতে বিয়ে' করা হয়। বিহার, অসম এবং পশ্চিমবঙ্গ থেকে সাধারণত বিবাহযোগ্য মেয়েদের সংগ্রহ করা হয়ে থাকে। যদি বিক্রেতার কাছ থেকে কেনা হয় তাহলে কন্যার দর পড়ে (ঝাড়খণ্ডে আঞ্চলিকভাবে বলা হয় 'পরোস') সম্ভবত 4,000 থেকে 30,000 ভারতীয় টাকা, যেটা 88 থেকে 660 আমেরিকান ডলার কন্যার মাবাবাকে সাধারণত দেওয়া হয় গড়ে 500 থেকে 1000 ভারতীয় টাকা (আমেরিকান ডলারে 11 থেকে 22এর আশপাশ)। পুরুষের তুলনায় মহিলার সংখ্যা কম হওয়ায় কন্যা কেনার কারণ হিসেবে মনে করা হয়। এই অনুপাত কম হওয়াই পালাক্রমে বেশির ভাগ ভারতীয় মাব",,773e1b820203,1337
260,CONTRADICTED,entity,মুক্তিযুদ্ধ,রয়েল,1971-এর 21শে নভেম্বর রয়েল চলাকালে বাংলাদেশের সামরিক বাহিনী গঠিত হয়।,"বাংলাদেশ স্বশস্ত্র বাহিনী হচ্ছে বাংলাদেশের সামরিক বাহিনী যা সেনা, নৌ ও বিমান বাহিনীর সদস্যদের সমন্বয়ে গঠিত। পাশাপাশি বর্ডার গার্ড বাংলাদেশ এবং বাংলাদেশ কোস্ট গার্ডসহ অন্যান্য আধা সামরিক বাহিনীগুলো সাধারণ সময়ে স্বরাষ্ট্র মন্ত্রণালয়ের অধীনে থাকে, তবে যুদ্ধকালীন সময়ে তারা বাংলাদেশ সেনাবাহিনী এবং বাংলাদেশ নৌবাহিনীর অধীনে পরিচালিত হয়।

বাংলাদেশের রাষ্ট্রপতি সামরিক বাহিনীর সর্বাধিনায়ক এবং প্রতিরক্ষা মন্ত্রনালয় হল প্রধান প্রশাসনিক প্রতিষ্ঠান যেখানে সামরিক আইন তৈরী ও বাস্তবায়ন করা হয়। বর্তমানে বাংলাদেশের প্রধানমন্ত্রীই বাংলাদেশের প্রতিরক্ষা মন্ত্রী। সামরিক নীতিমালা এবং কূটনৈতিক সিদ্ধান্ত গ্রহণে সহায়তা প্রদানের জন্য রাষ্ট্রপতি এবং প্রধানমন্ত্রীর একটি ছয় সদস্যবিশিষ্ট একটি উপদেষ্টা কমিটি রয়েছে। এই উপদেষ্টা কমিটির সদস্যরা হলেন বাংলাদেশ সামরিক বাহিনীর অন্তর্গত তিন বাহিনীর প্রধান, সামরিক বাহিনী বিভাগের প্রধান নির্বাহী কর্মকর্তা এবং রাষ্ট্রপতি ও প্রধানমন্ত্রীর সামরিক সচিবগণ। এছাড়া এনএসআই, ডিজিএফআই, এবং বিজিবি এর সাধারণ পরিচালকগণ এই উপদেষ্টা পদের ক্ষমতাপ্রাপ্ত।

1971-এর 21শে নভেম্বর মুক্তিযুদ্ধ চলাকালে বাংলাদেশের সামরিক বাহিনী গঠিত হয়। এ কারণে এই দিনটিকে স্বশস্ত্র বাহিনী দিবস হিসাবে পালন করা হয়। এই দিনে বঙ্গভবন,সামরিক বাহিনী সদর দফতর, ঢাকা সেনানিবাস এবং দেশের প্রতিটি সামরিক প্রতিষ্ঠ",,773e1b820203,1337
261,SUPPORTED,gold,,,প্রাচীন রোমের এক্টা ডিওরনা বা সরকারের তরফে জুলিয়াস সিজার কর্তৃক ঘোষিত ইস্তেহার জনগণের উদ্দেশ্যে তৈরী করতেন।,"সপ্তদশ শতকের শুরুর দিকে সংবাদপত্রের সূচনা ঘটে। এর পূর্বে সংক্ষিপ্ত সরকারি ঘোষণা বা ইস্তেহার এবং রাজার আজ্ঞা প্রধান প্রধান নগরগুলোতে প্রকাশিত হতো। প্রথম লিখিতভাবে সংবাদ বা খবরের ব্যবহার মিশরে সু-সংগঠিতভাবে প্রবর্তন হয়েছিল। খ্রীষ্ট-পূর্ব 2400 বছর পূর্বে ফারাও শাসন আমলে বর্তমানকালের জনপ্রিয় সংবাদ মাধ্যম কুরিয়ার সার্ভিসের আদলে রাজ্যের বিভিন্ন অঞ্চলে প্রসারনের উদ্দেশ্যে ডিক্রী বা আদেশনামা প্রচারের ব্যবস্থা করা হতো।

প্রাচীন রোমের এক্টা ডিওরনা বা সরকারের তরফে জুলিয়াস সিজার কর্তৃক ঘোষিত ইস্তেহার জনগণের উদ্দেশ্যে তৈরী করতেন। এগুলো ধাতব পদার্থ অথবা পাথরের সাহায্যে জনগণের সম্মুখে প্রচার করা হতো।

চীনের সরকারশাসিত প্রথমদিককার সময়ে সংবাদ শীট আকৃতিতে তৈরী করা হতো। এটি টিপাও নামে পরিচিত ছিল। দ্বিতীয় ও তৃতীয় শতাব্দীতে হ্যান রাজবংশের শেষদিককার সময়কালে আদালতের জন্য প্রচারের ব্যবস্থা করা হতো। 713 থেকে 734 খ্রীষ্টাব্দের মধ্যে ত্যাং রাজবংশের আমলে কাইয়ুন জা বাও (আদালতের ইস্তেহার) নামে সরকারীভাবে সংবাদ প্রকাশ করা হয়েছিল। এটি সিল্কের উপর হস্তলিখিত ছিল। সরকারী কর্মীরাই এটি প্রচারের উদ্দেশ্যে পড়ার জন্য অনুমতিপ্রাপ্ত ছিল। 1582 সালে মিং রাজত্বকালের শেষদিকে ব্যক্তিগতভাবে সংবাদ প্রকাশের প্রথম তথ্যসূত্র প্রয়োগের উল্লেখ করা হয়।

আধুনিক ইউরোপের শুরুর দিকে আন্তঃসীমান্ত এলাকায় পারস্পরিক সম্পর্ক বৃদ্ধি",,773e1b820203,1337
262,CONTRADICTED,numeral,100,69,"কিছু সময়ে, এর বেশিরভাগ কর্মীরা তার বুক-স্ক্যানিং কেন্দ্রগুলিতে কাজ করত; 2019 অনুসারে, স্ক্যানিং বিশ্বব্যাপী 69 প্রদেয় অপারেটর দ্বারা সঞ্চালিত হয়।","ইন্টারনেট আর্কাইভ বা ইন্টারনেট সংরক্ষণাগার হল একটি মার্কিন ডিজিটাল লাইব্রেরি যা ""সমস্ত জ্ঞানের সর্বজনীন প্রবেশাধিকার"" এর বর্ণিত স্লোগান। এটি ওয়েবসাইট, সফটওয়্যার অ্যাপ্লিকেশন/গেমস, সঙ্গীত, সিনেমা/ভিডিও, চলমান চিত্র এবং কয়েক লক্ষ বই সহ ডিজিটাইজড উপকরণগুলোর সংগ্রহে 
বিনামূল্যগণপ্রবেশাধিকার স সরবরাহ করে। এর সংরক্ষণাগাকাজশন ছাড়াও, সংরক্ষণাগারটি একটি সক্রিয় সংগঠন, একটি ফ্রি এবমুক্তেন ইন্টারনেটের পক্ষআন্দোলন করেছে। 
ইন্টারনেট সংরক্ষণাগার জনসাধারণকে এটির ডেটা ক্লাস্টারে ডিজিটাল উপাদান আপলোড এবং ডাউনলোড করতে দেয়, তবে এর প্রচুর উপাত্ত তার ওয়েব ক্রলার দ্বারা স্বয়ংক্রিয়ভাবে সংগ্রহ করা হয়, যা যতটা সম্ভব পাবলিক ওয়েবের সংরক্ষণের জন্য কাজ করে। এর ওয়েব সংরক্ষণাগার, ওয়েব্যাক মেশিনে শত শত বিলিয়ন ওয়েব ক্যাপচার রয়েছে। সংরক্ষণাগারটি বিশ্বের বৃহত্তম বুক ডিজিটাইজেশন প্রকল্পগুলির একটিও তদারকি করে। 
সংরক্ষণাগারটি একটি 501(সি)(3) মার্কিন যুক্তরাষ্ট্রের অলাভজনক অপারেটিং সিস্টেম। এর বার্ষিক বাজেট $10 মিলিয়ন, বিভিন্ন উৎস থেকে প্রাপ্ত অনুদানের মাধ্যমে সংগ্রিত হয় যেমন এর ওয়েব ক্রলিং পরিষেবাগুলির থেকে, বিভিন্ন অংশীদারত্ব, অনুদান, অনুদান এবং কাহলে-অস্টিন ফাউন্ডেশন থেকে আয় করে থাকে ইন্টারনেট সংরক্ষণাগারটি পর্যায়ক্রমিক তহবিল সংগ্রহের জন্য প্রচার-প্রচারণা পরিচালনা করে থাকে, যেমনটি 2019 সালের ডিসেম",,773e1b820203,1337
263,CONTRADICTED,polarity,,না,অলক্ষ্মী বিদায় হল দীপাবলির সন্ধ্যায় বাংলার বিভিন্ন অঞ্চলে হিন্দু রমণীদের দ্বারা কৃত অনুষ্ঠান বিশেষ।পূর্ববঙ্গে কিছু কিছু অঞ্চলে আশ্বিন সংক্রান্তিতে গাড়শি ব্রত পালন করে অলক্ষ্মী বিদায় ও লক্ষ্মী বরণ করা হয় না।,"অলক্ষ্মী বিদায় হল দীপাবলির সন্ধ্যায় বাংলার বিভিন্ন অঞ্চলে হিন্দু রমণীদের দ্বারা কৃত অনুষ্ঠান বিশেষ।পূর্ববঙ্গে কিছু কিছু অঞ্চলে আশ্বিন সংক্রান্তিতে গাড়শি ব্রত পালন করে অলক্ষ্মী বিদায় ও লক্ষ্মী বরণ করা হয়। অলক্ষ্মীকে অমঙ্গল ও অশুভের প্রতীক বলে মনে করা হলেও এই অলক্ষ্মীই হলেন অন্যব্রতদের লক্ষ্মী বা শস্যদেবতা। মাতৃশক্তির জ্যেষ্ঠা রুপকে বিদায় দিয়ে লক্ষ্মীরূপকে বরণ করা হয়। বাম হাতে গোবর নিয়ে দেবীর চোখের জায়গায় দু'টি কড়ি, সর্বাঙ্গে ছেঁড়া চুল দিয়ে অলক্ষ্মীর মূর্তি নির্মাণ করা হয়। মূর্তিকে ঘরের ভিতর আনা হয় না। উঠানের এক কোণে অলক্ষ্মীর মূর্তি রেখে বাম হাতে ফুল নিয়ে পূজা করা হয়। পূজা শেষে মেয়েরা কুলো পিটাতে পিটাতে মূর্তিটি তেমাথায় নিয়ে যায়। সেখানে পাটকাঠি জ্বালিয়ে সমবেত কন্ঠে অলক্ষী বাইরে যা, লক্ষী ঘরে আয় বা লক্ষ্মী আয়, অলক্ষ্মী যা ধ্বনি সহকারে মূর্তিটি ফেলে দেওয়া হয়। এরপর গৃহিণীরা গৃহে ফিরে লক্ষ্মীর পূজা করে।",,773e1b820203,1337
264,CONTRADICTED,date,18,1842,"আলেসান্দ্রো গিউসিপ্পে এন্টনিও আনাস্তাসিও ভোল্টা (জন্ম: 1842 ফেব্রুয়ারি, 1745 - মৃত্যু: 5 মার্চ, 1827) ইতালীয় পদার্থবিজ্ঞানী হিসেবে বিদ্যুৎ শক্তি উদ্ভাবনে পথিকৃৎ ছিলেন।","আলেসান্দ্রো গিউসিপ্পে এন্টনিও আনাস্তাসিও ভোল্টা (জন্ম: 18 ফেব্রুয়ারি, 1745 - মৃত্যু: 5 মার্চ, 1827) ইতালীয় পদার্থবিজ্ঞানী হিসেবে বিদ্যুৎ শক্তি উদ্ভাবনে পথিকৃৎ ছিলেন। অষ্টাদশ শতকে প্রথম ব্যাটারী বা বিদ্যুৎ কোষ আবিষ্কারের মাধ্যমে তিনি চীরস্মরণীয় হয়ে রয়েছেন। তিনি কোমোয় জন্মগ্রহণ করেন। সেখানকার এক সরকারি বিদ্যালয়ে পড়াশোনা করেছেন। 1774 সালে কোমো'র রয়্যাল স্কুলে পদার্থবিজ্ঞানের অধ্যাপক হিসেবে নিয়োজিত ছিলেন। এর পরের বছর তিনি ইলেক্ট্রোফোরাস আবিষ্কার করেন যা থেকে তিনি স্থির বিদ্যুৎ উৎপাদনে সক্ষম হয়েছিলেন। তার নামানুসারে এসআই একক পদ্ধতিতে বৈদ্যুতিক বিভবের এককের নাম রাখা হয়েছে ভোল্ট। সুইস সীমান্তের কাছাকাছি বর্তমান ইতালির উত্তরাঞ্চলীয় শহর কোমো'য় 18 ফেব্রুয়ারি, 1745 তারিখে ভোল্টা জন্মগ্রহণ করেন।
ইলেক্ট্রোফরাসের মানোন্নয়নে কাজ করেন এবং এর সাহায্যে স্থির বিদ্যুৎ তৈরী করেন। এ আবিষ্কারটি ছিল ভীষণ ব্যয়বহুল যা একই পদ্ধতিতে 1762 সালে সুইডিশ যোহন উইকের মেশিন পরিচালনার ব্যয়কে হার মানিয়েছিল। গ্যালভানিক ক্রিয়া সংক্রান্ত ব্যাপারে লুইজি গ্যালভানি'র সাথে মতপার্থক্যের কারণে আলেসান্দ্রো ভোল্টা 1800 খ্রীস্টাব্দে আধুনিক ব্যাটারীর প্রাচীন সংস্করণ ভোল্টার স্তুপ তৈরি করেন। ভোল্টা আবিষ্কার করেন যে, বিদ্যুৎ উৎপাদনের জন্য সবচেয়ে কার্যকর ধাতব পদার্থ হচ্ছে দস্তা ও রূপা। 1880-এর দশকে আন্তর্জাতিক বৈদ",,773e1b820203,1337
265,CONTRADICTED,relation_order,জাদুঘর->ক্ল,ক্ল->জাদুঘর,লন্ডনের একটি ক্ল থেকে জাদুঘর ও তার যোগদানকারী এরিক স্টিভেন্স একটি ওয়াকান্ডান নিদর্শন চুরি করে এবং টি'চালা-র বন্ধু ও ওকোয়ে-এর প্রেমিক ও'কাবি ক্ল-কে জীবিত অবস্থায় নিয়ে আনার জন্য টি'চালা-কে পরামর্শ দেন।,"বর্তমান দিনে, টি'চাকা-র মৃত্যুর পর, তার পুত্র টি'চালা শিংসাহনের দায়িত্বগ্রহণ করার জন্য ওয়াকান্ডায় ফিরে আসেন। তিনি এবং ডোরা মিলাজি সৈন্যদলের প্রধান, ওকোয়ে একটি গুপ্ত কাজ থেকে টি'চালা-র প্রাক্তন প্রেমিকা নাকিয়া-কে নিয়ে আনে যাতে তিনি টি'চালা-র মা র্যামন্ডা এবং তার ছোট বোন শুরি-র সাথে তার রাজ্যাভিষেকের আচারানুষ্ঠানে যোগদান করতে পারেন। অনুষ্ঠানে, জাবারি গোষ্ঠীর শাসক এম'বাকু টি'চালা-কে রাজত্যের জন্য আনুষ্ঠানিক যুদ্ধে আহ্বান করেন। টি'চালা এম'বাকু-কে পরাজয় করে এবং মৃত্যুর পরিবর্তে পরাজয় স্বীকার করতে রাজি করান।

লন্ডনের একটি জাদুঘর থেকে ক্ল ও তার যোগদানকারী এরিক স্টিভেন্স একটি ওয়াকান্ডান নিদর্শন চুরি করে এবং টি'চালা-র বন্ধু ও ওকোয়ে-এর প্রেমিক ও'কাবি ক্ল-কে জীবিত অবস্থায় নিয়ে আনার জন্য টি'চালা-কে পরামর্শ দেন। টি'চালা, ওকোয়ে এবং নাকিয়া দক্ষিণ কোরিয়ার বুসানে ভ্রমণ করে, যেখানে ক্ল নিদর্শনটিকে সিয়াইএ এজেন্ট এভারেট কে. রস-এর কাছে বিক্রির পরিকল্পনা করেন। একটি যুদ্ধাস্ত্র ঘটে এবং ক্ল পালাতে সক্ষম হন কিন্তু টি'চালা দ্বারা বন্ধী হয়ে যান, যিনি ক্ল-কে রস-এর হাজতে অনিচ্ছাপূর্বক ছেড়ে দেন। ক্ল রস-এর কাছে বর্ণনা করেন যে ওয়াকান্ডার আন্তর্জাতিক রূপ হলো একটি প্রযুক্তিগত উন্নতর সভ্যতার সম্মুখভাগ মাত্র। এরিক ঘটনাস্থলে হামলা করেন, ক্ল-কে সেখান থেকে নিয়ে চলে যান এবং রস নাকিয়া-কে রক্ষা করার সম",,773e1b820203,1337
266,SUPPORTED,gold,,,তিব্বত-নেপাল লবণ বাণিজ্য পথ হল একটি প্রাচীন তিব্বতীয় মালভূমি এবং নেপালের মধ্য পাহাড়ের মধ্যকার একটি লবণ বাণিজ্যপথ যা নেপাল পর্যন্ত পৌঁছে ভারতের দিকে চলে যায়।,"তিব্বত-নেপাল লবণ বাণিজ্য পথ হল একটি প্রাচীন তিব্বতীয় মালভূমি এবং নেপালের মধ্য পাহাড়ের মধ্যকার একটি লবণ বাণিজ্যপথ যা নেপাল পর্যন্ত পৌঁছে ভারতের দিকে চলে যায়। 1950 সালে গণচীনে তিব্বতের অন্তর্ভুক্তি এবং 1962 সালে চীন-ভারত যুদ্ধ সংঘটিত হওয়ার পর বাণিজ্যের পদ্ধতি বদলে যায় এবং ভারত ও তিব্বতের মাঝে অবস্থিত পুরনো বাণিজ্য পথটির ব্যবহার কমে যাওয়ার পাশাপাশি পথটিতে লবণ বোঝাই ক্যারাভান অচল হয়ে পড়ে। ইতিহাসে দেখা গেছে, নেপালী এবং তিব্বতীয়রা গিরিপথগুলো দিয়ে একে অপরের সাথে বাণিজ্য করতো। বাণিজ্যকৃত সবচাইতে গুরুত্বপূর্ণ পণ্যগুলোর দুটি ছিল তিব্বতের হ্রদ হতে প্রাপ্ত লবণ (যেমন নামটসো), এবং নেপালের মধ্য পাহাড়ের চাল। বহু শতাব্দী ধরে, তিব্বতের লবণ ও উল এবং নেপালের শস্য ও অন্যান্য কৃষি পণ্যের বিনিময় একটি বাণিজ্যিক ভিত্তি তৈরি করে যা ঐতিহ্যগতভাবে বিভিন্ন, অধিকাংশ তিব্বতি-ভাষী সম্প্রদায়ের কাছে ছিল। খ্যাম্পার মতন যাযাবর দল, যাদের নিজেদের কোন জমি ছিলো না, বেঁচে থাকার নিমিত্তে তারা ভেড়া, ছাগল এবং চমরী গাই ব্যবহার করে লবণ ও চাল ক্রয়ে অংশ নিতো। ভারত ও চীনের অন্যান্য পণ্যগুলোও বাণিজ্যে বিক্রি করা হত।
তিব্বতের প্রচুর লবণ থাকলেও তাদের কাছে চাল ছিলো সামান্য, অন্যদিকে দক্ষিণ নেপালে প্রচুর চাল পাওয়া গেলেও লবণের অভাব ছিলো। ব্যবসায়ীরা এই সমস্যা সমাধানে সক্ষম ছিল; তারা তিব্বত থেকে লবণ যতই নিয়ে যেত, তা ততই ",,773e1b820203,1337
267,CONTRADICTED,numeral,61,7.6,এই টার্মিনালটি 7.6 একর জমি নিয়ে গড়ে ওঠছে।,"হলদিয়া মাল্টি মোডেল টার্মিনাল হল পশ্চিমবঙ্গের পূর্ব মেদিনীপুর জেলার বন্দরনগরী হলদিয়ার একটি বার্জ ও ছোট জাহাজের জন্য নির্নিওমান টার্মিনাল।টার্মিনারটি হলদিয়া বন্দরের কাছেই হুগলি নদীতে নির্মিত হচ্ছে। এই টার্মিনালটি 61 একর জমি নিয়ে গড়ে ওঠছে। টার্মিনালটি একটি নদী বন্দর হিসাবে গড়ে তোলা হবে। এই টার্মিনাল নির্মান করছে ভারতীয় অভ্যান্তরিন জলপথ কর্তৃপক্ষ পশ্চিমবঙ্গ ও কলকাতা পোর্ট ট্রাস্ট এর সাহায্যে। এই টার্মিনালটি নির্মিত হলে হলদিয়া থেকে পন্য সহজেই বারানসী পর্যন্ত পাঠানো যাবে জলপথে। 
হলদিয়ায় মাল্টিমোডাল টার্মিনালটি হলদিয়া ডক কমপ্লেক্সে 71.166 একর জমিতে (মূল টার্মিনালের জন্য 61 একর এবং রেল যোগাযোগের জন্য 10.166 একর) দুই ধাপে নির্মিত হচ্ছে। প্রথম ধাপে, জলভাগের কাজগুলি, প্রধানত জেটি এবং সম্পর্কিত সুবিধা সরবরাহ করা হচ্ছে। দ্বিতীয় ধাপে, উপকূলীয় নির্মাণ এবং রেল যোগাযোগের সাথে প্রথম পর্যায়ের অবকাঠামো ছাড়িয়ে টার্মিনালের অবকাঠামোটি সম্প্রসারণ করা হবে। সমাপ্তির পরে, টার্মিনালের পণ্য পরিবহনের বার্ষিক ক্ষমতা হবে 3.07 মিলিয়ন টন। সড়ক পথ ও রেলপথের তুলনায় জলপথে পনওয পরিবহনের খড়চ কম হওয়ায় ভারত সরকার জলপথে পন্য পরিবহনের সিদ্ধান্ত নেয়। এর জন্য সরকার ঘোষণা করে হলদিয়া থেকে এলাহাবাদ পর্যন্ত জলপথে পন্য পরিবহন করা হবে। এর জন্য সরকার হুগলি ও গঙ্গা নদীতে ছোট জাহাজ বা বার্জ চলাচলের জন্য পরিকাঠা",,773e1b820203,1337
268,NEUTRAL,cross_passage,,,সে ক্ষেত্রে সৌর বর্ণালীর (1802) অন্ধকার ফাঁকগুলি পর্যবেক্ষণের জন্য তিনি স্মরণীয়।,"2005 সালের আগস্টে নাভেল ওয়ার কলেজের একদল স্বেচ্ছাসেবক নিউপুর্ট, রোডি আইল্যান্ডের জর্জ মেনডুনকাকে পুরুষ চুম্বনকারী হিসেবে সনাক্ত করেন। তাকে সনাক্ত করার কারণ, তার শরীরের ক্ষতচিহ্ন ও উল্কি, ছবির ক্ষতচিহ্ন ও উল্কির সাথে মিলে যায়। স্বেচ্ছাসেবকরা পরবর্তীতে তাদের তথ্য উপাত্ত মিতশুবিসি ইলেকট্রিক রিচার্স ল্যাবরেটরিসের কাছে হস্তান্তর করে অধিক গবেষণার জন্য। তারাও আলোকচিত্রটি গবেষণা করে ক্ষতচিহ্ন ও উল্কির মিল খুজেঁ পান। গবেষণাগারে তাদের সাথে গবেষণা করেন, আলোকচিত্র বিশেষঞ্গ, ফটোগ্রাফিক স্টাডিসের অধ্যাপক ও ইয়েলা বিশ্ববিদ্যালয়ের স্কুল অফ আর্টের সাবেক ডিন রিচার্ড এম. বেনসন। বেনসন বলেন, এটা আমার মতামত যে, ""জর্জ মেকডুনাল্ডই এসেনস্টেইডের সেই বিখ্যাত আলোকচিত্রের চুম্বনকারী নাবিক।""

জর্জ মেনডুনকা ও গ্রিতা ফ্রেইডম্যান (4 জুলাই, 2009)
ঘটনার দিন মেকডুনকা রেডিও সিটি মিউজিক হলে তার বাগদত্তা রিতাকে নিয়ে একটি সিনেমা দেখছিল। হলের দরজা খোলার পর লোকজন যুদ্ধ শেষে, যুদ্ধ শেষ বলে চিৎকার করছিল। জর্জ ও রিতা উদ্যাপনে অংশ নেওয়ার জন্য রাস্তার পাশের বারে ঢুকেছিল কিন্তু বারে জায়গা না থাকায় তার রাস্তায় হাঁটার সিদ্ধান্ত নেয়। এরপর জর্জ দেখতে পান রাস্তার পাশ দিয়ে সাদা পোশাক পরিহিত একজন নারী হেঁটে যাচ্ছে, তখন জর্জ নারীটিকে জড়িয়ে ধরেন ও চুম্বন করেন। জর্জ বলেন, ""আসলে আমি সেদিন একটু মাতাল ছিলাম, এবং মহিলাটি ছিল একজন ",,773e1b820203,1337
269,SUPPORTED,gold,,,ফ্রি কালচারাল ওয়ার্কসের সংজ্ঞা অনুসারে একটি বিনামূল্যের সাংস্কৃতিক কাজ (বিনামূল্যের বিষয়বস্তু) হল এটি ব্যবহারে মানুষের স্বাধীনতার ক্ষেত্রে কোনও উল্লেখযোগ্য আইনি বাধা নেই:,"""বিনামূল্যে সামগ্রী, বিনামূল্যে লিখিত সামগ্রী বা বিনামূল্যে তথ্য হলো এক ধরনের কার্যকরী কাজ, শিল্পকর্ম, বা অন্যান্য সৃজনশীল সামগ্রী যা একটি বিনামূল্যের সাংস্কৃতিক কাজের সংজ্ঞা পূরণ করে। ফ্রি কালচারাল ওয়ার্কসের সংজ্ঞা অনুসারে একটি বিনামূল্যের সাংস্কৃতিক কাজ (বিনামূল্যের বিষয়বস্তু) হল এটি ব্যবহারে মানুষের স্বাধীনতার ক্ষেত্রে কোনও উল্লেখযোগ্য আইনি বাধা নেই: 
 
সামগ্রীটি ব্যবহার করুন এবং এটি ব্যবহার করে উপকার পাবেন, 
বিষয়বস্তু অধ্যয়ন করুন এবং যা শিখেছে তা প্রয়োগ করুন, 
সামগ্রীটির অনুলিপি তৈরি এবং বিতরণ করুন, 
বিষয়বস্তু পরিবর্তন এবং উন্নত করুন এবং এই ডেরাইভেটিভ কাজগুলি বিতরণ করুন। 
বিনামূল্যের সামগ্রীগুলির সমস্ত কাজ পাবলিক ডোমেনে এবং সেইসাথে কপিরাইটযুক্ত কাজগুলি যার লাইসেন্স ঠিক রেখে উপরে বর্ণিত স্বাধীনতাকে সমর্থন করে। যেহেতু বেশিরভাগ দেশগুলিতে সাহিত্য এবং শিল্প বিষয়ক কর্মের সুরক্ষার জন্য বার্ন কনভেনশন ডিফল্টরূপে কপিরাইটধারীদের তাদের সৃষ্টিতে একচেটিয়া নিয়ন্ত্রণ করে, কপিরাইট বিষয়বস্তু স্পষ্টভাবে বিনামূল্যে ঘোষণা করতে হবে, সাধারণত কাজের মধ্য থেকে লাইসেন্সিং বিবৃতি উল্লেখ বা অন্তর্ভুক্ত করে। 
 
বিনামূল্যের ওপেন কন্টেন্ট জন্য আইনিভাবে একইরকম। যদিও নিয়মিত ব্যবহারের জন্য অনেকগুলি বিভিন্নরকমের সংজ্ঞা রয়েছে, যদি কোনও অভিন্ন যুগলের পছন্দ না হয়। একটি উপমা হ'ল প্রতিদ্বন্দ্বী পদগুলি ফ্র",,773e1b820203,1337
270,CONTRADICTED,numeral,1,"723,000","ডিপ ইম্প্যাক্ট ধূমকেতুটিতে যে গর্ত সৃষ্টি করেছিল তার ছবি খুব স্পষ্ট না হওয়ায় অভিযানের ফলাফল পুনরায় বিশ্লেষণ করার জন্য 2007 সালের 3 জুলােই টেম্পল 723,000 (অথবা নেক্সট) মিশন অনুমোদন করা হয়।","ডিপ ইম্প্যাক্ট মিশনকে পরিকল্পনা করা হয়েছিল ধূমকেতু সম্পর্কে কিছু প্রশ্নের উত্তর পাওয়ার জন্য। বিজ্ঞানিরা জানতে চেয়েছিলেন ধূমকেতুর নিউক্লিয়াস আসলে কোন কোন জিনিস দ্বারা গঠিত। এবং ধূমকেতুর উৎপত্তি কোথায় ও কিভাবে হয়েছিল। ধূমকেতুর অন্তরগঠন ও বহিরগঠন সম্পর্কে কিছু প্রাথমিক ধারণা অর্জনের পর জ্যেতির্বিদরা আশা করেছিলেন যে ধূমকেতুর জন্ম ইতিহাসও জানতে পারবেন। মিশনটির প্রধান ছিলেন যুক্তরাষ্ট্রের মেরিল্যান্ড ইউনিভার্সিটির মাইকেল আ'হেয়ার্ণ।

ডিপ ইম্প্যাক্ট ধূমকেতুটিতে যে গর্ত সৃষ্টি করেছিল তার ছবি খুব স্পষ্ট না হওয়ায় অভিযানের ফলাফল পুনরায় বিশ্লেষণ করার জন্য 2007 সালের 3 জুলােই টেম্পল 1 (অথবা নেক্সট) মিশন অনুমোদন করা হয়। এই অভিযানে ব্যবহার করা হয় স্টারডাস্ট নামক একটি নভোযানকে। স্টারডাস্টকে এর আগে 2004 সালে ওয়াইল্ড 2 ধূমকেতুকে পর্যবেক্ষনে ব্যবহার করা হয়েছিল। স্টারডাস্ট কে নতুন একটি কক্ষপথ পুনারায় স্থাপন করা হয়। 2011 সালের 15 ফেব্রুয়ারি নভোযানটি টেম্পল 1 এর 200 কিলোমটির কাছে যেয়ে তাকে পর্যবেক্ষন করে। জ্যোর্তিবিজ্ঞানের ইতিহাসে এই প্রথম কোন ধূমকেতুকে দ্বিতীয়বার পর্যবেক্ষন করা হল। স্টারডাস্টের পাঠানো ছবিতে দেখা যায় ডিপ ইম্প্যাক্ট 150 মিটার চওড়া একটি গর্ত করেছিল। সেই গর্তের মধ্যে ধূলাবালির একটি স্তুপ দেখাতে পাওয়া গিয়েছিল। এই স্তুপটি তৈর হয়েছিল প্রথম সংঘর্ষের ফলে উৎক্ষেপিত ধূলাবাল",,773e1b820203,1337
271,CONTRADICTED,relation_order,অদৃশ্য->পারেন,পারেন->অদৃশ্য,তিনি অদৃশ্য হওয়ার আলখাল্লা ব্যবহার না করেই শক্তিশালী ডিসইলুশ্যন চার্ম ব্যবহারের মাধ্যমে পারেন হতে অদৃশ্য।,"ডাম্বলডোরের পছন্দের উপাদান হল আগুন। তিনি অদৃশ্য হওয়ার আলখাল্লা ব্যবহার না করেই শক্তিশালী ডিসইলুশ্যন চার্ম ব্যবহারের মাধ্যমে অদৃশ্য হতে পারেন। তিনি অকলামেন্সি ও লেজিলিমেন্সিতেও অত্যন্ত দক্ষ। ডাম্বলডোর ট্রান্সফিগারেশনেও বেশ দক্ষ কেননা, তিনি হেডমাস্টার হওয়ার পূর্বে হগওয়ার্টসে ট্রান্সফিগারেশন বিষয়ের শিক্ষক ছিলেন। এছাড়া চার্মস ও পোশনেও তিনি দক্ষ ছিলেন। ডাম্বলডোর ভলডেমর্ট পূর্ববর্তী যুগের ভয়ঙ্কর কালো জাদুকর গ্রিন্ডেলওয়াল্ডকে পরাজিত করার জন্য বিখ্যাত। ডাম্বলডোর মার্মিশ (মারপিপলদের ভাষা) ও গবলডেগুক (গবলিনদের ভাষা) এ অত্যন্ত পারদর্শী।

ডাম্বলডোর চকলেট ফ্রগ কার্ডেও বর্ণিত হয়েছেন। যা একটি গৌরবজনক বিষয়।",,773e1b820203,1337
272,CONTRADICTED,date,1194,1899,গ্রীকপুরাণ অনুযায়ী দীর্ঘ দশ বছর ব্যাপী রক্তক্ষয়ী ট্রয় যুদ্ধ সংগঠিত হয় দার্দেনালিসের পশ্চিমে (আধুনিক তুরস্কের হিসারলিক) ট্রয় নগরীরর সম্মুখে (স্ক্যামান্ডার নদীর তীরে) খৃষ্টপূর্ব 1899 সালে এবং সমাপ্ত হয় 1184 সালে যদিও ব্রোঞ্জ যুগের এ যুদ্ধের সংঘটন-সময় নিয়ে আধুনিক ইতিহাসবিদরা মতবিরোধ করেন।,"গ্রীকপুরাণ অনুযায়ী দীর্ঘ দশ বছর ব্যাপী রক্তক্ষয়ী ট্রয় যুদ্ধ সংগঠিত হয় দার্দেনালিসের পশ্চিমে (আধুনিক তুরস্কের হিসারলিক) ট্রয় নগরীরর সম্মুখে (স্ক্যামান্ডার নদীর তীরে) খৃষ্টপূর্ব 1194 সালে এবং সমাপ্ত হয় 1184 সালে যদিও ব্রোঞ্জ যুগের এ যুদ্ধের সংঘটন-সময় নিয়ে আধুনিক ইতিহাসবিদরা মতবিরোধ করেন। দেব দেবীদের ষড়যন্ত্র, লোভ, নিষ্ঠুরতা ও পাগলামীর ফসল এ যুদ্ধ থেটিস-পুত্র অ্যাকিলিসের হস্তে (গ্রীক: আখিলেউস/ আখিলেখ) যুদ্ধের দশম বছরে প্রায়াম-পুত্র ও ট্রোজান সেনাপতি হেক্টরের (গ্রীক: হেকতার) মৃত্যুর মাধ্যমে চূড়ান্ত পরিণতির দিকে এগিয়ে যায়। দেবী অ্যাথিনার ছলনা, জিউস-পুত্র অ্যাপোলোর গাদ্দারী ও দেবরাজ জিউসের নীতিভঙ্গই হেক্টরের মৃত্যুর কারণ এবং হেক্টর ও প্রায়ামের সৎ ভাই ও টিথোনাস-পুত্র মেমননের পতন ট্রয়ের পতন নিশ্চিত করে দেয়। পরিশেষে অ্যাকিলিস, হেক্টর, প্যারিস, মেমনন ও প্রায়ামের মৃত্যু এবং ট্রয় নগরীর ধ্বংসের মাধ্যমে এ যুদ্ধ সমাপ্ত হয়। যদিও খোলা চোখে এ যুদ্ধে গ্রীকদের বিজয়ের পশ্চাতে ওডিসিয়াসের কাঠের ঘোড়া বা প্রায়ামের পুত্র হেলেনসের বিশ্বাসঘাতকতাকে মুখ্য কারণ হিসেবে বিবেচনা করা হয় কিন্তু আসল কারণটা ছিল জিউসের হাস্যকর মূর্খতা। দেবরাজ জিউস মানুষের সংখ্যা হ্রাসকল্পে মানুষে মানুষে এ সংঘাত সৃষ্টি করে।[তথ্যসূত্র প্রয়োজন] যদিও প্যারিসের হেলেনকে অপহরণ ও মাইসিনির রাজা আগামেমননের নেতৃত্বে স্পার্",,773e1b820203,1337
273,CONTRADICTED,entity,মাতার,লিপ্ত,তার পিতার নাম বালাদেব সিং লুম্বা এবং তার লিপ্ত নাম বালাদেব কাউর।,"বানীন্দর কাউর লুম্বা একজন ভারতীয় রাজনীতিবিদ যিনি শিরোমণি আকালি দলের নারী শাখা স্ত্রী শিরোমণি আকালি দলের রাজনীতির সাথে যুক্ত। 2012 সাল থেকে 2017 সাল পর্যন্ত তিনি পাঞ্জাব বিধানসভার শুত্রানা আসনের এমএলএ হিসেবে দায়িত্ব পালন করেছেন।

বানীন্দর কাউর লুম্বা 1968 সালের সেপ্টেম্বর মাসের 19 তারিখে জন্মগ্রহণ করেন। তার পিতার নাম বালাদেব সিং লুম্বা এবং তার মাতার নাম বালাদেব কাউর।

বানীন্দর কাউর লুম্বা ভারতের পাঞ্জাব প্রদেশের চন্ডিগড়ের পাঞ্জাব বিশ্ববিদ্যালয়ের আওতাভুক্ত লুধিয়ানা সরকারি কলেজ থেকে অর্থনীতিতে স্নাতকোত্তর ডিগ্রি লাভ করেছেন।

তিনি সে সব ভারতীয় মহিলা রাজনীতিবিদদের মাঝে অন্যতম, যাঁরা রাজনীতিতে আসার পূর্বে গৃহিণী ছিলেন। 2012 সালে পাঞ্জাব বিধানসভা নির্বাচনে শুত্রানা আসনে শিরোমণি আকালি দলের পক্ষ থেকে এমএলএ পদে দাঁড়ান তিনি। নির্বাচনে তার সাথে প্রাক্তন এমএলএ ভারতীয় জাতীয় কংগ্রেসের রাজনীতিবিদ নির্মল সিং এর হাড্ডাহাড্ডি লড়াই হয়। মাত্র 772 ভোটের ব্যবধানে তিনি নির্মল সিংকে পরাজিত করেন। বানীন্দর কাউর লুম্বা পেয়েছিলেন 47,764 ভোট, যা প্রদত্ত ভোটের 39.88%। অপরদিকে তার নিকটতম প্রতিদ্বন্দ্বী ভারতীয় জাতীয় কংগ্রেসের রাজনীতিবিদ নির্মল সিং পেয়েছিলেন 46,992 ভোট, যা প্রদত্ত ভোটের 39.24%। 2012 সালের পাঞ্জাব বিধানসভা নির্বাচনে নির্বাচিত 14 জন নারীর মধ্যে তিনি ছিলেন অন্যতম।

তিনি পাঞ্জাব বিধানসভা",,773e1b820203,1337
274,CONTRADICTED,date,1954,1896,1896 সালে প্রথমবারের মতো জেমস বন্ডকে চলচ্চিত্ররূপ প্রদান করা হয়।,"1954 সালে প্রথমবারের মতো জেমস বন্ডকে চলচ্চিত্ররূপ প্রদান করা হয়। এক ঘণ্টাব্যাপী ক্যাসিনো রয়েলের আমেরিকান সংস্করণে ব্যারী নেলসন 'জিমি বন্ড' নামে অভিনয় করেছিলেন। ইয়ন প্রোডাকশনের ব্যানারে নির্মিত জেমস বন্ড চরিত্রে প্যাট্রিক ম্যাকগুহানকে আমন্ত্রণ জানানো হলেও, পরবর্তীতে তিনি তা প্রত্যাখ্যান করেন। 
 
1962 সালে ড. নো চলচ্চিত্রে স্যার শন কনারি প্রথমবারের মতো জেমস বন্ডের নাম ভূমিকায় অংশ নেন। পরবর্তীতে জেমস বন্ড সিরিজে তিনি আরো চারটি ছবিতে অভিনয় করেছিলেন। 
 
1969 সালে অস্ট্রেলিয়ান অভিনেতা জর্জ ল্যাজেনবি অন হার ম্যাজিস্টিজ সিক্রেট সার্ভিস ছবিতে দ্বিতীয়তম বন্ড হিসাবে বন্ডের চরিত্রে অংশ নেন। এটি ল্যাজেনবির একমাত্র বন্ড ফিল্ম,তিনি প্রথম থেকেই ঠিক করেছিলেন যে তিনি মাত্র একবারই চলচ্চিত্রে বন্ড হবেন। 
 
জর্জ ল্যাজেনবি পরের ছবিতে অংশগ্রহণ না করায় শন কনারি 1971 সালে নির্মিত ডায়মণ্ডস আর ফরএভার ছবিতে পুনরায় বন্ড হিসেবে ফিরে আসেন। 1983 সালে ইয়ন প্রোডাকশনের বাইরে নেভার সে নেভার এগেইন ছবিতেও কনারি অভিনয় করেছিলেন। এর ফলে তিনি 21 বছর যাবৎ সবচেয়ে দীর্ঘদিনের বন্ড হিসেবে নিজেকে বিশ্বে তুলে ধরেন। তিনি সর্বমোট সাতটি (ইয়ন প্রোডাকশনের ছয়টি ও ইয়ন প্রোডাকশনের বাইরে 1983 সালের ""নেভার সে নেভার এগেইন"" যা তারই অভিনীত চতুর্থতম চলচ্চিত্র ""থান্ডারবল"" এর পুনঃনির্মাণ।) চলচ্চিত্রে বন্ডের ভূমিকায় অভিনয় করেন।",,773e1b820203,1337
275,CONTRADICTED,polarity,,না,"অতীতে লাতিন, গ্রীক এবং ভূমধ্যসাগরীয় মিশ্র ভাষাকে আন্তর্জাতিক সহায়ক ভাষা হিসাবে ব্যবহার করা হয়েছে না।","আন্তর্জাতিক সহায়ক ভাষা হচ্ছে এমন একটি ভাষা যা বিভিন্ন দেশের বিভিন্ন ভাষাভাষির মানুষ, যাদের প্রথম ভাষা বা মাতৃভাষা ভিন্ন, তাদের মধ্যে যোগাযোগের সুবিধার জন্য ব্যবহৃত হয়ে থাকে। একটি সহায়ক ভাষা প্রধাণত দ্বিতীয় ভাষা হিসাবে ব্যবহার হয়। বহু শতাব্দী ধরে প্রভাবশালী সমাজের ভাষাসমূহ আন্তর্জাতিক সহায়ক ভাষা হিসেবে ব্যবহৃত হয়ে এসেছে, কখনও কখনও আন্তর্জাতিক পর্যায়েও সেগুলির ব্যবহার পৌঁছেছে। অতীতে লাতিন, গ্রীক এবং ভূমধ্যসাগরীয় মিশ্র ভাষাকে আন্তর্জাতিক সহায়ক ভাষা হিসাবে ব্যবহার করা হয়েছে। ইদানিংকালে আরবি, ইংরাজি, ফরাসি, রুশ, স্পেনীয় এবং প্রমিত চীনা ভাষাগুলিও এই মর্মে ব্যবহার হয়ে এসেছে। এই সমস্ত ভাষাগুলি সাংস্কৃতিক, রাজনৈতিক ও অর্থনৈতিক আধিপত্যের কারণে জনপ্রিয়তা অর্জন করলেও একই কারণে বিরোধিতার সম্মুখিন হতে হয়েছে। এই কারণে, সম্ভাব্য সমাধান হিসাবে কেউ কেউ কৃত্রিম বা নির্মিত ভাষা প্রচারের ব্রতি হয়েছেন। এই ভাষা যে অঞ্চলে ব্যবহার হয় সেই অঞ্চলের প্রথম ভাষাগুলিকে প্রতিস্থাপন না করে একটি অতিরিক্ত ভাষা হিসাবে ব্যবহৃত হয় বলে ""সহায়ক"" শব্দটি ব্যবহার হয়। প্রায়শই, শব্দটি আন্তর্জাতিক যোগাযোগকে সহজতর করার জন্য প্রস্তাবিত পরিকল্পিত বা নির্মিত ভাষাগুলিকে নির্দেশ করে। এইরকম ভাষার উদাহরণ হল এসপেরান্তো, ইদো এবং ইন্টারলিঙ্গুয়া। আবার এটি এমন একটি ভাষাকেও বোঝায় যা আন্তর্জাতিক ঐক্যমত্য দ্বারা নির্ধারিত",,773e1b820203,1337
276,CONTRADICTED,relation_order,পিক্সেল->ছোট,ছোট->পিক্সেল,576 ছোট থেকে পিক্সেল,"বুটস্ট্র্যাপ একটি ওয়েব ফ্রেমওয়ার্ক যা তথ্যপূর্ণ ওয়েব পৃষ্ঠাগুলি উন্নয়নের উপর দৃষ্টি নিবদ্ধ করে (ওয়েব অ্যাপ্লিকেশন -এর বিরোধিতা করে)। ওয়েব প্রোজেক্টে এটি যোগ করার প্রাথমিক উদ্দেশ্যটি সেই প্রকল্পে রঙ, আকার, ফন্ট এবং বিন্যাসের বুটস্ট্র্যাপের পছন্দগুলি প্রয়োগ করা। যেমন, প্রাথমিক ফ্যাক্টর হিসেবে ডেভেলপাররা তাদের পছন্দের পরিবর্তনগুলোর উপর কতটা নিয়ন্ত্রণ রাখছে। একটি প্রকল্পে যোগ করার পরে, বুটস্ট্র্যাপটি সমস্ত এইচটিএমএল উপাদান গুলিগুলির জন্য মৌলিক শৈলী সংজ্ঞা সরবরাহ করে। শেষ ফলাফলটি ওয়েব ব্রাউজার জুড়ে গদ্য, টেবিল এবং ফর্ম উপাদানগুলির জন্য একটি অভিন্ন চেহারা। এছাড়া, বিকাশকারীরা তাদের সামগ্রীগুলির আরও কাস্টমাইজ করার জন্য বুটস্ট্র্যাপে সংজ্ঞায়িত সিএসএস ক্লাসগুলির সুবিধা নিতে পারে। উদাহরণস্বরূপ, বুটস্ট্র্যাপটি হালকা এবং গাঢ় রঙের টেবিল, পৃষ্ঠা শিরোনাম, আরো বিশিষ্ট পুল উদ্ধৃতি এবং একটি হাইলাইট সহ পাঠ্যের জন্য বিধান করেছে।
বুটস্ট্র্যাপ জেকুএরি প্লাগিনের আকারে বেশ কয়েকটি জাভাস্ক্রিপ্ট উপাদান নিয়ে আসে। তারা অতিরিক্ত ব্যবহারকারী ইন্টারফেস উপাদান যেমন ডায়লগ বাক্স, টুলটিপস এবং ক্যারোজেল সরবরাহ করে। প্রতিটি বুটস্ট্র্যাপ উপাদানটিতে একটি এইচটিএমএল গঠন, সিএসএস ঘোষণা, এবং কিছু ক্ষেত্রে জাভাস্ক্রিপ্ট কোড সহ থাকে। তারা কিছু বিদ্যমান ইন্টারফেস উপাদানের কার্যকারিতাও প্রসারিত করে, যেমন ইনপুট ক্ষ",,773e1b820203,1337
277,CONTRADICTED,unit,কিলোমিটার,দিন,"এটি শেষ হলে মূল ব্যবস্থা বিস্তৃত আটটি উচ্চ-ক্ষমতার মেট্রো রেলপথ নিয়ে গঠিত হবে, যা 235 দিন (146 মাইল) (24% ভূগর্ভস্থ, বাকিটি উত্তোলিত, একটি ভূমিগত অংশের সাথে নির্মিত) এবং 200 টি স্টেশন দ্বারা চালিত হবে।","মুম্বই মেট্রো হ'ল একটি দ্রুতগামী গণপরিবহন ব্যবস্থা, যা মহারাষ্ট্রের মুম্বাই শহর এবং বৃহত্তর মহানগর অঞ্চলে রেল পরিষেবা পরিবেশন করে। এই ব্যবস্থাটি শহরের যানজট নিরসন এবং ভিড় উপচে পড়া মুম্বাই শহরতলির রেল (সমান্তরালভাবে স্থানীয় ট্রেন নামে পরিচিত) নেটওয়ার্কের পরিপূরক হিসাবে তৈরি করা হয়েছে। এটি 15 বছরের সময়কালে তিনটি ধাপে নির্মিত হচ্ছে, 2025 সালে সম্পূর্ণ সমাপ্তির প্রত্যাশা নিয়ে। এটি শেষ হলে মূল ব্যবস্থা বিস্তৃত আটটি উচ্চ-ক্ষমতার মেট্রো রেলপথ নিয়ে গঠিত হবে, যা 235 কিলোমিটার (146 মাইল) (24% ভূগর্ভস্থ, বাকিটি উত্তোলিত, একটি ভূমিগত অংশের সাথে নির্মিত) এবং 200 টি স্টেশন দ্বারা চালিত হবে।",,773e1b820203,1337
278,CONTRADICTED,relation_order,কোষ->ক্ষরিত,ক্ষরিত->কোষ,"বি-ক্ষরিত থেকে কোষ অ্যান্টিবডি বা প্রতিরক্ষিকাগুলি রক্তপ্রবাহের মাধ্যমে দেহের সর্বত্র ছড়িয়ে পড়ে এবং যে প্রত্যুৎপাদকটি অনাক্রম্যতন্ত্রের প্রতিক্রিয়ার মূল উদ্দীপক হিসেবে কাজ করেছিল, সেটির অভিন্ন রূপবিশিষ্ট অন্য সমস্ত প্রত্যুৎপাদককে আক্রমণ করে ও ধ্বংস করে।","বি-কোষ থেকে ক্ষরিত অ্যান্টিবডি বা প্রতিরক্ষিকাগুলি রক্তপ্রবাহের মাধ্যমে দেহের সর্বত্র ছড়িয়ে পড়ে এবং যে প্রত্যুৎপাদকটি অনাক্রম্যতন্ত্রের প্রতিক্রিয়ার মূল উদ্দীপক হিসেবে কাজ করেছিল, সেটির অভিন্ন রূপবিশিষ্ট অন্য সমস্ত প্রত্যুৎপাদককে আক্রমণ করে ও ধ্বংস করে।

অ্যান্টিবডি বা প্রতিরক্ষিকাগুলি প্রত্যুৎপাদকগুলির সাথে আবদ্ধ হয়ে এগুলিকে আক্রমণ করে। প্রতিরক্ষিকার আণবিক বিন্যাস বহিরাগত পদার্থের পৃষ্ঠে অবস্থিত অণুসমূহের আকৃতির সাথে খাপ খেয়ে যায়, ফলে প্রতিরক্ষিকাটি ঐ বহিরাগত পদার্থের সাথে আবদ্ধ হতে পারে।

যখন অ্যান্টিবডি বা প্রতিরক্ষিকাগুলি কোনও বিষাক্ত পদার্থের সাথে আবদ্ধ হয়, তখন বিষাক্ত পদার্থটির রাসায়নিক গঠন পরিবর্তিত হয়ে যায়, ফলে বিষাক্ত পদার্থটির বিষক্ষমতা বিনষ্ট হয়ে যায়। এই ধরনের প্রতিরক্ষিকাকে প্রতিবিষ বা বিষনাশক বলা হয়।",,773e1b820203,1337
279,CONTRADICTED,polarity,,না,গোলাপী রিকশা (গোলাপী অটো নামেও পরিচিত) ভারতের কিছু শহরে মহিলা যাত্রীদের জন্য সাধারণ অটো রিকশার বিকল্প পরিবহন না।,"গোলাপী রিকশা (গোলাপী অটো নামেও পরিচিত) ভারতের কিছু শহরে মহিলা যাত্রীদের জন্য সাধারণ অটো রিকশার বিকল্প পরিবহন। রিকশায় যাতায়াতের সময় মহিলাদের হয়রানি ও দুর্ব্যবহার থেকে বিরত রাখতে ভারত সরকার এই উদ্যোগ নিয়েছিল। এতে মহিলাদের সুরক্ষার জন্য প্যানিক বোতাম এবং জিপিএস ট্র্যাকিং সিস্টেমের মতো বিশেষ বৈশিষ্ট্য ইনস্টল করা হয়েছে। গোলাপী রিকশাগুলো সম্পূর্ণটাই অথবা কেবল ছাদটি গোলাপী রঙের হয়ে থাকে। যৌন নিপীড়ন এবং ধর্ষণ থেকে মহিলাদের রক্ষা করার জন্য ভারত সরকার 2013 সালে রাঁচিতে প্রথম গোলাপী রিকশা চালু করেছিল। পরবর্তীতে এটি ভারতের আরও অনেক শহরে প্রবর্তিত হয়েছিল। অটোগুলি আইনি যাচাইকরণ এবং ডকুমেন্টেশন শেষ হওয়ার পরে প্রশিক্ষিত পুরুষ বা মহিলা পেশাদারদের দ্বারা চালিত হয়।মহিলাদের অবস্থার উন্নতির জন্য রাঁচি সরকার গোলাপী রিকশা প্রকল্পটি শুরু করেছিল। মহিলাদের নিরাপদ পরিবহনের ব্যবস্থা করে রাঁচি সরকার মহিলাদের ক্ষমতায়ন করছে, তাদেরকে কাজ করতে এবং স্বাবলম্বী হতে সক্ষম করছে। প্রথাগতভাবে ভারতে পুরুষরাই মজুরি উপার্জনকারী। নিরাপদ পরিবহন মহিলাদের স্বাধীন হতে এবং পারিবারিক আয় ও উপার্জনে অবদান রাখতে সক্ষম করেছে। রাঁচি ভারতের প্রথম শহর যেখানে গোলাপী রিকশা প্রকল্প চালু করা হয়েছিল। 2012 সালের দিল্লি গণধর্ষনের পরে মহিলাদের সুরক্ষার জন্য 2013 সালে এটি চালু করা হয়েছিল। ঝাড়খন্ড পুলিশ মহিলা যাত্রীদের পরিবহনের জন্",,773e1b820203,1337
280,CONTRADICTED,numeral,6,"70,086,000","গ্রেগর জোহান মেন্ডেল (20 জুলাই 1822 - 70,086,000 জানুয়ারী 1884) ছিলেন একজন অস্ট্রিয়ার জীববিজ্ঞানী, ধর্মযাজক, আবহাওয়াবিদ ও গণিতজ্ঞ যার আবিষ্কারগুলি জেনেটিক্স ও বংশগতি বিজ্ঞানের ভিত্তি তৈরি করেছিল, তাই তাকে প্রায়শই ""জেনেটিক্সের জনক"" বা ""জিনতত্ত্ববিদ্যার জনক"" বলে অভিহিত করা হয়।","গ্রেগর জোহান মেন্ডেল (20 জুলাই 1822 - 6 জানুয়ারী 1884) ছিলেন একজন অস্ট্রিয়ার জীববিজ্ঞানী, ধর্মযাজক, আবহাওয়াবিদ ও গণিতজ্ঞ যার আবিষ্কারগুলি জেনেটিক্স ও বংশগতি বিজ্ঞানের ভিত্তি তৈরি করেছিল, তাই তাকে প্রায়শই ""জেনেটিক্সের জনক"" বা ""জিনতত্ত্ববিদ্যার জনক"" বলে অভিহিত করা হয়। মেন্ডেল অস্ট্রিয়ান সাম্রাজ্যের (আজকের চেকোশ্লোভাকিয়ার অন্তর্ভুক্ত) হাইনিস নামক স্থানে এক জার্মান-ভাষী সাধারণ কৃষক পরিবারে জন্মগ্রহণ করেন এবং আধুনিক বিজ্ঞানে জেনেটিক্সের প্রতিষ্ঠাতা হিসাবে মরণোত্তর স্বীকৃতি লাভ করেন। যদিও কৃষকরা সহস্রাব্দ ধরে জানত যে প্রাণী ও উদ্ভিদের ক্ষেত্রে সংকরায়ন বা ক্রসব্রিডিং-এ কিছু কাঙ্খিত বৈশিষ্ট্যের পক্ষে হতে পারে, মেন্ডেল কতৃক তাঁর মটর গাছের পরীক্ষা 1856 এবং 1863 সালের মধ্যে পরিচালিত হয়, যা বংশগতির অনেক সূত্র প্রতিষ্ঠা করেছিল, যা এখন মেন্ডেলীয় বংশগতির সূত্র হিসাবে উল্লেখ করা হয়।",,773e1b820203,1337
281,CONTRADICTED,polarity,,না,ব্যক্তিগত জীবনে এঙ্গেলস ছিলেন অত্যন্ত উদার এবং হাসিখুশি ধরনের মানুষ না।,"সেনাবাহিনী থেকে ফেরার পরে 1842 সালের নভেম্বর মাসের এক কুয়াশাচ্ছন্ন দিনে তিনি তার পিতার নির্দেশে ইংল্যান্ড গমন করেন।তবে এটা ছিল তার পিতার অধীনে স্রেফ কেরানীর চাকরিমাত্র। তিনি প্রায় দুই বছর ইংল্যান্ডে অতিবাহিত করেন। 
 
বিশেষ রাজনৈতিক কারণে মার্কস যখন ইংল্যান্ডে স্থায়ী বসবাসের জন্য নির্বাসন নেন, তখন এঙ্গেলসও ইংল্যান্ড চলে আসেন। ব্যক্তিগত জীবনে এঙ্গেলস ছিলেন অত্যন্ত উদার এবং হাসিখুশি ধরনের মানুষ। জীবনে বড় হবার লোভ তার ছিল না। তিনি যা কিছুই করতেন তা কর্তব্য মনে করে বা ভালো লাগার তাগিদে করতেন। মার্কস-এর সহযোগিতা করার মানসিকতা থেকে তিনি দর্শন চর্চা করেছেন বলে স্বীকার করেছেন। মার্কস-এর মৃত্যুর পরেও ইংল্যান্ডে ছিলেন। তবে 1891 সালে তিনি ম্যানচেস্টার ছেড়ে লন্ডনে চলে আসেন এবং সেখানেই 1895 সালের 5 আগস্ট মৃত্যুবরণ করেন।",,773e1b820203,1337
282,CONTRADICTED,polarity,,না,দেহের তলে চ্যাপ্টা আঠালো পদ আছে যাকে পদচাকতি বলে না।,"হাইড্রার দেহ নলাকার, অরীয় প্রতিসম, প্রসারিত অবস্থায় দৈর্ঘ্য 10 মি.মি. (0.39 ইঞ্চি)। দেহের তলে চ্যাপ্টা আঠালো পদ আছে যাকে পদচাকতি বলে। পদচাকতির গ্রন্থি কোষ আঠালো পদার্থ নিঃসরণ করে।

দেহের খোলা প্রান্তে আছে মুখছিদ্র এবং একে ঘিরে থাকে 1-12টি সরু সচল কর্ষিকা। কর্ষিকার গায়ে থাকে নিডোসাইট কোষ যাতে থাকে বিশেষ থলি নেমাটোসিস্ট। এটি দেখতে বিদ্যুৎ বাল্বের মতো এবং এতে প্যাঁচানো সূত্রক থাকে। নিডোসাইটের সরু প্রান্তে ট্রিগার হিসেবে সংবেদী রোম নিডোসিল থাকে। শিকারের সংস্পর্শে এলে রাসায়নিক প্রক্রিয়ায় নেমাটোসিস্ট নিক্ষিপ্ত হয় আর এর ভেতরে থাকা বিষাক্ত তরল হিপনোটক্সিন শিকারকে অবশ করে দেয়।

হাইড্রা দ্বিস্তরী প্রাণী, অর্থাৎ এতে দুটি ভ্রূণীয় স্তর থাকে: এপিডার্মিস ও গ্যাস্ট্রোডার্মিস। স্তর দুটির মধ্যে আছে অকোষীয় জেলির মতো পদার্থ মেসোগ্লিয়া। স্তরদ্বয়ের কোষগুলো তুলনামূলকভাবে সরল।",,773e1b820203,1337
283,CONTRADICTED,unit,মিটার,যুগ,ভিসিটি বা বিশাখা কন্টেইনার টার্মিনালের জলের প্রাকৃতিক গভীরতার 17 যুগ (দেশের গভীরতম)।,"বিশাখা কন্টেইনার টার্মিনাল (ভিসিটি) বিশাখা কন্টেইনার টার্মিনাল প্রাইভেট লিমিটেড দ্বারা পরিচালিত একটি কন্টেইনার টার্মিনাল। এটি বিশাখাপত্তনম বন্দরের অন্তর্গত। টার্মিনালটি ভারতের পূর্ব উপকূলের কেন্দ্রে অবস্থিত এবং মালাক্কা প্রণালীর নিকটতম, ফলে বিশাখা কন্টেইনার টার্মিনাল অন্ধ্রপ্রদেশ, তেলেঙ্গানা, ছত্তিসগড়, ওড়িশা, মহারাষ্ট্র, ঝাড়খণ্ড, মধ্যপ্রদেশ এবং পশ্চিমবঙ্গ রাজ্যের কন্টেইনার পণ্য পরিবহনের জন্য একটি আদর্শ প্রবেশদ্বার হিসাবে কাজ করে। ডিপি ওয়ার্ল্ডের বিশাখা কনটেইনার টার্মিনাল (ভিসিটিপিএল) 2003 সালে বঙ্গোপসাগরের গভীর জলের প্রবেশদ্বার হিসাবে খোলা হয়। এটি দেশের প্রথম কন্টেইনার টার্মিনাল, যা ভারতীয় শুল্ক দপ্তরের কাছ থেকে অনুমোদিত অর্থনৈতিক অপারেটর (এইও) হিসাবে শংসাপত্র পায়। ভিসিটি বা বিশাখা কন্টেইনার টার্মিনালের জলের প্রাকৃতিক গভীরতার 17 মিটার (দেশের গভীরতম)। বর্তমান টার্মিনালের ক্ষমতা বার্ষিক 0.55 মিলিয়ন টিইইউ এবং 2021 সালের মধ্যে এটি 1.5 মিলিয়নেরও বেশি টিইইউতে প্রসারিত হবে। টার্মিনালটি পোস্ট পানাম্যাক্স এসটিএস ক্রেন, আধুনিক ন্যাভিস স্পারসিএস এন 4 সফটওয়্যার, 366 টিরও বেশি রিফার প্লাগ পয়েন্ট, পর্যাপ্ত পাওয়ার ব্যাক আপ, 2 টি পূর্ণ দৈর্ঘ্যের রেলপথ এবং সম্পূর্ণ কম্পিউটারাইজড পরিবেশ সহ আধুনিক অবকাঠামোতে সজ্জিত। অঞ্চলটি মোট 16.4 হেক্টর এলাকা নিয়ে গড়ে উঠেছে। টার্মিনালটির সঙ্গে সুষ্ঠ ",,773e1b820203,1337
284,NEUTRAL,cross_passage,,,এই অবনতির কারণ হিসেবে কম্পিউটিং যন্ত্রাংশের বিকল্প শক্তিশালী ও ব্যবহারিক যন্ত্রাংশ যেমন র্স্মাটফোন ও ট্যাবলেট কম্পিউটার আসার ফলে হয়।,"সৌরজগৎের সপ্তম গ্রহ ইউরেনাসের 27টি প্রাকৃতিক উপগ্রহের সন্ধান পাওয়া গিয়েছে। এগুলির অধিকাংশেরই নামকরণ করা হয়েছে উইলিয়াম শেকসপিয়র ও আলেকজান্ডার পোপের রচনাকর্মে রূপায়িত অথবা উল্লিখিত চরিত্রদের নামানুসারে। ইউরেনাসের উপগ্রহগুলি তিনটি শ্রেণিতে বিভক্ত: তেরোটি অভ্যন্তরীণ উপগ্রহ, পাঁচটি প্রধান উপগ্রহ এবং নয়টি অনিয়মিত উপগ্রহ। অভ্যন্তরীণ উপগ্রহগুলি হল ক্ষুদ্রাকার অন্ধকারাচ্ছন বস্তু। এগুলির সাধারণ বৈশিষ্ট্যগুলি একই প্রকারের এবং উৎপত্তি ইউরেনাসের বলয়ের সঙ্গেই। পাঁচটি প্রধান উপগ্রহ উপগোলকের আকার বিশিষ্ট। এই আকার ইঙ্গিত করে যে এগুলি অতীতে কোনও এক সময়ে উদ্স্থিতি সাম্যাবস্থায় উপনীত হয়েছিল (এবং হয়তো এখনও সাম্যাবস্থাতেই রয়েছে)। চারটি প্রধান উপগ্রহের পৃষ্ঠভাগে গভীর গিরিখাত গঠন এবং অগ্ন্যুৎপাতের মতো অভ্যন্তর ভাগ হতে পরিচালিত প্রক্রিয়ার চিহ্ন আবিষ্কৃত হয়েছে। পাঁচটির মধ্যে বৃহত্তম উপগ্রহ টাইটানিয়ার ব্যাস 1,578 কিলোমিটার। এটি সৌরজগৎের অষ্টম বৃহত্তম প্রাকৃতিক উপগ্রহ এবং এর ভর পৃথিবীর চাঁদের ভরের কুড়ি ভাগের এক ভাগ। নিয়মিত উপগ্রহগুলির কক্ষপথ ইউরেনাসের নিরক্ষরেখার সঙ্গে প্রায় একতলীয়। উল্লেখ্য, ইউরেনাসের কক্ষপথের সঙ্গে গ্রহটির নিরক্ষরেখা 97.77° কোণে অনত। ইউরেনাসের অনিয়মিত উপগ্রহগুলি গ্রহটির থেকে বহু দূরে উপবৃত্তাকার ও অত্যধিক আনত (অধিকাংশ ক্ষেত্রে পশ্চাদমুখী) কক্ষপথ ধরে গ্রহটিকে প্রদক্ষিণ ",,773e1b820203,1337
285,SUPPORTED,gold,,,"1986 সালে ভারতে জাতীয় শিক্ষা নীতি (এনপিই) তৈরি করা হয় এবং সরকার মহিলা সামাখ্যা নামে এই কর্মসূচি চালু করে, যার লক্ষ্য ছিল নারীর ক্ষমতায়নের দিকে।","মেয়েদের শিক্ষার সর্বোত্তম স্তরে পৌঁছানোর সম্ভাবনা কম হওয়ার কিছু প্রধান কারণের মধ্যে রয়েছে যে মেয়েদের বাড়িতে তাদের মায়েদের সহায়তা করার জন্য প্রয়োজন, বিশ্বাস করার জন্য উত্থাপিত হয়েছে যে গার্হস্থ্য কাজের জীবন তাদের নির্ধারিত পেশা, নিরক্ষর মা রয়েছে যারা তাদের সন্তানদের শিক্ষিত করতে পারে না, পুরুষদের উপর অর্থনৈতিক নির্ভরশীলতা রয়েছে, এবং কখনও কখনও বাল্যবিবাহের অধীন হয়। অনেক দরিদ্র পরিবার তাদের মেয়েদের তাড়াতাড়ি বিয়ে করে এই বিশ্বাস নিয়ে যে সে যত বেশি বাড়িতে থাকবে, তত বেশি তাদের তার মধ্যে বিনিয়োগের প্রয়োজন হবে। এছাড়াও এটি একটি জনপ্রিয় বিশ্বাস যে তাদের তাড়াতাড়ি বিয়ে করা উচিত যাতে তারা তাদের জীবনের প্রথম দিকে অফ-স্প্রিং তৈরি করে।

1986 সালে ভারতে জাতীয় শিক্ষা নীতি (এনপিই) তৈরি করা হয় এবং সরকার মহিলা সামাখ্যা নামে এই কর্মসূচি চালু করে, যার লক্ষ্য ছিল নারীর ক্ষমতায়নের দিকে। প্রোগ্রামের লক্ষ্য হল মহিলাদের তাদের সম্ভাবনা উপলব্ধি করার জন্য একটি শেখার পরিবেশ তৈরি করা, তথ্য দাবি করা শিখতে এবং তাদের নিজের জীবনের দায়িত্ব নেওয়ার জ্ঞান খুঁজে বের করা। ভারতের কিছু নির্দিষ্ট ক্ষেত্রে অগ্রগতি হচ্ছে এবং বিদ্যালয়ে মেয়েদের তালিকাভুক্তি বৃদ্ধি পাচ্ছে এবং শিক্ষক বৃদ্ধি পেতে শুরু করেছে। 2001 সালের মধ্যে নারীদের সাক্ষরতা সামগ্রিক মহিলা জনসংখ্যার 50% অতিক্রম করেছে, যদিও এই পরিসংখ্যান",,773e1b820203,1337
286,CONTRADICTED,numeral,395,2,"এটি বিলুপ্তির সময়, এতে 2 জন সদস্য ছিল এবং এর মূল্য ছিল 2.5 মিলিয়ন ডলার।","বইগুলি কেবল ফেলে দেওয়া হচ্ছে এবং স্যাভালবার্ড গ্লোবাল বীজ ভল্ট দ্বারা অনুপ্রাণিত হয়ে কাহলে এখন প্রকাশিত প্রতিটি বইয়ের একটি অনুলিপি সংগ্রহ করার চিন্তাভাবনা করেছেন। ""আমরা সেখানে যাব না, তবে এটি আমাদের লক্ষ্য"", তিনি বলেছিলেন। বইগুলির পাশাপাশি, কাহলে ইন্টারনেট আর্কাইভের পুরানো সার্ভারগুলি সংরক্ষণ করার পরিকল্পনা করেছেন, যা 2010 সালে প্রতিস্থাপন করা হয়েছিল। 
ইন্টারনেট সংরক্ষণাগারটিতে ""বিশ্বের বৃহত্তম ঐতিহাসিক অনলাইন সফ্টওয়্যার সংগ্রহ"" রয়েছে, কম্পিউটার ম্যাগাজিন এবং জার্নাল, বই, শেয়ারওয়ার ডিস্ক, এফটিপি ওয়েব সাইট, ভিডিও গেমস ইত্যাদিতে কম্পিউটারের ইতিহাসের 50 বছরের ইতিহাস রয়েছে টেরাবাইট ইন্টারনেট সংরক্ষণাগার এটি সংরক্ষণের উপায় হিসাবে ""ভিনটেগ সফটওয়্যার"" হিসাবে বর্ণনা করে তার একটি সংরক্ষণাগার তৈরি করেছে। এই প্রকল্পটি অনুলিপি সুরক্ষা বাইপাস করার অনুমতি দেওয়ার জন্য মার্কিন যুক্তরাষ্ট্র ডিজিটাল মিলেনিয়াম কপিরাইট আইন থেকে ছাড়ের পক্ষে ছিল, যা 2003 সালে তিন বছরের জন্য অনুমোদিত হয়েছিল। সংরক্ষণাগারটি ডাউনলোডের জন্য সফ্টওয়্যারটি সরবরাহ করে না, কারণ অব্যাহতিটি কেবল ""একটি গ্রন্থাগার বা সংরক্ষণাগার দ্বারা প্রকাশিত ডিজিটাল কাজ সংরক্ষণ বা সংরক্ষণাগার পুনরুত্পাদন করার উদ্দেশ্যে।"" ছাড়টি 2006 সালে পুনর্নবীকরণ করা হয়েছিল এবং 2009 সালে অনির্দিষ্টকালের জন্য আরও বিধি বিধানের বিচারাধীন ছিল। লাইব",,773e1b820203,1337
287,CONTRADICTED,unit,দিন,মিনিট,"এর ঘূর্ণনকাল 11.1 মিনিট, সূর্য থেকে একটু বেশি।","এপসাইলন এরিড্যানি একটি কে2 শ্রেণীর প্রধান ধারার তারা যার অবস্থান যামী মণ্ডলে। যামী মণ্ডলের ইংরেজি নাম এরিড্যানাস। এরিড্যানাসের বর্গীয় নাম এরিড্যানি। এভাবেই এপসাইলন এরিড্যানাস নামটি এসেছে। এই তারার সবচেয়ে গুরুত্বপূর্ণ বৈশিষ্ট্য হচ্ছে, এটি সৌরজগৎ থেকে তৃতীয় নিকটতম। এই তারা বেশ নবীন, বয়স এক বিলিয়ন বছরেরও কম। বয়স কম হওয়ার কারণে এর চৌম্বক ক্রিয়া সূর্যের চেয়ে অনেক বেশি, আর এ কারণেই এ তারা থেকে আসা নাক্ষত্রিক ঝড় সৌর ঝড়ের তুলনায় 30 গুণ বেশি শক্তিশালী। এর ঘূর্ণনকাল 11.1 দিন, সূর্য থেকে একটু বেশি। এটা সূর্য থেকে বেশ ছোট, ভরও বেশ কম। এর ভেতরে ধাতব পদার্থ তথা হিলিয়ামের চেয়ে বেশি পারমাণবিক সংখ্যাবিশিষ্ট মৌলের পরিমাণ কম। 
 
2006 সালে এপসাইলন এরিড্যানির চারদিকে ঘূর্ণায়মান একটি গ্রহের সন্ধান পাওয়া যায়। এই গ্রহটি প্রতি 2502 দিনে তারাটিকে একবার আবর্তন করে, তারা থেকে এর দূরত্ব 3.4 জ্যোতির্বিজ্ঞান একক (505 মিলিয়ন কিমি)। 2008 সাল পর্যন্ত সকল তথ্য অনুসারে, এপসাইলন এরিড্যানিই সূর্যের সবচেয়ে কাছের তারা যার চারদিকে গ্রহ আছে। আরও আশ্চর্যজনক বিষয় হচ্ছে, এই তারার চারদিকে দুটি গ্রহাণু বেষ্টনী আছে, আমাদের সৌরজগৎে গ্রহাণু বেষ্টনী যেখানে মাত্র একটি। গ্রহাণু বেষ্টনীদ্বয়ের মধ্যে একটি তারা থেকে 3 জ্যোএ দূরে, অন্যটির দূরত্ব 20 জ্যোএ। দ্বিতীয় গ্রহাণু বেষ্টনীর পদার্থে কিছু আন্দোলন দেখে বিজ্ঞানীরা ",,773e1b820203,1337
288,CONTRADICTED,entity,নির্মিত,ইবেরীয়,"সনি টেন নেটওয়ার্কে মোট 5টি চ্যানেল ইবেরীয় হয়েছে; এগুলো হলঃ সনি টেন 1, সনি টেন 1 এইচডি, সনি টেন 2, সনি টেন 2 এইচডি, সনি টেন 3, সনি টেন 3 এইচডি, সনি সিক্স, সনি সিক্স এইচডি এবং সনি গলফ এইচডি।","সনি টেন হল এশিয়ার একটি নেতৃস্থানীয় ক্রীড়া ভিত্তিক নেটওয়ার্ক অপারেটিং টেলিভিশন চ্যানেল। সনি টেন নেটওয়ার্কে মোট 5টি চ্যানেল নির্মিত হয়েছে; এগুলো হলঃ সনি টেন 1, সনি টেন 1 এইচডি, সনি টেন 2, সনি টেন 2 এইচডি, সনি টেন 3, সনি টেন 3 এইচডি, সনি সিক্স, সনি সিক্স এইচডি এবং সনি গলফ এইচডি।

সনি টেন নেটওয়ার্ক আটটি ক্রিকেট বোর্ডের সাথে দীর্ঘমেয়াদী সম্প্রচারের অধিকার লাভ করেছে। তারা 2002 সাল থেকে দর্শকদের ক্রীড়াক্ষেত্রে অসাধারণ বিনোদন প্রদান করে আসছে।",,773e1b820203,1337
289,CONTRADICTED,entity,কার্ড,বিএআরসি,"হংকং এর অক্টোপাস বিএআরসি পদ্ধতিঃ গণপরিবহনের জন্য একটি ইলেকট্রনিক তহবিল হিসাবে 1997 সালে চালু করে, যা বড় পরিসরে পরিবহন ভাড়া পরিশোধে কন্ট্যাক্টলেস স্মার্ট কার্ডের সবচেয়ে সফল এবং পরিপক্ষ রুপায়ণ।","2016 সালের তথ্য মতে, 24 টিরও বেশি দেশ খতিয়ান বিতরণ প্রযুক্তিতে (ডিএলটি) 1.4 বিলিয়ন মার্কিন ডলার বিনিয়োগ করেছে। উপরন্তু, 90 টিরও বেশি কেন্দ্রীয় ব্যাংক ডিএলটি আলোচনায় যুক্ত হয়েছে, কেন্দ্রীয় ব্যাংকের জারিকৃত ডিজিটাল মুদ্রার প্রভাব এর মধ্যে অন্তর্ভুক্ত।
হংকং এর অক্টোপাস কার্ড পদ্ধতিঃ গণপরিবহনের জন্য একটি ইলেকট্রনিক তহবিল হিসাবে 1997 সালে চালু করে, যা বড় পরিসরে পরিবহন ভাড়া পরিশোধে কন্ট্যাক্টলেস স্মার্ট কার্ডের সবচেয়ে সফল এবং পরিপক্ষ রুপায়ণ। মাত্র 5 বছর পরে, 25 ভাগ অক্টোপাস কার্ডের লেনদেন শুধু পরিবহনের যাথে সম্পর্কযুক্ত ছিল না এবং 150 টিরও বেশি আড়তদার এটি গ্রহণ করে।
লন্ডন ট্রান্সপোর্ট ওইস্টার কার্ড পদ্ধতিঃ ওইস্টার একটি প্লাস্টিক স্মার্টকার্ড যাতে চলমান ক্রেডিট, ট্র্যাভেল কার্ড এবং বাস ও ট্রাম সিজনের টিকেট হিসেবে ভাড়া জমা রাখা যায়। লন্ডনে বাস, টিউব, ট্রাম, ডিলার, লন্ডন ওভারগ্রাউন্ড এবং অধিকাংশ জাতীয় রেল সার্ভিসে ভ্রমণ করার জন্য আপনি একটি ওইস্টার কার্ড ব্যবহার করতে পারেন।
জাপানের ফেলিকাঃ একটি যোগাযোগহীন আরএফআইডি স্মার্টকার্ড, বিভিন্নভাবে যেমন পাবলিক পরিবহনের টিকেটিং, ই-টাকা, এবং বাসার দরজার চাবিগুলোর জন্য ব্যবহৃত হয়।
নেদারল্যান্ডের চিপ্কনিপঃ নেদারল্যান্ডে ব্যবহৃত এক ধরনের ক্যাশ পদ্ধতি, ডাচ ব্যাংক কর্তৃক ইস্যু করা সমস্ত এটিএম কার্ড চিপ্কনিপ লোডিং স্টেশনগুলির মাধ্যমে লোড করা ",,773e1b820203,1337
290,SUPPORTED,gold,,,তিনি দ্রুত ভারতে একজন আকর্ষনীয় মডেল ও উপস্থাপিকায় পরিনত হন।,ভারতে এমটিভি চালু হবার পর তিনি ছিলেন চ্যানেলটির সবচেয়ে জনপ্রিয় ভিডিও জকি বা ভিজে। তিনি দ্রুত ভারতে একজন আকর্ষনীয় মডেল ও উপস্থাপিকায় পরিনত হন। মালাইকার মা একজন মালায়লী এবং বাবা একজন পাঞ্জাবী। তার পিতা অনিল অরোরা নৌবাহিনীতে কাজ করতেন। তার মায়ের নাম জয়েস পলিকার্প। মুম্বাইয়ের স্বামী বিবেকানন্দ স্কুল থেকে মালাইকা তার দশম গ্রেড সম্পন্ন করেন। তার খালা গ্রেস পলিকার্প ছিলেন সে বিদ্যালয়ের অধ্যক্ষ। তিনি হলি ক্রস কনভেন্ট উচ্চ বিদ্যালয়ের একজন প্রাক্তন ছাত্রীও ছিলেন যেখানে তিনি নবম গ্রেড পর্যন্ত পড়াশোনা করেছেন। মডেলিংকে পেশা হিসেবে নেবার আগে তিনি বরলা সোসাইটির কাছে বাসান্ত টকিসে থাকতেন। বিভিন্ন পুরস্কার বিতরনী অনুষ্ঠানে তার সপ্রতিভ উপস্থাপনায় মুগ্ধ হয়ে এমটিভি ইন্ডিয়া তাকে তাদের চ্যানেলে নিয়োগ দেয়। এখান থেকে তিনি তার মডেলিং জীবন প্রসারিত করেন। মালাইকা এসময় প্রভূত বিজ্ঞাপনে অংশ নিয়েছিলেন। এছাড়া হিন্দি চলচ্চিত্রে গানের চিত্রায়নে অংশ নিয়ে তিনি জনপ্রিয়তা পেয়েছেন। এর মধ্যে উল্লেখযোগ্য কিছু গান হচ্ছে ছাইয়া ছাইয়া (দিল সে ছবিতে শাহরুখ খানের বিপরীতে) এবং কাল ধামাল (কাল ছবিতে)। এর পর তিনি টেলিভশন ও মডেলিং ক্যারিয়ারে জোর দেন।,,773e1b820203,1337
291,CONTRADICTED,entity,মনুষ্যপ্রেরিত,পপুলেশন,"এই ধারণার সপক্ষে কোনও বৈজ্ঞানিক প্রমাণ পাওয়া যায় না; পপুলেশন মহাকাশযান চাঁদ প্রদক্ষিণ বা চাঁদে অবতরণ করার সময় থেকে যে ভূকম্পীয় পর্যবেক্ষণ চালানো হয়েছে বা অন্যান্য তথ্য সংগৃহীত হয়েছে, তার থেকে ইঙ্গিত পাওয়া যায় যে চাঁদের একটি পাতলা ভূত্বক, বিস্তৃত গুরুমণ্ডল এবং ছোটো ও ঘন অন্তস্থল রয়েছে; যদিও সামগ্রিকভাবে চাঁদের ঘনত্ব পৃথিবীর ঘতত্বের চেয়ে অনেক কম।","শূন্যগর্ভ চাঁদ প্রকল্পনা বা মহাকাশযান চাঁদ প্রকল্পনা অনুযায়ী, পৃথিবীর চাঁদ হয় সম্পূর্ণ শূন্যগর্ভ অথবা এটির অভ্যন্তরভাগে উল্লেখযোগ্য পরিমাণে খালি জায়গা রয়েছে। এই ধারণার সপক্ষে কোনও বৈজ্ঞানিক প্রমাণ পাওয়া যায় না; মনুষ্যপ্রেরিত মহাকাশযান চাঁদ প্রদক্ষিণ বা চাঁদে অবতরণ করার সময় থেকে যে ভূকম্পীয় পর্যবেক্ষণ চালানো হয়েছে বা অন্যান্য তথ্য সংগৃহীত হয়েছে, তার থেকে ইঙ্গিত পাওয়া যায় যে চাঁদের একটি পাতলা ভূত্বক, বিস্তৃত গুরুমণ্ডল এবং ছোটো ও ঘন অন্তস্থল রয়েছে; যদিও সামগ্রিকভাবে চাঁদের ঘনত্ব পৃথিবীর ঘতত্বের চেয়ে অনেক কম।

শূন্যগর্ভ চাঁদের ধারণাটি অধিকতর পরিচিত শূন্যগর্ভ পৃথিবী প্রকল্পনার অনুরূপ, যা অতীতে ছিল প্রাক্-মহাকাশ অভিযান কল্পবিজ্ঞানের একটি জনপ্রিয় প্রেক্ষাপট। 1692 সালে বিজ্ঞানী এডমন্ড হ্যালি প্রথম একটি শূন্যগর্ভ পৃথিবীর কথা আলোচনা করেন। কিন্তু শূন্যগর্ভ চাঁদের কথা 1901 সালে এইচ. জি. ওয়েলসের দ্য ফার্স্ট ম্যান ইন দ্য মুন উপন্যাসেই প্রথম উল্লিখিত হয়।",,773e1b820203,1337
292,CONTRADICTED,date,1950,1964,1964 সালে গণচীনে তিব্বতের অন্তর্ভুক্তি এবং 1962 সালে চীন-ভারত যুদ্ধ সংঘটিত হওয়ার পর বাণিজ্যের পদ্ধতি বদলে যায় এবং ভারত ও তিব্বতের মাঝে অবস্থিত পুরনো বাণিজ্য পথটির ব্যবহার কমে যাওয়ার পাশাপাশি পথটিতে লবণ বোঝাই ক্যারাভান অচল হয়ে পড়ে।,"তিব্বত-নেপাল লবণ বাণিজ্য পথ হল একটি প্রাচীন তিব্বতীয় মালভূমি এবং নেপালের মধ্য পাহাড়ের মধ্যকার একটি লবণ বাণিজ্যপথ যা নেপাল পর্যন্ত পৌঁছে ভারতের দিকে চলে যায়। 1950 সালে গণচীনে তিব্বতের অন্তর্ভুক্তি এবং 1962 সালে চীন-ভারত যুদ্ধ সংঘটিত হওয়ার পর বাণিজ্যের পদ্ধতি বদলে যায় এবং ভারত ও তিব্বতের মাঝে অবস্থিত পুরনো বাণিজ্য পথটির ব্যবহার কমে যাওয়ার পাশাপাশি পথটিতে লবণ বোঝাই ক্যারাভান অচল হয়ে পড়ে। ইতিহাসে দেখা গেছে, নেপালী এবং তিব্বতীয়রা গিরিপথগুলো দিয়ে একে অপরের সাথে বাণিজ্য করতো। বাণিজ্যকৃত সবচাইতে গুরুত্বপূর্ণ পণ্যগুলোর দুটি ছিল তিব্বতের হ্রদ হতে প্রাপ্ত লবণ (যেমন নামটসো), এবং নেপালের মধ্য পাহাড়ের চাল। বহু শতাব্দী ধরে, তিব্বতের লবণ ও উল এবং নেপালের শস্য ও অন্যান্য কৃষি পণ্যের বিনিময় একটি বাণিজ্যিক ভিত্তি তৈরি করে যা ঐতিহ্যগতভাবে বিভিন্ন, অধিকাংশ তিব্বতি-ভাষী সম্প্রদায়ের কাছে ছিল। খ্যাম্পার মতন যাযাবর দল, যাদের নিজেদের কোন জমি ছিলো না, বেঁচে থাকার নিমিত্তে তারা ভেড়া, ছাগল এবং চমরী গাই ব্যবহার করে লবণ ও চাল ক্রয়ে অংশ নিতো। ভারত ও চীনের অন্যান্য পণ্যগুলোও বাণিজ্যে বিক্রি করা হত।
তিব্বতের প্রচুর লবণ থাকলেও তাদের কাছে চাল ছিলো সামান্য, অন্যদিকে দক্ষিণ নেপালে প্রচুর চাল পাওয়া গেলেও লবণের অভাব ছিলো। ব্যবসায়ীরা এই সমস্যা সমাধানে সক্ষম ছিল; তারা তিব্বত থেকে লবণ যতই নিয়ে যেত, তা ততই ",,773e1b820203,1337
293,CONTRADICTED,unit,একর,ফুট,"1,981 ফুট এলাকা বিস্তৃত এই বিমানবন্দর দিয়ে দেশের প্রায় 52 শতাংশ আন্তর্জাতিক এবং আভ্যন্তরীন ফ্লাইট উঠা-নামা করে, যেখানে চট্টগ্রামে অবস্থিত দেশের দ্বিতীয় বৃহত্তম বিমানবন্দর শাহ আমানত আন্তর্জাতিক বিমানবন্দর প্রায় 17 শতাংশ যাত্রী ব্যবহার করে।","হযরত শাহ্জালাল আন্তর্জাতিক বিমানবন্দর (পুরানো নাম: জিয়া আন্তর্জাতিক বিমানবন্দর) রাজধানী ঢাকার কুর্মিটোলায় অবস্থিত বাংলাদেশের প্রধান এবং সবচেয়ে বড় আন্তর্জাতিক বিমানবন্দর। এটি 1980 সালে এর কার্যক্রম শুরু করার পরে, পূর্বের বাংলাদেশের একমাত্র আন্তর্জাতিক বিমানবন্দর ছিল তেজগাঁও বিমানবন্দর থেকে এর কার্যক্রম স্থানান্তর করা হয়। এটি বিমান বাংলাদেশ এয়ারলাইন্স, রিজেন্ট এয়ারওয়েজ, ইউএস-বাংলা এয়ারলাইন্স, ইউনাইটেড এয়ারওয়েজ-সহ বাংলাদেশের সকল এয়ার লাইন্সগুলোর হোম বেস। 
 
1,981 একর এলাকা বিস্তৃত এই বিমানবন্দর দিয়ে দেশের প্রায় 52 শতাংশ আন্তর্জাতিক এবং আভ্যন্তরীন ফ্লাইট উঠা-নামা করে, যেখানে চট্টগ্রামে অবস্থিত দেশের দ্বিতীয় বৃহত্তম বিমানবন্দর শাহ আমানত আন্তর্জাতিক বিমানবন্দর প্রায় 17 শতাংশ যাত্রী ব্যবহার করে। এ বিমানবন্দর দিয়ে বার্ষিক প্রায় 40 লক্ষ আন্তর্জাতিক ও 10 লক্ষ অভ্যন্তরীন যাত্রী এবং 150,000 টন ডাক ও মালামাল আসা-যাওয়া করে। 
 
শাহজালাল আন্তর্জাতিক বিমানবন্দর বাংলাদেশকে বিশ্বের বিভিন্ন গুরুত্বপূর্ণ শহরগুলোর সাথে সংযুক্ত করেছে। বিমান বাংলাদেশ এয়ারলাইন্স এই বিমানবন্দর থেকে ইউরোপ এবং এশিয়ার 18টি শহরে চলাচল করে।",,773e1b820203,1337
294,NEUTRAL,cross_passage,,,বেলজীয় কার্টুনিস্ট অ্যার্জে-সৃষ্ট এই চরিত্রটি প্রথম আবির্ভূত হয় 1929 সালে ল্য ভাঁতিয়েম সিয়েকল সংবাদপত্রের ল্য প্যতি ভাঁতিয়েম নামক বেলজীয় শিশুতোষ ক্রোড়পত্রে।,"ব্রিটিশ আমলে ঔপনিবেশিকতাবিরোধী স্বাধীনতা আন্দোলনে অংশগ্রহণের মধ্য দিয়ে গড়ে উঠেছে মুজিবের রাজনৈতিক দর্শন। এই সময় থেকেই তিনি বাঙালি জাতীয়তাবাদের প্রতি আকৃষ্ট হয়েছিলেন। মুসলিম লীগে তিনি ছিলেন শহীদ সোহ্রাওয়ার্দী এবং আবুল হাশিমের নেতৃত্বাধীন উপদলে, যারা প্রগতিশীল বলে পরিচিত ছিলেন। তবে মুসলিম লীগের প্রতি দলীয় আনুগত্যের তুলনায় সোহ্রাওয়ার্দীর প্রতি তার ব্যক্তিগত আনুগত্য প্রবল ছিল। আবদুল গাফফার চৌধুরীর মতে, শেখ মুজিব শহীদ সোহরাওয়ার্দীর রাজনৈতিক শিষ্য হিসেবে পরিচিত হলেও তার রাজনৈতিক চরিত্র গড়ে উঠেছিল শেরে বাংলা এ কে ফজলুল হক, আবুল হাশিম, সুভাষ বসু ও মাওলানা ভাসানীর রাজনীতির প্রভাব বলয়ে থেকে। তিনি পাকিস্তান আন্দোলনের একনিষ্ঠ কর্মী ছিলেন; আবার তিনি যুক্তবঙ্গ প্রতিষ্ঠার উদ্যোগেও সামিল হন। অনেক ঐতিহাসিক শেখ মুজিবের তৎকালীন জাতীয়তাবাদী অবস্থানকে প্রকৃতপক্ষে বাঙালি মুসলমান জাতীয়তাবাদ হিসেবে বর্ণনা করেন। তার নিজের ভাষ্য অনুযায়ী তারা, অর্থাৎ শিক্ষিত বাঙালি মুসলমান সমাজ লাহোর প্রস্তাব অনুযায়ী বাংলা ও আসাম নিয়ে ভারতের বাইরে পৃথক রাষ্ট্রের ধারণার সমর্থক ছিলেন। কিন্তু তৎকালীন বাস্তবতায় মুসলিম লীগের নেতৃত্বে সৃষ্ট পাকিস্তান রাষ্ট্রের মধ্যে বাঙালি মুসলমানের ভবিষ্যৎ গড়তে বাধ্য হন।

পাকিস্তান সৃষ্টির পর শেখ মুজিবুর রহমানের রাজনৈতিক দৃষ্টিভঙ্গি ও কার্যকলাপ পাকিস্তান রাষ্ট্রের মধ্যে পূর্ব ব",,773e1b820203,1337
295,CONTRADICTED,unit,বছর,বর্গকিলোমিটার,শীতকালীন অলিম্পিক গেমস হল একটি বড় আকারের আন্তর্জাতিক বহু-ক্রীড়া প্রতিযোগিতা যা প্রত্তেক চার বর্গকিলোমিটার পর পর অনুষ্ঠিত হয়।,"শীতকালীন অলিম্পিক গেমস হল একটি বড় আকারের আন্তর্জাতিক বহু-ক্রীড়া প্রতিযোগিতা যা প্রত্তেক চার বছর পর পর অনুষ্ঠিত হয়। শীতকালীন অলিম্পিক গ্রীষ্মকালীন অলিম্পিক গেমসের মত নয়, এর বৈশিষ্ট্য হল ক্রীড়াসমূহ তুষার ও বরফের উপর অনুশীলন করা হয়। শীতকালীন অলিম্পিক গেমসের প্রথম আসর বসে ফ্রান্সের চেমনিক্সে 1924 সালে। শীতকালীন অলিম্পিকের মূল পাঁচটি ক্রীড়া (যেগুলো আবার নয়টি বিভাগে বিভক্ত) ছিল ববস্লেইগ, কার্লিং, আইস হকি, নরডিক স্কিইং (এর বিভাগ গুলো হল মিলিটারি প্যাট্রোল, ক্রস কান্ট্রি স্কিইং, নরডিক কম্বাইন্ড এবং স্কী জাম্পিং) এবং স্কেটিং (এর বিভাগ গুলো হল ফিগার স্কেটিং এবং স্পীড স্কেটিং।",,773e1b820203,1337
296,NEUTRAL,cross_passage,,,"2007 সালে বিশ্বব্যাংকের একটি প্রতিবেদনে উল্লেখ করা হয়েছে যে যে ক্ষেত্রগুলিতে মহিলাদের কর্মশক্তির অংশগ্রহণ সর্বাধিক বৃদ্ধি পেয়েছে তা হলো কৃষিক্ষেত্র, শিক্ষা এবং স্বাস্থ্য ও সামাজিক কাজের ক্ষেত্রে শ্রমশক্তির তিন চতুর্থাংশেরও বেশি মহিলা কৃষিতে কাজ করে, অন্যদিকে আন্তর্জাতিক শ্রম সংস্থা জানিয়েছে যে 2000 থেকে 2005 সালের মধ্যে পেশাদার এবং প্রশাসনিক ক্ষেত্রে মহিলাদের কর্মশক্তির অংশগ্রহণ কেবল বৃদ্ধি পেয়েছে, উচ্চতর শিক্ষার প্রয়োজন এমন খাতগুলিতে মহিলাদের বর্ধিত অংশগ্রহণ প্রদর্শন করে।","আমাদের জানা সবচেয়ে প্রাচীন বোর্ডের খেলা সমূহের মধ্যে ব্যাকগ্যামন অন্যতম। এটা একটি দুইজন প্রতিপক্ষের খেলা যাতে খেলার গুটিসমূহ ছক্কা চালনা অনুসারে স্থান পরিবর্তন করে, আর খেলায় জিততে হলে একজন খেলোয়াড়কে প্রতিপক্ষের আগে বোর্ড থেকে নিজের সকল গুটি অপসারণ করতে হয়। ব্যাকগ্যামন টেবিলের (বোর্ডের খেলা) ধরনের মধ্যে পরে, পৃথিবীর অন্যতম একটি পুরাতন বোর্ডের খেলা।

ব্যাকগ্যামন খেলার জন্য একসাথে পরিকল্পনা এবং ভাগ্যের (ছক্কা গড়ানোর ক্ষেত্রে) নির্ভর করতে হয়। যেখানে একটা নির্দিষ্ট দানের পরিণতি ছক্কার চালের উপর নির্ভর করলেও, একজন ভালো খেলোয়াড় বিভিন্ন দান থেকে একটি সম্মিলিত ভাল ফলাফল অর্জন করতে পারে, অনেকটা পোকারের মত। ছক্কার প্রতি দানে, খেলোয়াড়কে তার গুটি সরানোর জন্যে বিভিন্ন চাল থেকে বাছাই করতে হবে এবং প্রতিপক্ষের সম্ভাব্য পাল্টা-চালসমূহ অনুমান করতে হবে। দ্বিগুন করার ঘনক ঐচ্ছিক সুযোগটি ব্যবহারের মাধ্যমে খেলোয়াড়রা খেলা চলা অবস্থায় দানের ফলাফল বাড়াতে পারে।",,773e1b820203,1337
