qid,is_answerable,abstained,route,expected_class,pid,gold_pid,retrieved_gold,answer,gold,score,margin,tier1_em,tier2_token_f1,tier3_stem_syn_f1
bn_wiki_2812_01,True,False,span,THING,bn_wiki_2812,bn_wiki_2812,True,ল্যুভর,ল্যুভর জাদুঘরে,0.003053132808849979,8.079242280035256e-06,0.0,0.6666666666666666,0.6666666666666666
bn_wiki_2812_02,True,False,span,PLACE,bn_wiki_2812,bn_wiki_2812,True,অংশবিশেষ,খুব সম্ভবত মেসোপটেমিয়া ত্থেকে,0.0036706174975787505,4.005400848803003e-06,0.0,0.0,0.0
bn_wiki_2812_03,True,False,span,THING,bn_wiki_2812,bn_wiki_2812,True,অংশবিশেষ,দ্বাদশ শতাব্দীতে,0.003203205032421344,1.9840809229003387e-06,0.0,0.0,0.0
bn_wiki_2812_04,True,False,span,THING,bn_wiki_2812,bn_wiki_2812,True,সেমেটিক (আক্কাদীয়ান,সেমেটিক (আক্কাদীয়ান),0.0014454480777192956,6.026463884993474e-06,1.0,1.0,1.0
bn_wiki_2812_05,True,False,span,PERSON,bn_wiki_2812,bn_wiki_2812,True,"56, 55",,0.00108198332927298,5.5528503243721435e-06,0.0,0.0,0.0
bn_wiki_2275_01,True,False,span,THING,bn_wiki_2275,bn_wiki_2275,True,"3, 2112",মাৎসুশিবা রোবোট,0.004073658976062979,5.828262413243301e-06,0.0,0.0,0.0
bn_wiki_2275_02,True,False,span,TIME,bn_wiki_2275,bn_wiki_2275,True,3,2112,0.0409272269730655,2.860633879464558e-05,0.0,0.0,0.0
bn_wiki_2275_03,True,False,polarity,POLARITY,bn_wiki_2275,bn_wiki_2275,True,ডোরেমন তৈরির,,0.004152130104105161,2.675397035644539e-06,0.0,0.0,0.0
bn_wiki_2275_04,True,False,span,REASON,bn_wiki_2275,bn_wiki_2275,True,ডোরেমন তৈরির সময় দুজন সন্ত্রাসী টাইম,ডোরেমন তৈরির সময় দুজন সন্ত্রাসী টাইম ওয়ার্প দিয়ে টাইম প্যাট্রোল থেকে পালাচ্ছিলো যার ফলে,0.005592643253999784,3.818710343207916e-06,0.0,0.6,0.6
bn_wiki_2275_05,True,False,span,PERSON,bn_wiki_2275,bn_wiki_2275,True,দুজন ক্লাসমেট,জিয়ান ও সুনেওর,0.0059044028852302385,5.524055127367408e-05,0.0,0.0,0.0
bn_wiki_0406_01,True,False,span,NUMBER,bn_wiki_0406,bn_wiki_0406,True,55,55 লাখ,0.03105566997154066,0.00119329872851269,0.0,0.6666666666666666,0.6666666666666666
bn_wiki_0406_02,True,False,list,NUMBER,bn_wiki_0406,bn_wiki_0406,True,12,26টি,0.011396254167225365,4.788785110516891e-06,0.0,0.0,0.0
bn_wiki_0406_03,True,False,list,NUMBER,wiki_15442_18,bn_wiki_0406,True,1993,দুটি,0.4660892350951141,0.3006989527323155,0.0,0.0,0.0
bn_wiki_0406_04,True,False,span,PROCESS,bn_wiki_0406,bn_wiki_0406,True,"ইঞ্জিন, ব্রেক, স্টিয়ারিং এবং অন্যসব নিয়ন্ত্রণ প্রক্রিয়াকে সমন্বিত",গাড়ি সামের্থ্যর সর্বোচ্চ পর্যায়ে পৌছা পর্যন্ত গাড়িকে স্থিতিশীল রাখতে সাহায্য করে,0.00648707164173563,3.256433214153531e-05,0.0,0.0,0.0
bn_wiki_0406_05,True,False,span,TIME,bn_wiki_0408,bn_wiki_0406,True,16,,0.03949294474518308,0.008534529318408122,0.0,0.0,0.0
bn_wiki_2967_01,True,False,polarity,THING,bn_wiki_2967,bn_wiki_2967,True,পত্রিকায় হঠাৎ,হ্যাঁ,0.0016136197246337132,1.6688985408821327e-07,0.0,0.0,0.0
bn_wiki_2967_02,True,False,span,TIME,bn_wiki_2967,bn_wiki_2967,True,2015,2015 সালের,0.07179005054621913,0.000626362653304055,0.0,0.6666666666666666,0.6666666666666666
bn_wiki_2967_03,True,False,polarity,POLARITY,bn_wiki_2967,bn_wiki_2967,True,চিকিৎসা শাখায়,ইলেক্ট্রিক্যাল এন্ড মেকানিক্যাল ইঞ্জিনিয়ার্স,0.002807689186106319,4.758380967422211e-06,0.0,0.0,0.0
bn_wiki_2967_04,True,False,polarity,UNKNOWN,bn_wiki_2967,bn_wiki_2967,True,2018,হ্যাঁ,0.0026173687397748747,3.900646060569016e-07,0.0,0.0,0.0
bn_wiki_2967_05,True,False,span,REASON,bn_wiki_2967,bn_wiki_2967,True,তিনজন গোলন্দাজ রেজিমেন্টের,,0.0031962062651324204,3.2282802132843885e-05,0.0,0.0,0.0
bn_wiki_2574_01,True,False,span,UNKNOWN,bn_wiki_2574,bn_wiki_2574,True,স্লাটওয়াকের,স্লাটওয়াকের,0.003477907776858079,5.56339150625737e-05,1.0,1.0,1.0
bn_wiki_2574_02,True,False,span,PLACE,bn_wiki_2574,bn_wiki_2574,True,জুলাই,ভোপালে,0.004384915534620555,1.0540042265094925e-05,0.0,0.0,0.0
bn_wiki_2574_03,True,False,span,THING,bn_wiki_2574,bn_wiki_2574,True,বেশমি,নাম,0.0034555893166323503,1.0178735956097723e-08,0.0,0.0,0.0
bn_wiki_2574_04,True,False,polarity,POLARITY,bn_wiki_2574,bn_wiki_2574,True,প্রায়ই,,0.00685611910488897,0.00011910278449495798,0.0,0.0,0.0
bn_wiki_2574_05,True,False,polarity,POLARITY,bn_wiki_2574,bn_wiki_2574,True,পিরিয়ড,,0.007853476830256147,0.0001433883810387799,0.0,0.0,0.0
bn_wiki_1212_01,True,False,span,PLACE,bn_wiki_1212,bn_wiki_1212,True,জাপানভিত্তিক,জাপান,0.0038062667279266183,0.0002119719692493631,0.0,0.0,0.0
bn_wiki_1212_02,True,False,polarity,THING,bn_wiki_2276,bn_wiki_1212,True,নামটি জাপানি,হ্যাঁ,0.00697821701775335,5.275486225364556e-07,0.0,0.0,0.0
bn_wiki_1212_03,True,False,span,TIME,bn_wiki_2276,bn_wiki_1212,True,1,1997 সালের 1 এপ্রিল,0.01665232274259169,0.00020949033314334592,0.0,0.4,0.4
bn_wiki_1212_04,True,False,polarity,POLARITY,wiki_33053_4,bn_wiki_1212,True,অমার্জিতভাবে মুক্ত,অ্যাশ কেচম,0.0018794203271144134,2.9649906127980023e-06,0.0,0.0,0.0
bn_wiki_1212_05,True,False,polarity,POLARITY,bn_wiki_2276,bn_wiki_1212,True,1,,0.007051046653066582,5.2317727515192695e-05,0.0,0.0,0.0
bn_wiki_0932_01,True,False,span,PERSON,bn_wiki_0932,bn_wiki_0932,True,টয়োটা অগ্রগতিতে,টয়োটা,0.0030828210538196444,8.601417118529828e-06,0.0,0.6666666666666666,0.6666666666666666
bn_wiki_0932_02,True,False,span,TIME,bn_wiki_0932,bn_wiki_0932,True,1998,1998,0.023526641921884965,0.0003644541794822695,1.0,1.0,1.0
bn_wiki_0932_03,True,False,span,PERSON,bn_wiki_0932,bn_wiki_0932,True,টয়োটা গাড়ি,টয়োটা গাড়ি,0.003929668442007081,3.2891755113815396e-06,1.0,1.0,1.0
bn_wiki_0932_04,True,False,polarity,POLARITY,bn_wiki_0932,bn_wiki_0932,True,2008,টয়োটা ক্রাউন-এ অ্যাডাপটিভ ভেরিয়েবল সাসপেনশন সিস্টেমের (এনএভিআই / এআই-এভিএস) সাথে সংযুক্ত বিশ্বের প্রথম নেভিগেশন সিস্টেম-সংযুক্ত ব্রেক সহায়তা ফাংশন এবং নেভিগেশন সিস্টেম,0.0027165304786300097,5.549970110167637e-06,0.0,0.0,0.0
bn_wiki_0932_05,True,False,polarity,POLARITY,nctb_9_10_Geography_3_61,bn_wiki_0932,False,01088] 20910011115,,0.005265731408252073,2.1947204631212608e-05,0.0,0.0,0.0
bn_wiki_2626_01,True,False,polarity,THING,bn_wiki_2626,bn_wiki_2626,True,এনভায়রনমেন্ট সেক্সচুয়াল,হ্যাঁ,0.0013242823202989783,6.117535874326611e-07,0.0,0.0,0.0
bn_wiki_2626_02,True,False,span,PERSON,bn_wiki_2626,bn_wiki_2626,True,ক্যালিফোর্নিয়া বিশ্ববিদ্যালয়ের,সাউদার্ন ক্যালিফোর্নিয়া বিশ্ববিদ্যালয়ের ইনস্টিটিউট ফর ক্রিয়েটিভ টেকনোলজিস এবং ইউএস আর্মি রিসার্চ ল্যাবরেটরি,0.002800021353838639,4.678701099576112e-06,0.0,0.2857142857142857,0.2857142857142857
bn_wiki_2626_03,True,False,span,PERSON,bn_wiki_2626,bn_wiki_2626,True,লাইট,কমান্ড দলের,0.003561842001969826,2.605394033828711e-06,0.0,0.0,0.0
bn_wiki_2626_04,True,False,span,TIME,bn_wiki_2626,bn_wiki_2626,True,21,2016 সালের 21 মার্চ,0.013509995699779589,1.4260031855149041e-05,0.0,0.4,0.4
bn_wiki_2626_05,True,False,polarity,THING,bn_wiki_2626,bn_wiki_2626,True,21,,0.0022841421166433892,8.114440638820608e-06,0.0,0.0,0.0
bn_wiki_2402_01,True,False,list,THING,bn_wiki_2402,bn_wiki_2402,True,9,হোমেরিক যুগ; জ্যামিতিক যুগ,0.0016754299829805962,1.1294794721053956e-05,0.0,0.0,0.0
bn_wiki_2402_02,True,False,span,THING,bn_wiki_2402,bn_wiki_2402,True,9,1100 অব্দ থেকে শুরু করে খ্রিস্টপূর্ব 9ম শতাব্দীতে,0.001730996242411854,2.0762555804554198e-05,0.0,0.19999999999999998,0.19999999999999998
bn_wiki_2402_03,True,False,span,PROCESS,bn_wiki_2402,bn_wiki_2402,True,অল্পবিস্তর সাংস্কৃতিক উন্নতির,ইউবোয়ার লেলান্টাইন সমভূমির লেফকান্দি থেকে প্রাপ্ত হস্তনির্মিত দ্রব্যাদি,0.0043562297769729,0.00015974013122621762,0.0,0.0,0.0
bn_wiki_2402_04,True,False,polarity,THING,bn_wiki_2402,bn_wiki_2402,True,সময়কালীন,হ্যাঁ,0.005013899077575346,0.00016429611321458742,0.0,0.0,0.0
bn_wiki_2402_05,True,False,span,THING,wiki_15880_1,bn_wiki_2402,True,মাইসেনিয়ান সভ্যতার,,0.002883875179613035,2.1561085814033633e-05,0.0,0.0,0.0
bn_wiki_0951_01,True,False,span,TIME,bn_wiki_0951,bn_wiki_0951,True,1973,1973,0.06248517878967179,0.0011988546099161099,1.0,1.0,1.0
bn_wiki_0951_02,True,False,span,THING,bn_wiki_0951,bn_wiki_0951,True,5100,আইবিএম 5100,0.0028402917527796177,2.4530945667680486e-05,0.0,0.6666666666666666,0.6666666666666666
bn_wiki_0951_03,True,False,span,TIME,wiki_41885_2,bn_wiki_0951,True,1981,1975,0.033444704938302476,0.0003639154074444109,0.0,0.0,0.0
bn_wiki_0951_04,True,False,span,THING,bn_wiki_0953,bn_wiki_0951,False,জটিল,,0.007820013311502966,2.0077248602256258e-05,0.0,0.0,0.0
bn_wiki_0951_05,True,False,list,THING,bn_wiki_0953,bn_wiki_0951,False,যন্ত্রটি উভয়ের,,0.005951109901914118,7.7226161404053e-05,0.0,0.0,0.0
bn_wiki_1091_01,True,False,span,REASON,bn_wiki_1091,bn_wiki_1091,True,আন্তর্জাতিক ক্যাপিটাল মুভমেন্টের কালজয়ী অবদান রাখার,আন্তর্জাতিক ক্যাপিটাল মুভমেন্টের কালজয়ী অবদান রাখার জন্য,0.0017134936330533439,6.181946951390417e-06,0.0,0.923076923076923,0.923076923076923
bn_wiki_1091_02,True,False,span,PERSON,bn_wiki_1091,bn_wiki_1091,True,সিবিই এফবিএ,বার্টিল ওহলিনের,0.001489194068440829,8.105943861506535e-06,0.0,0.0,0.0
bn_wiki_1091_03,True,False,list,THING,bn_wiki_1091,bn_wiki_1091,True,1926,দর্শন; রাজনীতি; অর্থনীতি,0.0030624264444893898,8.095345386395329e-05,0.0,0.0,0.0
bn_wiki_1091_04,True,False,list,PERSON,bn_wiki_1091,bn_wiki_1091,True,আগ্রহ বৃদ্ধি,ডেনিস রবার্টসন; জন মেনার্ড কেইনস,0.005192137387522549,1.2427652544507763e-05,0.0,0.0,0.0
bn_wiki_1091_05,True,False,span,THING,bn_wiki_1091,bn_wiki_1091,True,23,,0.003205930524475939,8.64615899535525e-06,0.0,0.0,0.0
bn_wiki_1002_01,True,False,span,UNKNOWN,bn_wiki_1002,bn_wiki_1002,True,1789,পাঁচ,0.00552044972682834,1.1098907482433133e-05,0.0,0.0,0.0
bn_wiki_1002_02,True,False,list,PERSON,bn_wiki_1002,bn_wiki_1002,True,পাঁচ বছর,জেমস কুক; জ্যঁ-ফ্রাঁসোয়া দ্য গালপ; কঁতে দে লা পেরুজ,0.00728250489665256,0.0002555410852011107,0.0,0.0,0.0
bn_wiki_1002_03,True,False,span,REASON,bn_wiki_1002,bn_wiki_1002,True,দেশে ফিরে আসার পরপরই,সরকারকে উৎখাতের ষড়যন্ত্রে মালাস্পিনার সম্পৃক্ততার অভিযোগ আসে তাই,0.006683297789198333,1.8388369305199527e-05,0.0,0.0,0.0
bn_wiki_1002_04,True,False,span,REASON,bn_wiki_1002,bn_wiki_1002,True,পরিচালনার শুরু থেকেই,,0.004271354643682563,1.2488010688501035e-05,0.0,0.0,0.0
bn_wiki_1911_01,True,False,polarity,POLARITY,bn_wiki_1911,bn_wiki_1911,True,5,হ্যাঁ,0.007162078811378145,0.00016820786531434803,0.0,0.0,0.0
bn_wiki_1911_02,True,False,span,NUMBER,bn_wiki_1911,bn_wiki_1911,True,250,"15,00,00,000 কি.মি",0.01654566757309543,9.872424996957424e-05,0.0,0.0,0.0
bn_wiki_1911_03,True,False,span,NUMBER,bn_wiki_1911,bn_wiki_1911,True,30,30%,0.05099062001471,0.0005956515922175762,1.0,1.0,1.0
bn_wiki_1911_04,True,False,span,NUMBER,bn_wiki_1911,bn_wiki_1911,True,1.7,1.7 এইউ,0.03887112972929992,0.0008239471854105881,0.0,0.6666666666666666,0.6666666666666666
bn_wiki_1911_05,True,False,span,REASON,bn_wiki_1911,bn_wiki_1911,True,সিমুলেশনের ফলাফল ইঙ্গিত,"2008 সালে করা একটি সিমুলেশনের ফলাফল ইঙ্গিত দেয় যে, জোয়ার-ভাটার প্রভাব না থাকার কারণে পৃথিবীর কক্ষপথ এক সময় হ্রাস পাবে",0.00256590178306411,1.1375064477674602e-05,0.0,0.25,0.25
bn_wiki_0581_01,True,False,polarity,POLARITY,bn_wiki_0581,bn_wiki_0581,True,অনলাইনে খাবার,অনলাইনে খাবার অর্ডার করার একধরনের ব্র্যান্ড বা কোম্পানি,0.006858608049221989,2.3558333058909357e-05,0.0,0.4,0.4
bn_wiki_0581_02,True,False,span,REASON,bn_wiki_0581,bn_wiki_0581,True,ফুডপান্ডা বর্তমানে চীনের,,0.00790319360110353,0.000952484839661664,0.0,0.0,0.0
bn_wiki_0581_03,True,False,span,REASON,bn_wiki_0581,bn_wiki_0581,True,নতুন লোগোটি পূর্বের,,0.004102903592398771,4.972362447968649e-05,0.0,0.0,0.0
bn_wiki_0581_04,True,False,polarity,THING,bn_wiki_0581,bn_wiki_0581,True,যেটির অনুকরণেই,হ্যাঁ,0.005025880470715781,1.144714995308417e-06,0.0,0.0,0.0
bn_wiki_0581_05,True,False,list,THING,bn_wiki_0581,bn_wiki_0581,True,ইনভেস্টমেন্ট এবি,ইনভেস্টমেন্ট এবি কিনেভিক; পেনোমেন ভেঞ্চার; রকেট ইন্টারনেট,0.0033953589802775633,9.295029547340579e-07,0.0,0.253968253968254,0.253968253968254
bn_wiki_2021_01,True,False,span,TIME,wiki_71705_5,bn_wiki_2021,True,1978,কোনও দলীয় ম্যাচের শুরুতে,0.039210515625076686,0.0004957765281865048,0.0,0.0,0.0
bn_wiki_2021_02,True,False,span,TIME,nctb_7_Physical_education_4_37,bn_wiki_2021,True,1,পিচটি যদি নরম বা ধূলিময় হয়,0.08637341952114293,0.004620170007677615,0.0,0.0,0.0
bn_wiki_2021_03,True,False,list,UNKNOWN,bn_wiki_2021,bn_wiki_2021,True,আধঘণ্টা,আধঘণ্টা,0.005159313723183095,1.1943741787054027e-05,0.0,0.28571428571428575,0.28571428571428575
bn_wiki_2021_04,True,False,span,THING,wiki_12599_0,bn_wiki_2021,False,50,,0.004833455345033265,1.568288944383319e-05,0.0,0.0,0.0
bn_wiki_2021_05,True,False,list,THING,bn_wiki_2021,bn_wiki_2021,True,কনকাসন বিকল্প,কনকাসন,0.004339285126870858,5.576573814684849e-05,0.0,0.22857142857142856,0.22857142857142856
bn_wiki_2884_01,True,False,list,PERSON,bn_wiki_2884,bn_wiki_2884,True,সালে রাষ্ট্রবিজ্ঞানী,রাষ্ট্রবিজ্ঞানী এম. স্টিভেন ফিশ; ম্যাথু ক্রোয়েনিগ,0.00561632145439937,4.873003771437012e-07,0.0,0.21428571428571425,0.21428571428571425
bn_wiki_2884_02,True,False,list,THING,bn_wiki_2884,bn_wiki_2884,True,জার্মান বুন্দেসট্যাগ,জার্মান বুন্দেসট্যাগ; ইতালীয় সংসদ;মঙ্গোলিয়ার রাজ্য বৃহৎ খুরাল,0.0020517274222726627,2.977419476036993e-05,0.0,0.22857142857142856,0.22857142857142856
bn_wiki_2884_03,True,False,list,THING,bn_wiki_2884,bn_wiki_2884,True,জার্মান বুন্দেসট্যাগ,মিয়ানমারের প্রতিনিধি পরিষদ এবং সোমালিয়ার অন্তর্বর্তীকালীন কেন্দ্রীয় পরিষদ,0.00207626257834707,2.3542823118750337e-05,0.0,0.0,0.0
bn_wiki_2884_04,True,False,span,PERSON,nctb_9_10_Civics_3_20,bn_wiki_2884,False,আধুনিককালে,,0.005531396987609116,6.916302235518684e-05,0.0,0.0,0.0
bn_wiki_2884_05,True,False,span,PERSON,bn_wiki_2884,bn_wiki_2884,True,প্রশাসনিক,প্রশাসনিক বা নির্বাহী সংস্থাগুলির হাতে,0.008897175397273081,1.1437385259195632e-06,0.0,0.33333333333333337,0.33333333333333337
bn_wiki_0965_01,True,False,span,UNKNOWN,bn_wiki_0965,bn_wiki_0965,True,পিছিয়ে,ডেস্কটপের তুলনায় ল্যাপটপের সম্প্রসারণ ক্ষমতা খুব কম,0.007460871249016338,0.0003234713445496888,0.0,0.0,0.0
bn_wiki_0965_02,True,False,list,UNKNOWN,bn_wiki_0965,bn_wiki_0965,True,3,বৈজ্ঞানিক; 3ডি গেমিংয়ে,0.005033229451007125,3.152007845929391e-05,0.0,0.3047619047619048,0.3047619047619048
bn_wiki_0965_03,True,False,span,THING,bn_wiki_0964,bn_wiki_0965,True,আকার,সম্প্রসারণ ক্ষমতা,0.0017089399514243699,7.450329471314588e-06,0.0,0.0,0.0
bn_wiki_0965_04,True,False,span,TIME,wiki_41885_2,bn_wiki_0965,False,1981,,0.033444704938302476,0.0003639154074444109,0.0,0.0,0.0
bn_wiki_0965_05,True,False,span,THING,bn_wiki_0961,bn_wiki_0965,False,তাপ,,0.0068461997115753116,5.160256378308921e-06,0.0,0.0,0.0
bn_wiki_0794_01,True,False,list,THING,bn_wiki_0794,bn_wiki_0794,True,জলবাহী কাঠামো,বাঁধ;চর;জল বণ্টন ব্যবস্থা;জল সংগ্রহ ব্যবস্থা;নিকাশী ব্যবস্থা;ঝড়-ঝঞ্ঝার ফলে জমা অতিরিক্ত জলের ব্যবস্থা; পলল পরিবহন;পরিবহণ প্রকৌশল ও ভূ-কারিগরি প্রকৌশল,0.0015910936400351122,9.581297638859565e-07,0.0,0.042328042328042326,0.042328042328042326
bn_wiki_0794_02,True,False,span,PLACE,bn_wiki_0794,bn_wiki_0794,True,আফ্রিকা,আফ্রিকা এবং মধ্যপ্রাচ্যে,0.003396776659425864,4.621109110463078e-06,0.0,0.5,0.5
bn_wiki_0794_03,True,False,span,PERSON,bn_wiki_0794,bn_wiki_0794,True,সুনসু আও,সুনসু আও,0.004483837788462992,3.1168290930217238e-06,1.0,1.0,1.0
bn_wiki_0794_04,True,False,list,THING,bn_wiki_0794,bn_wiki_0794,True,"যন্ত্রকৌশল, বায়বাকাশ",যন্ত্রকৌশল;বায়বাকাশ প্রকৌশল;যানচলাচল প্রকৌশলে ব্যাপকভাবে ব্যবহৃত হয়,0.0036524142981764337,1.0985131481777537e-06,0.0,0.2267573696145125,0.2267573696145125
bn_wiki_0794_05,True,False,list,THING,bn_wiki_0792,bn_wiki_0794,True,কয়েকটি উদাহরণ,,0.0027794942833586026,1.6585622018221603e-05,0.0,0.0,0.0
bn_wiki_0483_01,True,False,span,PROCESS,bn_wiki_0483,bn_wiki_0483,True,এখানে ঘড়ি স্বয়ংক্রিয়ভাবে,ঘড়িতে একটি অর্ধবৃত্তাকার ভর পর্যায়বৃত্ত গতিতে আন্দোলিত হতে থাকে,0.01095112304420124,0.0011567122148675568,0.0,0.0,0.16666666666666666
bn_wiki_0483_02,True,False,span,THING,bn_wiki_0483,bn_wiki_0483,True,কোয়ার্জ,কোয়ার্জ গতি,0.011187183644200278,2.607872393455002e-05,0.0,0.6666666666666666,0.6666666666666666
bn_wiki_0483_03,True,False,span,THING,bn_wiki_0483,bn_wiki_0483,True,1,জাপানিজ 'সিকো',0.005741166731359965,3.0537067343596597e-06,0.0,0.0,0.0
bn_wiki_0483_04,True,False,span,THING,bn_wiki_0483,bn_wiki_0483,True,অত্যন্ত স্বস্তা,কোয়ার্টজ ঘড়ি,0.008691341750956212,2.2781002312153437e-06,0.0,0.0,0.0
bn_wiki_0483_05,True,False,span,TIME,bn_wiki_0482,bn_wiki_0483,False,1600,,0.025298993247525013,6.674482684362534e-05,0.0,0.0,0.0
bn_wiki_2369_01,True,False,span,TIME,bn_wiki_2369,bn_wiki_2369,True,ডেনড্রোক্রোনোলজির,ডেনড্রোক্রোনোলজির,0.14689210786283774,0.010616324342337391,1.0,1.0,1.0
bn_wiki_2369_02,True,False,list,THING,bn_wiki_0067,bn_wiki_2369,False,রসায়নশাস্ত্রে গবেষণার,প্রত্নবাস্তুবিদ্যা;যেখানে অতীতের বাস্তুবিদ্যার কিছু দিক;প্রত্নতত্ত্ব;রেডিওকার্বন ডেটিং,0.0027938033497940666,3.612236127110112e-06,0.0,0.0,0.0
bn_wiki_2369_03,True,False,span,NUMBER,bn_wiki_2369,bn_wiki_2369,True,11,11,0.024922986367801606,0.00036935277526640303,1.0,1.0,1.0
bn_wiki_2369_04,True,False,polarity,THING,bn_wiki_2369,bn_wiki_2369,True,এ,হ্যাঁ,0.005408480185376714,0.0002455087785837185,0.0,0.0,0.0
bn_wiki_2369_05,True,False,span,PLACE,bn_wiki_2370,bn_wiki_2369,True,শীতপ্রধান,,0.006897005189352881,2.2971207223228263e-06,0.0,0.0,0.0
bn_wiki_0125_01,True,False,span,NUMBER,nctb_9_10_BGS_3_16,bn_wiki_0125,True,41101,পঞ্চম,0.054850956650775134,0.006891274671443022,0.0,0.0,0.0
bn_wiki_0125_02,True,False,span,PERSON,bn_wiki_0125,bn_wiki_0125,True,সবশেষে প্রেরিত,প্লুটোর,0.004971631588646883,1.5608458454809994e-05,0.0,0.0,0.0
bn_wiki_0125_03,True,False,span,TIME,bn_wiki_0125,bn_wiki_0125,True,2.8,2007 সালের ফেব্রুয়ারি মাসে,0.08297219971180941,0.006905895153081626,0.0,0.0,0.0
bn_wiki_0125_04,True,False,polarity,POLARITY,bn_wiki_0125,bn_wiki_0125,True,হিসেবে ব্যবহৃত,জিউস,0.005848024419614692,4.97442434442899e-06,0.0,0.0,0.0
bn_wiki_0125_05,True,False,span,NUMBER,bn_wiki_0125,bn_wiki_0125,True,2.8,2.8,0.051015438915501116,0.0002524334829988664,1.0,1.0,1.0
bn_wiki_1380_01,True,False,span,PERSON,bn_wiki_1380,bn_wiki_1380,True,টি এ,টি এ গাঙ্গুলী,0.0035724608253823553,1.3553348188373449e-07,0.0,0.8,0.8
bn_wiki_1380_02,True,False,span,THING,bn_wiki_1380,bn_wiki_1380,True,টি এ,নিজের গলার স্বর্ণের চেইন ও ক্রুশ,0.0026098135822484373,1.403097062344788e-06,0.0,0.0,0.0
bn_wiki_1380_03,True,False,span,PERSON,bn_wiki_1380,bn_wiki_1380,True,বিশিষ্ট মুক্তিযোদ্ধা,"বিশিষ্ট মুক্তিযোদ্ধা,যিনি বর্তমান সরকারের একজন সমাজ কল্যাণ প্রতিমন্ত্রী হিসেবে দায়িত্ব পালন করছেন",0.004805662031149016,2.4096449246397388e-05,0.0,0.2666666666666667,0.2666666666666667
bn_wiki_1380_04,True,False,span,PERSON,bn_wiki_1380,bn_wiki_1380,True,বিশিষ্ট সাংবাদিক,মুক্তিযোদ্ধা ও বিশিষ্ট সাংবাদিক চিত্ত,0.010241367860493596,2.3357066821154404e-05,0.0,0.5714285714285715,0.5714285714285715
bn_wiki_1380_05,True,False,span,NUMBER,wiki_11869_7,bn_wiki_1380,False,3.2,,0.016560823834028685,0.0004228124841308585,0.0,0.0,0.0
bn_wiki_0771_01,True,False,span,THING,bn_wiki_0771,bn_wiki_0771,True,প্রধানত,নেটস্কেপের মত কোম্পানিগুলোর জন্যে প্রযুক্তি প্রদান করা,0.002976602046411198,1.4132420651721822e-06,0.0,0.0,0.0
bn_wiki_0771_02,True,False,span,NUMBER,bn_wiki_0771,bn_wiki_0771,True,163,$163 মিলিয়ন,0.015767969710010727,3.018420500110197e-05,0.0,0.6666666666666666,0.6666666666666666
bn_wiki_0771_03,True,False,span,TIME,bn_wiki_0771,bn_wiki_0771,True,2013,ডিসেম্বর 2013 সালে,0.05695413289569299,0.000583456009867353,0.0,0.6666666666666666,0.6666666666666666
bn_wiki_0771_04,True,False,span,THING,bn_wiki_0769,bn_wiki_0771,True,5,,0.0025823100649268326,1.0054609418808178e-05,0.0,0.0,0.0
bn_wiki_0771_05,True,False,polarity,POLARITY,bn_wiki_0770,bn_wiki_0771,True,"নিরাপদ, ক্রস",,0.001707470063070879,8.164018839020796e-07,0.0,0.0,0.0
bn_wiki_0905_01,True,False,polarity,THING,bn_wiki_0905,bn_wiki_0905,True,ব্যাংকিংয়ের,হ্যাঁ,0.004007979944201031,2.9436061914061423e-06,0.0,0.0,0.0
bn_wiki_0905_02,True,False,list,THING,bn_wiki_0905,bn_wiki_0905,True,মোবাইল ডিভাইস,মোবাইল ডিভাইস (আমার কাছে যা আছে); ফিঙ্গারপ্রিন্ট স্ক্যান (আমি কে); আলফানিউমেরিক পাসওয়ার্ড (আমি যা জানি),0.002674497806740803,7.738778728338079e-07,0.0,0.06722689075630252,0.06722689075630252
bn_wiki_0905_03,True,False,span,THING,bn_wiki_0905,bn_wiki_0905,True,নামক ম্যালওয়্যার,চীনা অ্যান্ড্রয়েড ডিভাইসগুলিকে,0.005494455617871835,7.381164452728226e-07,0.0,0.0,0.0
bn_wiki_0905_04,True,False,list,THING,bn_wiki_0912,bn_wiki_0905,False,নিচের কয়েকটি,,0.004011827628793364,4.424400077272534e-05,0.0,0.0,0.0
bn_wiki_0905_05,True,False,list,THING,nctb_8_ICT_3_12,bn_wiki_0905,True,প্রকাশ নিষিদ্ধ,,0.006132522332590617,4.6072664409084474e-05,0.0,0.0,0.0
bn_wiki_2601_01,True,False,span,TIME,bn_wiki_2601,bn_wiki_2601,True,2005,2005,0.016683275275378443,0.0016969359129953912,1.0,1.0,1.0
bn_wiki_2601_02,True,False,list,PERSON,bn_wiki_2601,bn_wiki_2601,True,ব্যক্তিগত অনুদানের,ব্যক্তিগত অনুদানের দ্বারা; ইউএনএআইডিএস-এর অনুদানের দ্বারা; জাতিসংঘের মাদক ও অপরাধ দপ্তর,0.0036138424286857856,1.0866373985570377e-05,0.0,0.1255886970172684,0.1255886970172684
bn_wiki_2601_03,True,False,polarity,THING,bn_wiki_2601,bn_wiki_2601,True,রিনিউ একটি,হ্যাঁ,0.005980309550197706,3.116508683383666e-05,0.0,0.0,0.0
bn_wiki_2601_04,True,False,span,REASON,bn_wiki_2601,bn_wiki_2601,True,মেয়েদের জীবন উন্নয়নে অক্লান্ত পরিশ্রমের,শহরের পাচারকৃত নারী ও মেয়েদের জীবন উন্নয়নে অক্লান্ত পরিশ্রমের জন্য,0.0036575888508584616,6.509939531442258e-07,0.0,0.6666666666666666,0.6666666666666666
bn_wiki_2601_05,True,False,span,NUMBER,nctb_8_Math_2_23,bn_wiki_2601,True,8,,0.018403485812105696,0.0006348506780516593,0.0,0.0,0.0
bn_wiki_1367_01,True,False,span,PERSON,wiki_108782_0,bn_wiki_1367,True,"নিজেদের ""মুসলমান",যাবির ইবনে জায়েদের,0.003216619149330267,0.00021891110523017832,0.0,0.0,0.0
bn_wiki_1367_02,True,False,span,THING,bn_wiki_1367,bn_wiki_1367,True,পূর্বসূরিকে প্রত্যাখ্যান,"আধ্যাত্মিক এবং ব্যক্তিগত গুণাবলীর অধিকারী যারা আছে, সেই প্রার্থীদের কাছ থেকে বিভিন্ন সম্প্রদায়ের দ্বারা নির্বাচিত ইমামের দ্বারা ইসলামের নেতৃত্বের মনোনীত করা উচিত",0.002822261955852977,8.17702843075585e-08,0.0,0.0,0.0
bn_wiki_1367_03,True,False,span,PERSON,bn_wiki_1367,bn_wiki_1367,True,একমাত্র বৈধ,একজন ইমামের উপর,0.007939347534906223,2.721534454664526e-05,0.0,0.0,0.0
bn_wiki_1367_04,True,False,span,PERSON,bn_wiki_1367,bn_wiki_1367,True,বিশিষ্ট ব্যক্তিদের,ইমাম বিশিষ্ট ব্যক্তিদের বা শায়েখদের কাউন্সিল দ্বারা,0.0040663844025982275,4.366848519955259e-06,0.0,0.4444444444444445,0.4444444444444445
bn_wiki_1367_05,True,False,span,THING,bn_wiki_1366,bn_wiki_1367,False,দ্রুত ছড়িয়ে,,0.0037540273237780543,0.00011888343163692734,0.0,0.0,0.0
bn_wiki_0440_01,True,False,span,THING,nctb_9_10_Agriculture_4_363,bn_wiki_0440,True,ত্রিফলা,রেশম সুতা উৎপাদনের লক্ষ্যে রেশমপোকা প্রতিপালনকে,0.00784641097945454,0.0003859986037303203,0.0,0.0,0.0
bn_wiki_0440_02,True,False,polarity,POLARITY,bn_wiki_0440,bn_wiki_0440,True,সেরিসিন,সেরিসিন,0.008131146510157679,2.2626739493500705e-05,1.0,1.0,1.0
bn_wiki_0440_03,True,False,span,PLACE,bn_wiki_0440,bn_wiki_0440,True,খ্রিষ্ট জন্মের,চীন,0.008660290763878552,5.694090637475488e-06,0.0,0.0,0.0
bn_wiki_0440_04,True,False,span,PROCESS,bn_wiki_0440,bn_wiki_0440,True,ইউরোপীয় পাদ্রী চুরি,চুরি করে,0.010119694649321455,5.9041252474106853e-05,0.0,0.4,0.4
bn_wiki_0440_05,True,False,polarity,POLARITY,bn_wiki_0440,bn_wiki_0440,True,আভিধানিক অর্থ সেরিসিন,"তুঁতপাতা উৎপাদন; রেশম পোকা (পলু) পালন; রেশম পোকার রোগ, পেষ্ট ও নিয়ন্ত্রণ ব্যবস্থা",0.003557402618281757,6.441348139905401e-05,0.0,0.0,0.0
bn_wiki_1616_01,True,False,span,THING,bn_wiki_1616,bn_wiki_1616,True,বিগত অর্ধশতাব্দীরও,ভাষাবিজ্ঞান শাস্ত্রে,0.004794083627027712,2.5549606273477313e-06,0.0,0.0,0.0
bn_wiki_1616_02,True,False,span,THING,bn_wiki_1616,bn_wiki_1616,True,1957,"""রূপান্তরমূলক উৎপাদনশীল ব্যাকরণ""",0.0033217808060309853,4.870823658760688e-06,0.0,0.0,0.0
bn_wiki_1616_03,True,False,span,THING,bn_wiki_1616,bn_wiki_1616,True,মানবমন-সংক্রান্ত,মানবমন-সংক্রান্ত,0.0050316281998887035,3.8087391959632302e-06,1.0,1.0,1.0
bn_wiki_1616_04,True,False,span,THING,bn_wiki_1615,bn_wiki_1616,False,1951,,0.00406199888368536,1.882670855122507e-05,0.0,0.0,0.0
bn_wiki_1616_05,True,False,span,TIME,bn_wiki_1615,bn_wiki_1616,False,1976,,0.09664425542781868,0.016707928776308584,0.0,0.0,0.0
bn_wiki_2195_01,True,False,span,PERSON,bn_wiki_1711,bn_wiki_2195,True,জাপানি মাঙ্গা,ওসামু তেজুকা,0.005057343844617356,1.1075139898234637e-05,0.0,0.0,0.0
bn_wiki_2195_02,True,False,span,TIME,wiki_68957_0,bn_wiki_2195,False,27,1952,0.009790145182031714,6.072207540179855e-05,0.0,0.0,0.0
bn_wiki_2195_03,True,False,span,NUMBER,bn_wiki_1711,bn_wiki_2195,True,1980,1980,0.02003985092729741,6.377432539284023e-05,1.0,1.0,1.0
bn_wiki_2195_04,True,False,span,TIME,bn_wiki_1711,bn_wiki_2195,True,23,"23 অক্টোবর, 2009",0.05301199466391918,0.0003668349801504711,0.0,0.5,0.5
bn_wiki_2195_05,True,False,polarity,THING,bn_wiki_1712,bn_wiki_2195,True,সিরিজটি একটি,,0.006450278009822563,1.0159767063636603e-05,0.0,0.0,0.0
bn_wiki_1332_01,True,False,span,PLACE,bn_wiki_1332,bn_wiki_1332,True,আয়ারল্যান্ডের ডাবলিনের,আয়ারল্যান্ডের ডাবলিনের সেন্ট স্টিফেনস গ্রীণ এর দক্ষিণ পাশে একটি সুষমা-মণ্ডিত অট্টালিকায়,0.002659808094763029,1.6049661476559042e-06,0.0,0.2857142857142857,0.2857142857142857
bn_wiki_1332_02,True,False,span,PERSON,bn_wiki_1332,bn_wiki_1332,True,ম্যারিয়ট ইন্টারন্যাশনাল,ম্যারিয়ট ইন্টারন্যাশনাল,0.005854521965951577,0.00014945132963472673,1.0,1.0,1.0
bn_wiki_1332_03,True,False,span,PERSON,bn_wiki_1332,bn_wiki_1332,True,ম্যাক কার্ডি,জন ম্যাক কার্ডি,0.0036390371798282295,6.344582906163583e-06,0.0,0.8,0.8
bn_wiki_1332_04,True,False,list,PLACE,bn_wiki_1332,bn_wiki_1332,True,আয়ারল্যান্ডের ডাবলিনের,,0.0046673440322294495,5.5019600489777595e-05,0.0,0.0,0.0
bn_wiki_1332_05,True,False,span,NUMBER,bn_wiki_1332,bn_wiki_1332,True,1824,,0.26184872928251746,0.17348692664268667,0.0,0.0,0.0
bn_wiki_0851_01,True,False,span,THING,bn_wiki_0852,bn_wiki_0851,True,2005,পূর্বে অ্যামেরিটেক প্লাজা এবং এসবিসি প্লাজা,0.0018766000180283,9.59087539941189e-06,0.0,0.0,0.0
bn_wiki_0851_02,True,False,span,PLACE,bn_wiki_0851,bn_wiki_0851,True,বেশিরভাগ সময়,মিলেনিয়াম পার্কে,0.0013435182423563185,1.7112391311148098e-06,0.0,0.0,0.0
bn_wiki_0851_03,True,False,span,REASON,bn_wiki_0852,bn_wiki_0851,True,টি নামে পরিবর্তিত,তৃতীয় সহস্রাব্দ উদযাপনের জন্য নির্মাণ করা হয়,0.0022918916376482444,0.00011877701588821092,0.0,0.0,0.0
bn_wiki_0851_04,True,False,span,THING,bn_wiki_0851,bn_wiki_0851,True,কংক্রিটের,কংক্রিটের তৈরি,0.006643993420189412,2.0439266571424357e-05,0.0,0.6666666666666666,0.6666666666666666
bn_wiki_0851_05,True,False,span,THING,bn_wiki_0852,bn_wiki_0851,True,বার্ষিক ক্রিসমাস,,0.004834187062704554,2.456794051530764e-08,0.0,0.0,0.0
bn_wiki_2092_01,True,False,polarity,POLARITY,bn_wiki_2092,bn_wiki_2092,True,অসমতল বিশেষকরে,অসমতল বিশেষকরে পাহাড়ী রাস্তায় সাইকেল চালনার এক ধরনের ক্রীড়া,0.000630681075780446,2.2206134528532286e-07,0.0,0.3636363636363636,0.3636363636363636
bn_wiki_2092_02,True,False,span,TIME,bn_wiki_2092,bn_wiki_2092,True,1886,1886 সালের আগস্টে,0.10886916825607898,0.027317385593757113,0.0,0.5,0.5
bn_wiki_2092_03,True,False,polarity,THING,bn_wiki_2092,bn_wiki_2092,True,পাহাড়ি,না,0.0036108445783345103,3.1348952370432136e-05,0.0,0.0,0.0
bn_wiki_2092_04,True,False,polarity,UNKNOWN,bn_wiki_2092,bn_wiki_2092,True,অসমতল,মাউন্টেন বাইকিং,0.004365761087594675,4.3167560862672483e-07,0.0,0.0,0.0
bn_wiki_2092_05,True,False,polarity,THING,bn_wiki_0461,bn_wiki_2092,False,এক ধরনের,,0.005739784010122457,4.924751937444155e-05,0.0,0.0,0.0
bn_wiki_2481_01,True,False,polarity,UNKNOWN,bn_wiki_2481,bn_wiki_2481,True,829,হ্যাঁ,0.012214998098051977,0.00021089069377190801,0.0,0.0,0.0
bn_wiki_2481_02,True,False,polarity,UNKNOWN,bn_wiki_2481,bn_wiki_2481,True,830,হ্যাঁ,0.00606080745168843,0.00014558578007302196,0.0,0.0,0.0
bn_wiki_2481_03,True,False,span,TIME,bn_wiki_2481,bn_wiki_2481,True,837,837,0.09005327256460302,0.0006839435559216622,1.0,1.0,1.0
bn_wiki_2481_04,True,False,span,PERSON,bn_wiki_2481,bn_wiki_2481,True,আল-মুতাসিমের,খলিফা আল-মুতাসিমের,0.004940658815282062,1.5970001147596474e-06,0.0,0.8,0.8
bn_wiki_2481_05,True,False,span,PLACE,bn_wiki_2481,bn_wiki_2481,True,ডোরিলাইয়ামে,ডোরিলাইয়ামে,0.0032017821452061507,5.242260258196858e-06,1.0,1.0,1.0
bn_wiki_0737_01,True,False,span,THING,bn_wiki_0737,bn_wiki_0737,True,হিসাবেও পরিচিত,গৌণ ব্যাটারি,0.001768905733662138,2.0683479548993036e-06,0.0,0.0,0.0
bn_wiki_0737_02,True,False,span,PROCESS,bn_wiki_0737,bn_wiki_0737,True,বৈদ্যুতিক প্রবাহ প্রয়োগ,বৈদ্যুতিক প্রবাহ প্রয়োগ করে,0.0026347475614064016,4.900784547990332e-06,0.0,0.8571428571428571,0.8571428571428571
bn_wiki_0737_03,True,False,polarity,POLARITY,bn_wiki_0737,bn_wiki_0737,True,লেড-অ্যাসিড,লেড-অ্যাসিড ব্যাটারি,0.0030710035436160407,1.2565582216232662e-07,0.0,0.8,0.8
bn_wiki_0737_04,True,False,span,REASON,wiki_90247_0,bn_wiki_0737,True,ধরনের: ডিপ সাইকেল,,0.003219874115497349,0.00018679503453852397,0.0,0.0,0.0
bn_wiki_0737_05,True,False,span,THING,bn_wiki_0738,bn_wiki_0737,True,নিশ্চল সালফিউরিক,,0.002281570198176586,1.5214643515241034e-05,0.0,0.0,0.0
bn_wiki_1415_01,True,False,span,THING,bn_wiki_1415,bn_wiki_1415,True,ডিম্বাণু,ডিম্বাণু,0.005336058521295516,4.056659904581178e-06,1.0,1.0,1.0
bn_wiki_1415_02,True,False,span,UNKNOWN,bn_wiki_1415,bn_wiki_1415,True,দুই,দুই,0.00889843182844672,4.944578277241499e-05,1.0,1.0,1.0
bn_wiki_1415_03,True,False,polarity,POLARITY,nctb_8_Physical_education_3_9,bn_wiki_1415,True,উপযুত্তু বয়সে,পুরুষের শুক্রাণু যোনিপথ দিয়ে ডিম্ববাহী নালীতে গিয়ে পৌঁছে। সেখানে ডিম্বাণুর সাথে মিলিত হবার ফলে ভ্রুণ তৈরি হয়। একে গর্ভধারণ বলে।,0.0035281179257920167,4.342297428578789e-06,0.0,0.0,0.0
bn_wiki_1415_04,True,False,span,PLACE,bn_wiki_1415,bn_wiki_1415,True,কয়েক দিন,জরায়ুতে,0.003632879524714414,2.8003783185918864e-05,0.0,0.0,0.0
bn_wiki_1415_05,True,False,span,PROCESS,bn_wiki_1415,bn_wiki_1415,True,"হওয়া, কোমল স্তন, বমির",,0.0044309839733802595,9.007935418216956e-06,0.0,0.0,0.0
bn_wiki_2506_01,True,False,span,TIME,bn_wiki_2506,bn_wiki_2506,True,1960,1960 ও 1970 এর দশকে,0.027168794796258833,3.93452572782331e-05,0.0,0.33333333333333337,0.33333333333333337
bn_wiki_2506_02,True,False,span,UNKNOWN,bn_wiki_2507,bn_wiki_2506,True,1980,পিতৃতন্ত্র ও পুঁজিবাদের মধ্যে যে সংযোগ তার উপরই,0.0025317638428316437,6.164259277720123e-05,0.0,0.0,0.0
bn_wiki_2506_03,True,False,span,UNKNOWN,bn_wiki_2506,bn_wiki_2506,True,নির্ভরতাকে পুরুষের,অর্থনৈতিক নির্ভরতাকে,0.003137995693955562,2.550026307380224e-05,0.0,0.5,0.5
bn_wiki_2506_04,True,False,span,THING,bn_wiki_2507,bn_wiki_2506,True,গর্ডন বলেছেন,,0.0017530686634099812,9.189714562987932e-06,0.0,0.0,0.0
bn_wiki_2506_05,True,False,span,PLACE,bn_wiki_2521,bn_wiki_2506,False,নিউ ইয়র্ক,,0.0025868171163107114,3.782671453691523e-05,0.0,0.0,0.0
bn_wiki_0527_01,True,False,polarity,POLARITY,bn_wiki_0527,bn_wiki_0527,True,রঞ্জন রশ্মি,রঞ্জন রশ্মি প্রতিফলক,0.005319883009690822,2.210640490581464e-06,0.0,0.8,0.8
bn_wiki_0527_02,True,False,span,UNKNOWN,bn_wiki_0527,bn_wiki_0527,True,একাদশ শতাব্দীতে,লেন্সের মত,0.006240365882630896,3.949413845856509e-06,0.0,0.0,0.0
bn_wiki_0527_03,True,False,span,PERSON,bn_wiki_0527,bn_wiki_0527,True,পরবর্তীতে ইতালীয়,ইতালীয় অধ্যাপক নিকোলো জুচ্চি,0.011774342438141487,1.7333872243101983e-06,0.0,0.3333333333333333,0.3333333333333333
bn_wiki_0527_04,True,False,span,PERSON,bn_wiki_0527,bn_wiki_0527,True,পরবর্তীতে রবার্ট,রবার্ট হুক,0.00840866236094489,1.3169018817737674e-05,0.0,0.5,0.5
bn_wiki_0527_05,True,False,span,NUMBER,bn_wiki_0526,bn_wiki_0527,True,1.8,,0.027686973695327993,0.0010499855125749823,0.0,0.0,0.0
bn_wiki_2988_01,True,False,span,UNKNOWN,bn_wiki_2988,bn_wiki_2988,True,17,17তম শতাব্দীর,0.004496283177592507,1.4510115123750507e-05,0.0,0.5,0.5
bn_wiki_2988_02,True,False,polarity,UNKNOWN,bn_wiki_2988,bn_wiki_2988,True,17,হ্যাঁ,0.002489609150376245,3.0219877593848886e-06,0.0,0.0,0.0
bn_wiki_2988_03,True,False,span,TIME,bn_wiki_2988,bn_wiki_2988,True,1707,1707,0.017394656370884044,9.344572810435908e-06,1.0,1.0,1.0
bn_wiki_2988_04,True,False,span,TIME,bn_wiki_2988,bn_wiki_2988,True,1707,1717,0.01698095658017592,5.577827267466001e-06,0.0,0.0,0.0
bn_wiki_2988_05,True,False,span,REASON,bn_wiki_2988,bn_wiki_2988,True,মোগল শাসকদের শাসন,,0.007929318496501758,0.00013257704472500846,0.0,0.0,0.0
bn_wiki_0426_01,True,False,polarity,POLARITY,wiki_81893_10,bn_wiki_0426,False,1963,একটি পরিবহন অবস্থা থেকে অন্য পরিবহন অবস্থায় স্থানান্তর প্রক্রিয়া,0.0018285504843961614,3.5119117937756255e-05,0.0,0.0,0.0
bn_wiki_0426_02,True,False,span,THING,bn_wiki_0344,bn_wiki_0426,True,1550,ট্রান্সলোডিং,0.002598628571736262,5.278256060674714e-05,0.0,0.0,0.0
bn_wiki_0426_03,True,False,span,THING,nctb_9_10_Economics_2_38,bn_wiki_0426,True,আটা,গুদাম ঘর,0.003404565133846739,1.920674904943567e-05,0.0,0.0,0.0
bn_wiki_0426_04,True,False,span,REASON,wiki_35197_6,bn_wiki_0426,False,অন্যান্য বৃহৎ রক্তনালি সম্বন্ধীয় রোগের,যেহেতু সঞ্চয়ের জন্য পণ্যগুলি পরিচালনা করা প্রয়োজন,0.008089306025744019,0.00020405978045166633,0.0,0.0,0.0
bn_wiki_0426_05,True,False,span,UNKNOWN,bn_wiki_0427,bn_wiki_0426,True,ভারতের কলকাতা,,0.005452607260970139,6.886496952025756e-07,0.0,0.0,0.0
bn_wiki_0006_01,True,False,span,THING,bn_wiki_0006,bn_wiki_0006,True,গোলাকার নয়,"পৃথিবী গোলাকার নয়, বরং সমতল, এই ধারণাকে বোঝানো হচ্ছে",0.004891066056150697,3.110098263364204e-06,0.0,0.5714285714285715,0.5714285714285715
bn_wiki_0006_02,True,False,span,TIME,bn_wiki_0006,bn_wiki_0006,True,4,খ্রিস্টপূর্ব 4র্থ শতক,0.0893321557878412,0.02262365464140753,0.0,0.4,0.4
bn_wiki_0006_03,True,False,span,REASON,bn_wiki_0006,bn_wiki_0006,True,এতো বড় গোলক,"কারণ পৃথিবী এতো বড় গোলক যে, কোন নির্দিষ্ট স্থান থেকে চারপাশটা সমতল মনে হয়",0.009185679399591013,0.0007551247977321176,0.0,0.35294117647058826,0.35294117647058826
bn_wiki_0006_04,True,False,span,THING,bn_wiki_0006,bn_wiki_0006,True,আকৃতি,,0.003919916428384587,6.7033887032877035e-06,0.0,0.0,0.0
bn_wiki_0006_05,True,False,span,UNKNOWN,bn_wiki_0006,bn_wiki_0006,True,অবশ্যই গোলাকার,,0.01073291696604516,2.1558664586463633e-05,0.0,0.0,0.0
bn_wiki_1532_01,True,False,span,THING,bn_wiki_1532,bn_wiki_1532,True,বিদ ধাতু,বিদ ধাতু,0.0019423557110213926,5.208315944645698e-06,1.0,1.0,1.0
bn_wiki_1532_02,True,False,polarity,POLARITY,bn_wiki_1532,bn_wiki_1532,True,একই শব্দমূল,জ্ঞান,0.002352402710927167,2.7886661086652838e-06,0.0,0.0,0.0
bn_wiki_1532_03,True,False,polarity,POLARITY,bn_wiki_1532,bn_wiki_1532,True,একই শব্দমূল,বেদজ্ঞানী,0.0014409636814287825,5.153565782046576e-07,0.0,0.0,0.0
bn_wiki_1532_04,True,False,span,THING,bn_wiki_1532,bn_wiki_1532,True,গুরুশিষ্য,গুরুশিষ্য,0.003104150213371484,1.8698705673047059e-06,1.0,1.0,1.0
bn_wiki_1532_05,True,False,list,UNKNOWN,bn_wiki_1958,bn_wiki_1532,False,অশোকস্তম্ভসমূহের শিলালিপির পাঠোদ্ধারের,,0.004877166508840207,0.00019392022567016678,0.0,0.0,0.0
bn_wiki_1233_01,True,False,list,PERSON,bn_wiki_1233,bn_wiki_1233,True,দুটি প্রধান,দুটি,0.005051525599895496,5.973109070140856e-05,0.0,0.19047619047619044,0.19047619047619044
bn_wiki_1233_02,True,False,list,THING,bn_wiki_1233,bn_wiki_1233,True,ক্রানিওফেসিয়াল,ক্রানিওফেসিয়াল সার্জারি; হাতের সার্জারি; মাইক্রোসার্জারি; পোড়ার চিকিৎসা,0.003152971323144518,2.293950816064337e-06,0.0,0.1984126984126984,0.1984126984126984
bn_wiki_1233_03,True,False,polarity,UNKNOWN,bn_wiki_1233,bn_wiki_1233,True,আমেরিকান,হ্যাঁ,0.004432572851375637,4.860375285896737e-07,0.0,0.0,0.0
bn_wiki_1233_04,True,False,span,THING,bn_wiki_1233,bn_wiki_1233,True,সংহিতায়,সুশ্রুত সংহিতা,0.008475278491088978,1.1812518814163439e-05,0.0,0.0,0.6666666666666666
bn_wiki_1233_05,True,False,span,THING,wiki_76178_0,bn_wiki_1233,False,"ঋগ্বেদে, ত্র্যম্বক",,0.0029877132726317526,1.9384639585734963e-05,0.0,0.0,0.0
bn_wiki_1743_01,True,False,span,PERSON,bn_wiki_1743,bn_wiki_1743,True,চুরির কাজগুলো,হিতোমি কিসুগি,0.003234260457054011,7.823979673450988e-06,0.0,0.0,0.0
bn_wiki_1743_02,True,False,polarity,POLARITY,bn_wiki_1743,bn_wiki_1743,True,ধারাবাহিকের প্রধান চরিত্র,ক্রীড়াবিদ; ঘোড়ার পিঠে চড়া; তালা খোলা,0.005250150320064274,0.0006284004256847161,0.0,0.0,0.0
bn_wiki_1743_03,True,False,polarity,THING,bn_wiki_1743,bn_wiki_1743,True,চেহারা ছদ্মবেশে,হ্যাঁ,0.004698796962102214,6.02890619372156e-06,0.0,0.0,0.0
bn_wiki_1743_04,True,False,span,PERSON,bn_wiki_1743,bn_wiki_1743,True,ন্যূনতম প্রচেষ্টায়,,0.006799987077557529,0.00035047583750346875,0.0,0.0,0.0
bn_wiki_0863_01,True,False,list,THING,bn_wiki_0863,bn_wiki_0863,True,মুন্সিগঞ্জের লৌহজংয়ের,এর মাধ্যমে মুন্সিগঞ্জের লৌহজংয়ের সাথে শরীয়তপুর ও মাদারীপুর জেলা যুক্ত হবে,0.0034824978023630677,9.395918092811907e-05,0.0,0.13553113553113555,0.13553113553113555
bn_wiki_0863_02,True,False,span,NUMBER,bn_wiki_0867,bn_wiki_0863,False,6.15,,0.021288213685218018,0.00016305374815007295,0.0,0.0,0.0
bn_wiki_0863_03,True,False,list,NUMBER,bn_wiki_0863,bn_wiki_0863,True,150,41টি স্পান,0.006112125148648905,9.484900993566789e-07,0.0,0.14285714285714288,0.14285714285714288
bn_wiki_0863_04,True,False,span,THING,bn_wiki_0863,bn_wiki_0863,True,দুর্নীতির অভিযোগ,প্রকল্প প্রস্তুতির সাথে যুক্ত কিছু লোকের দুর্নীতির অভিযোগ উঠায়,0.0034504109639459024,9.267922615832126e-07,0.0,0.3636363636363636,0.3636363636363636
bn_wiki_0863_05,True,False,span,TIME,bn_wiki_0865,bn_wiki_0863,True,40,,0.018267113377306347,6.897280059186411e-05,0.0,0.0,0.0
bn_wiki_1378_01,True,False,span,THING,bn_wiki_1378,bn_wiki_1378,True,এন্ডোগ্যামাস,এন্ডোগ্যামাস,0.006342615524686764,3.1898301588693945e-06,1.0,1.0,1.0
bn_wiki_1378_02,True,False,polarity,THING,bn_wiki_1378,bn_wiki_1378,True,কোড বিল,হ্যাঁ,0.004980649156497162,1.5099223552319206e-05,0.0,0.0,0.0
bn_wiki_1378_03,True,False,span,TIME,bn_wiki_1378,bn_wiki_1378,True,1925,1925,0.04803139718845,0.0005651434738280364,1.0,1.0,1.0
bn_wiki_1378_04,True,False,span,THING,bn_wiki_1378,bn_wiki_1378,True,বাঙালি,বাঙালি হিন্দুদের সাথে অন্যান্য হিন্দুরাও অভিন্ন হিন্দু আইন দ্বারা পরিচালিত হচ্ছে,0.003680933388408635,2.6054490789044135e-06,0.0,0.16666666666666669,0.16666666666666669
bn_wiki_1378_05,True,False,polarity,POLARITY,wiki_69036_6,bn_wiki_1378,True,95,,0.003361950497610591,0.00012249090054154785,0.0,0.0,0.0
bn_wiki_1026_01,True,False,span,THING,bn_wiki_1026,bn_wiki_1026,True,রবিউল আলম,বাংলাদেশী অমনিবাস ওয়েব ধারাবাহিক,0.007289228215569973,1.1698815053013886e-05,0.0,0.0,0.0
bn_wiki_1026_02,True,False,span,THING,bn_wiki_1026,bn_wiki_1026,True,12,চরকি ওয়েব প্ল্যাটফর্মে,0.0035830439635304535,1.282814357252528e-05,0.0,0.0,0.0
bn_wiki_1026_03,True,False,list,NUMBER,wiki_65443_0,bn_wiki_1026,True,23,পাঁচটি,0.041396128026051505,0.0023385474094125835,0.0,0.0,0.0
bn_wiki_1026_04,True,False,list,PERSON,bn_wiki_1026,bn_wiki_1026,True,রবিউল আলম,মীর মোকাররম হোসেন; তানিম নূর; রুমেল চৌধুরী,0.004042914901709322,7.267684951401277e-05,0.0,0.0,0.0
bn_wiki_1026_05,True,False,list,NUMBER,bn_wiki_1033,bn_wiki_1026,True,13,,0.04908755788228481,0.0016219090086894636,0.0,0.0,0.0
bn_wiki_1722_01,True,False,list,THING,bn_wiki_1722,bn_wiki_1722,True,নিউ ইয়র্ক,নিউ ইয়র্ক; হংকং,0.005547097248119754,3.095018503031406e-06,0.0,0.37142857142857144,0.37142857142857144
bn_wiki_1722_02,True,False,span,THING,bn_wiki_1722,bn_wiki_1722,True,সাতোশি টোবা,মঙ্গল,0.003188610027845136,4.6019049522146374e-07,0.0,0.0,0.0
bn_wiki_1722_03,True,False,span,PERSON,bn_wiki_1722,bn_wiki_1722,True,বেবপের গল্পে,সাতোশি টোবা,0.006320008772394817,1.5142610020096176e-05,0.0,0.0,0.0
bn_wiki_1722_04,True,False,span,UNKNOWN,bn_wiki_1722,bn_wiki_1722,True,রাষ্ট্রহীনের চেয়ে,রাষ্ট্রহীনের চেয়ে বহুজাতিক,0.0035667772159623666,2.3988881765356004e-07,0.0,0.8,0.8
bn_wiki_1722_05,True,False,span,THING,nctb_9_10_BGS_3_16,bn_wiki_1722,False,41101,,0.005566261641455451,0.0007056232266499339,0.0,0.0,0.0
bn_wiki_0511_01,True,False,span,THING,bn_wiki_0511,bn_wiki_0511,True,নত-পরিমাপক,জ্যোতির্বিদ্যা,0.0029008949887486236,9.466228904324824e-06,0.0,0.0,0.0
bn_wiki_0511_02,True,False,span,THING,bn_wiki_0511,bn_wiki_0511,True,নকশার ক্ষেত্রে,মধ্যযুগীয়,0.0024544634839842173,4.809986150662582e-07,0.0,0.0,0.0
bn_wiki_0511_03,True,False,list,THING,bn_wiki_0511,bn_wiki_0511,True,জাহাজ চালানোর,মূলত জাহাজ চালানোর সহায়তা; মক্কার দিকনির্দেশনা কিবলা সন্ধানের উপায় হিসাবে,0.002731905117497786,6.974860072206032e-07,0.0,0.19047619047619052,0.19047619047619052
bn_wiki_0511_04,True,False,span,PERSON,bn_wiki_0511,bn_wiki_0511,True,গণিতবিদ মুহাম্মদ,অষ্টম শতাব্দীর গণিতবিদ মুহাম্মদ আল-ফাজারী,0.005160232409153993,4.185867972820653e-07,0.0,0.5,0.5
bn_wiki_0511_05,True,False,span,UNKNOWN,bn_wiki_0511,bn_wiki_0511,True,অষ্টম শতাব্দীর,,0.006253346431880439,8.952791952184826e-06,0.0,0.0,0.0
bn_wiki_2047_01,True,False,polarity,POLARITY,bn_wiki_2047,bn_wiki_2047,True,কনকাকাফ (মহাদেশীয়,কনকাকাফ,0.003642231415469255,9.514883085533048e-06,0.0,0.6666666666666666,0.6666666666666666
bn_wiki_2047_02,True,False,span,THING,bn_wiki_2047,bn_wiki_2047,True,এ,মেক্সিকো,0.005289292489984328,4.218226550578054e-06,0.0,0.0,0.0
bn_wiki_2047_03,True,False,polarity,POLARITY,wiki_112089_1,bn_wiki_2047,True,6,না,0.0033900128165124657,6.907325123860957e-05,0.0,0.0,0.0
bn_wiki_2047_04,True,False,span,UNKNOWN,bn_wiki_2047,bn_wiki_2047,True,প্রতিযোগিতায় ব্যাপক,চার,0.0035132606756255393,7.732342948041804e-06,0.0,0.0,0.0
bn_wiki_2047_05,True,False,span,UNKNOWN,bn_wiki_2047,bn_wiki_2047,True,উভয় দলই,,0.006046606797844337,0.00024411082517864814,0.0,0.0,0.0
bn_wiki_1875_01,True,False,span,NUMBER,bn_wiki_1875,bn_wiki_1875,True,2500,প্রায় 2500 বছর আগের,0.019832490177550587,0.00022426108365697014,0.0,0.6666666666666666,0.6666666666666666
bn_wiki_1875_02,True,False,span,TIME,bn_wiki_1875,bn_wiki_1875,True,1696,1696,0.045607433311568704,0.0010568643324397747,1.0,1.0,1.0
bn_wiki_1875_03,True,False,polarity,POLARITY,bn_wiki_1875,bn_wiki_1875,True,এছাড়াও,হ্যাঁ,0.006790236165572233,3.368724308235819e-05,0.0,0.0,0.0
bn_wiki_1875_04,True,False,polarity,POLARITY,bn_wiki_1875,bn_wiki_1875,True,পাতা,হ্যাঁ,0.006608006786551226,2.141251885881719e-06,0.0,0.0,0.0
bn_wiki_1875_05,True,False,polarity,POLARITY,bn_wiki_1875,bn_wiki_1875,True,উদরাময় রোগের চিকিৎসায়,,0.008446631325527046,4.034366588885792e-05,0.0,0.0,0.0
bn_wiki_1586_01,True,False,span,PERSON,bn_wiki_1588,bn_wiki_1586,True,সাম্রাজ্যের কভ্ন,একজন নৈরাজ্যবাদী রাশিয়ান লেখক,0.002860357120289284,2.175668526585746e-06,0.0,0.0,0.0
bn_wiki_1586_02,True,False,span,UNKNOWN,bn_wiki_1588,bn_wiki_1586,True,সাম্রাজ্যের কভ্ন,রাশিয়ান সাম্রাজ্যের কভ্ন,0.003448683469555105,4.2130104254030354e-07,0.0,0.8,0.8
bn_wiki_1586_03,True,False,span,REASON,bn_wiki_1586,bn_wiki_1586,True,অবৈধভাবে জন্ম নিয়ন্ত্রণ সম্পর্কে তথ্য বিতরণের,অবৈধভাবে জন্ম নিয়ন্ত্রণ সম্পর্কে তথ্য বিতরণের জন্য,0.005166862444969152,5.58542231470123e-07,0.0,0.923076923076923,0.923076923076923
bn_wiki_1586_04,True,False,span,TIME,bn_wiki_1586,bn_wiki_1586,True,1885,1885,0.015354890561297536,4.422454693767293e-05,1.0,1.0,1.0
bn_wiki_1586_05,True,False,span,PLACE,bn_wiki_1588,bn_wiki_1586,True,লিথুয়ানিয়ান শহর,,0.0029356537228169594,2.2150091436072984e-05,0.0,0.0,0.0
bn_wiki_1719_01,True,False,span,THING,bn_wiki_1719,bn_wiki_1719,True,সম্মিলিত অবদানের,অ্যানিমেশন স্টুডিও সানরাইজ,0.0025459093093082546,1.8508715768764984e-06,0.0,0.0,0.0
bn_wiki_1719_02,True,False,span,PERSON,bn_wiki_1720,bn_wiki_1719,False,কাউবয় বেবপ,শিনিচিরো ওয়াতানাবে,0.002829213414452986,6.694608104074748e-05,0.0,0.0,0.0
bn_wiki_1719_03,True,False,list,PERSON,bn_wiki_1719,bn_wiki_1719,True,কেইকো নোবুমোতো,চিত্রনাট্যকার কেইকো নোবুমোতো; চরিত্র ডিজাইনার তোশিহিরো কাওয়ামোতো; মেকানিক্যাল আর্ট ডিজাইনার কিমিতোশি ইয়ামানে; সুরকার ইয়োকো কান্নো; প্রযোজক মাসাহিকো মিনামি; ইয়োশিউকি তাকি,0.002502204594680919,2.741525959083259e-07,0.0,0.1038961038961039,0.1038961038961039
bn_wiki_1719_04,True,False,span,REASON,bn_wiki_1719,bn_wiki_1719,True,কারণ তিনি মেচা অ্যানিমেতে তার আগের কাজ,কারণ তিনি মেচা অ্যানিমেতে তার আগের কাজ থেকে ভিন্ন কিছু করতে চেয়েছিলেন,0.002842073735646031,2.0010018929360676e-07,0.0,0.7368421052631579,0.7368421052631579
bn_wiki_1719_05,True,False,span,TIME,bn_wiki_1725,bn_wiki_1719,False,15,,0.1661220229394071,0.0519557912122707,0.0,0.0,0.0
bn_wiki_0865_01,True,False,span,NUMBER,bn_wiki_0865,bn_wiki_0865,True,30,30 হাজার 193 দশমিক 39 কোটি টাকা,0.012676837012933675,2.15903584384336e-06,0.0,0.25,0.25
bn_wiki_0865_02,True,False,polarity,POLARITY,bn_wiki_0865,bn_wiki_0865,True,193,সেতুর অবকাঠামো তৈরি; নদী শাসন; সংযোগ সড়ক; ভূমি অধিগ্রহণ; পুনর্বাসন ও পরিবেশ; বেতন-ভাতা,0.0034574322347639165,4.230903250963206e-06,0.0,0.0,0.0
bn_wiki_0865_03,True,False,span,NUMBER,bn_wiki_0865,bn_wiki_0865,True,"12,000","12,000/- কোটি টাকা",0.019334035843971777,0.00010414915479010911,0.0,0.5,0.5
bn_wiki_0865_04,True,False,span,TIME,bn_wiki_0865,bn_wiki_0865,True,17,2014,0.028974892840192647,2.6742028094831755e-05,0.0,0.0,0.0
bn_wiki_0865_05,True,False,span,NUMBER,bn_wiki_0866,bn_wiki_0865,False,6,,0.009241457423693854,1.1616410975785404e-05,0.0,0.0,0.0
bn_wiki_0797_01,True,False,list,THING,bn_wiki_0797,bn_wiki_0797,True,ভূগোল,ভূগোল;জীববিজ্ঞান;সামাজিক বিজ্ঞান;রাষ্ট্রবিজ্ঞান;গণ নীতি;বাস্তুশাস্ত্র;পদার্থবিজ্ঞান;রসায়ন;সমাজবিজ্ঞান;মনোবিজ্ঞান;শারীরবৃত্তিসহ বিজ্ঞানের অনেকগুলি ক্ষেত্র রয়েছে,0.002269391597319217,2.8210731562849228e-08,0.0,0.10096670247046187,0.10096670247046187
bn_wiki_0797_02,True,False,polarity,THING,bn_wiki_0797,bn_wiki_0797,True,মানব,হ্যাঁ,0.00893971209761509,0.00022222806655255653,0.0,0.0,0.0
bn_wiki_0797_03,True,False,span,PROCESS,bn_wiki_0797,bn_wiki_0797,True,"আচরণ, ধর্ম, সংস্কৃতি",পরিবেশ আচরণ;ধর্ম;সংস্কৃতি;অর্থনৈতিক অনুশীলনকে প্রভাবিত করে,0.004904812695517639,1.7015499423189001e-06,0.0,0.5454545454545454,0.5454545454545454
bn_wiki_0797_04,True,False,polarity,POLARITY,bn_wiki_0796,bn_wiki_0797,False,বিস্তৃতভাবে বলতে,,0.0033882571901540613,1.6257662511197368e-07,0.0,0.0,0.0
bn_wiki_0797_05,True,False,list,THING,bn_wiki_0797,bn_wiki_0797,True,"নিমিত্তবাদ, সম্ভাব্যতাবাদ",পরিবেশগত নিমিত্তবাদ;সম্ভাব্যতাবাদ;সম্ভাবনাবাদ সম্পর্কিত ধারণা পরিবেশগত সম্পদ ব্যবস্থাপনার ধারণার ক্ষেত্রে তাৎপর্যপূর্ণ,0.0036760082948549292,9.99171931902968e-07,0.0,0.27210884353741494,0.27210884353741494
bn_wiki_0725_01,True,False,span,UNKNOWN,nctb_8_ICT_2_45,bn_wiki_0725,True,পাঠানোর,দু'ধরনের,0.00767276663975928,0.0001143399893576251,0.0,0.0,0.0
bn_wiki_0725_02,True,False,span,PROCESS,bn_wiki_0642,bn_wiki_0725,False,কয়েকটি ল্যানের সমন্বয়ে,"পরস্পরের সাথে সংযুক্ত এক গুচ্ছ ট্রান্সমিটার, রিসিভার বা ট্রান্সিভারের সমন্বয়ে",0.001817518050406318,1.1265418606708644e-06,0.0,0.15384615384615383,0.15384615384615383
bn_wiki_0725_03,True,False,polarity,POLARITY,nctb_8_ICT_2_41,bn_wiki_0725,True,প্রধান,একটি নির্দিষ্ট বাবহারকারীর কাছে তথ্য পাঠানো,0.008512973235644702,2.374860111313548e-05,0.0,0.0,0.0
bn_wiki_0725_04,True,False,span,REASON,bn_wiki_0725,bn_wiki_0725,True,দুই ধরনের নেটওয়ার্ক ক্ষেত্রেই,যাতে দুর্বল অ্যানালগ সিগনালকে বিবর্ধিত করে শক্তিশালী;বিকৃত ডিজিটাল সিগনালকে পুনর্গঠন করা যায়,0.005291095129945828,2.465975062530823e-06,0.0,0.0,0.0
bn_wiki_0725_05,True,False,span,PROCESS,bn_wiki_0726,bn_wiki_0725,True,নির্দিষ্ট সময় পর পর নমুনা সংগ্রহ,,0.004932385459547063,7.035632290540612e-05,0.0,0.0,0.0
bn_wiki_0131_01,True,False,polarity,POLARITY,bn_wiki_0131,bn_wiki_0131,True,নতুন,নতুন,0.005980407172980998,9.630377760366446e-06,1.0,1.0,1.0
bn_wiki_0131_02,True,False,span,TIME,bn_wiki_0131,bn_wiki_0131,True,1926,1926,0.03325656618442421,0.00243471125718811,1.0,1.0,1.0
bn_wiki_0131_03,True,False,span,NUMBER,bn_wiki_0131,bn_wiki_0131,True,367,367,0.009806629702606245,2.037245892693232e-06,1.0,1.0,1.0
bn_wiki_0131_04,True,False,span,PLACE,bn_wiki_0131,bn_wiki_0131,True,ইন্টারন্যাশনাল অ্যাস্ট্রোনমিক্যাল,ইন্টারন্যাশনাল অ্যাস্ট্রোনমিক্যাল ইউনিয়ন-এর সেন্ট্রাল ব্যুরো ফর অ্যাস্ট্রোনমিক্যাল টেলিগ্রাম্স শীর্ষক,0.0038728278398959437,1.4918105870165115e-06,0.0,0.33333333333333337,0.33333333333333337
bn_wiki_0131_05,True,False,polarity,POLARITY,bn_wiki_0131,bn_wiki_0131,True,185,,0.004021557371691388,1.3207789703409759e-05,0.0,0.0,0.0
bn_wiki_0380_01,True,False,span,PROCESS,bn_wiki_0380,bn_wiki_0380,True,মধ্যম কর্মক্ষমতার গাড়ির,একটি সেলুলার ওবিডি সন্ধানার সরাসরি সেলুলার টাওয়ারের সাথে যোগাযোগ স্থাপন করে এবং সেলুলার ওয়্যারলেস নেটওয়ার্কের মধ্যমে যানবাহনের অবস্থান এবং অন্যান্য তথ্য সার্ভারে প্রেরণ করে দেয়,0.00476280949189816,2.5935242649613444e-05,0.0,0.33333333333333337,0.33333333333333337
bn_wiki_0380_02,True,False,span,THING,bn_wiki_0380,bn_wiki_0380,True,টেকোগ্রাফ,টেকোগ্রাফ,0.003733363488340702,3.151229340398517e-06,1.0,1.0,1.0
bn_wiki_0380_03,True,False,list,THING,bn_wiki_0380,bn_wiki_0380,True,গাড়িগুলোকে একসাথে,জ্বালানী পর্যবেক্ষণ; দূরত্ব হিসাব; সম্পত্তির দেখাশনা করা; মাঠ পর্যায়ে পণ্য বিক্রি,0.002386820560620887,1.4090096145131376e-06,0.0,0.04395604395604396,0.04395604395604396
bn_wiki_0380_04,True,False,list,THING,bn_wiki_0380,bn_wiki_0380,True,জিএসএম,জিপিএস; জিএসএম প্রযুক্তি,0.004267964177823807,1.3093731007513681e-07,0.0,0.28571428571428575,0.28571428571428575
bn_wiki_0380_05,True,False,span,PROCESS,bn_wiki_0015,bn_wiki_0380,False,"নিরাপত্তা এবং তথ্য নিরাপত্তা শাখা হার্ডওয়্যার, মানব সম্পদ",,0.004964280478427866,1.2261665129425017e-05,0.0,0.0,0.0
bn_wiki_0568_01,True,False,span,NUMBER,bn_wiki_0568,bn_wiki_0568,True,2002,2002,0.04175042062988559,0.00028457901550091314,1.0,1.0,1.0
bn_wiki_0568_02,True,False,span,NUMBER,bn_wiki_0568,bn_wiki_0568,True,2014,2014,0.0535674779422171,0.0003980525761737297,1.0,1.0,1.0
bn_wiki_0568_03,True,False,span,THING,bn_wiki_0568,bn_wiki_0568,True,কম্পিউটার বিজ্ঞানের,"ঢাকা রেসিং, রাস্তায় দৌড় ভিডিও গেম সেট ঢাকা",0.0027626525133774026,1.1420395300450192e-08,0.0,0.0,0.0
bn_wiki_0568_04,True,False,span,PROCESS,bn_wiki_0568,bn_wiki_0568,True,ইতিবাচক সাড়া পেয়ে,দেশজুড়ে গেমারদের কাছ থেকে ইতিবাচক সাড়া পেয়ে,0.008767808735485027,1.243458005172407e-05,0.0,0.6,0.6
bn_wiki_0568_05,True,False,span,UNKNOWN,bn_wiki_0568,bn_wiki_0568,True,এক বছর,চট্টগ্রাম,0.004675568263562011,2.3819699946801484e-06,0.0,0.0,0.0
bn_wiki_0780_01,True,False,polarity,POLARITY,wiki_33690_1,bn_wiki_0780,True,29,কোন বস্তুকে সরাসরি স্পর্শ না করে সেই বস্তু হতে তার গুনাবলি সম্পর্কিত উপাত্ত সংগ্রহ করা এবং পর্যবেক্ষন করার এক ধরনের কৌশল,0.0004939831406708606,1.417038117383358e-06,0.0,0.0,0.0
bn_wiki_0780_02,True,False,list,THING,bn_wiki_0780,bn_wiki_0780,True,কৌশলে বেশ,ক্যামেরা; লেসার; রেডিও তরঙ্গ গ্রহণকারী রিসিভার বা সংগ্রাহক; রাডার ব্যবস্থা; সনার; সীসমোগ্রাফ; গ্রাভিমিটারস; ম্যাগ্নেটমিটার,0.0012883913730124031,8.658271314697635e-06,0.0,0.0,0.0
bn_wiki_0780_03,True,False,polarity,POLARITY,bn_wiki_0780,bn_wiki_0780,True,কৌশলে,হ্যাঁ,0.0010580777243423653,3.939507674266237e-06,0.0,0.0,0.0
bn_wiki_0780_04,True,False,list,THING,bn_wiki_0780,bn_wiki_0780,True,পদার্থ,পদার্থ বিজ্ঞান ও গণিতে,0.005675375016331326,4.64959237756607e-06,0.0,0.22857142857142856,0.22857142857142856
bn_wiki_0780_05,True,False,span,TIME,wiki_33690_1,bn_wiki_0780,True,29,,0.05166323249963889,0.00963691256031949,0.0,0.0,0.0
bn_wiki_1268_01,True,False,span,TIME,bn_wiki_1268,bn_wiki_1268,True,1948,1948,0.02357145457706054,0.0008165743624717371,1.0,1.0,1.0
bn_wiki_1268_02,True,False,list,THING,bn_wiki_1268,bn_wiki_1268,True,রিং চিপস,রিং চিপস; চানাচুর,0.0056471951310516025,4.8782150553761984e-05,0.0,0.3428571428571429,0.3428571428571429
bn_wiki_1268_03,True,False,list,THING,bn_wiki_1268,bn_wiki_1268,True,1948,,0.006656367018608043,0.0002303947551398058,0.0,0.0,0.0
bn_wiki_1268_04,True,False,span,UNKNOWN,bn_wiki_1268,bn_wiki_1268,True,14,2020,0.002379832245284281,1.5274425956550864e-05,0.0,0.0,0.0
bn_wiki_1268_05,True,False,list,THING,bn_wiki_1268,bn_wiki_1268,True,1985,আলুর চিপস; মিস্টার টুইস্ট; আলুজ চিপস; পাস্তাচিপস,0.012095251771466331,0.0006712965126579387,0.0,0.0,0.0
bn_wiki_0376_01,True,False,list,THING,bn_wiki_0375,bn_wiki_0376,True,চার অষ্টাভুজের,কাভানা; চার্চ; হসপিটাল; মানসিক আশ্রয়স্থান; ঘণ্টা-মিনার (বেল টাওয়ার); কিছু পরিত্যক্ত বাড়ি ও প্রাক্তন প্রশাসনিক ভবন,0.004593184147942944,2.2592809014150908e-05,0.0,0.0,0.0
bn_wiki_0376_02,True,False,span,THING,bn_wiki_0376,bn_wiki_0376,True,1806,সান ভিটলে,0.0019259763290760303,4.45791351648666e-06,0.0,0.0,0.0
bn_wiki_0376_03,True,False,span,PERSON,bn_wiki_0375,bn_wiki_0376,True,পরবর্তীতে,,0.005980158985912102,1.389845167170875e-05,0.0,0.0,0.0
bn_wiki_0376_04,True,False,span,REASON,bn_wiki_0376,bn_wiki_0376,True,সালে ইটালির সরকার,চাপা আতঙ্ক ও ভয় এবং অদৃশ্য কারও অনুভূতি পাবার কারণ দেখিয়ে,0.0033297561077287492,1.695570561297509e-05,0.0,0.0,0.0
bn_wiki_0376_05,True,False,span,THING,bn_wiki_0376,bn_wiki_0376,True,কঙ্কাল তৈরি,মারা যাওয়া এই মানুষগুলোর অতৃপ্ত আত্মা ঘুরে ফেরে এই দ্বীপে এবং এসব আত্মা অন্যের আধিপত্য মেনে নিতে পারে না,0.0024009425744196977,2.5717176417847966e-06,0.0,0.0,0.0
bn_wiki_2200_01,True,False,polarity,POLARITY,bn_wiki_2200,bn_wiki_2200,True,প্রদর্শনীর,"প্রদর্শনীর জন্য ব্যবহৃত একটি স্থান, সাধারণত দৃশ্য শিল্পের জন্য",0.0019026143661522521,3.6826442493045897e-07,0.0,0.19999999999999998,0.19999999999999998
bn_wiki_2200_02,True,False,polarity,POLARITY,bn_wiki_2200,bn_wiki_2200,True,বিষয়টি,হ্যাঁ,0.0056609465350227935,1.9036050000961757e-06,0.0,0.0,0.0
bn_wiki_2200_03,True,False,polarity,THING,bn_wiki_2200,bn_wiki_2200,True,প্রকার,হ্যাঁ,0.0060663232646800645,2.7112953468835278e-05,0.0,0.0,0.0
bn_wiki_2200_04,True,False,polarity,POLARITY,bn_wiki_2200,bn_wiki_2200,True,একপ্রকারের বাণিজ্যিক,একপ্রকারের বাণিজ্যিক প্রতিষ্ঠান যারা শিল্পকর্ম বিক্রয় করে,0.004006473272216488,2.0058531556739478e-07,0.0,0.4444444444444445,0.4444444444444445
bn_wiki_2200_05,True,False,polarity,POLARITY,wiki_64875_20,bn_wiki_2200,True,কানাডা এগ্রিকালচার,,0.0015867893826061888,7.199117037096428e-07,0.0,0.0,0.0
bn_wiki_2231_01,True,False,span,PERSON,bn_wiki_2231,bn_wiki_2231,True,যুদ্ধ শেষ,লউফির,0.008499652177853922,8.175960527752324e-05,0.0,0.0,0.0
bn_wiki_2231_02,True,False,span,UNKNOWN,bn_wiki_2231,bn_wiki_2231,True,"গভীর ""ওডিনস্লিপে","""ওডিনস্লিপে""",0.005465239993288355,4.1322970751496435e-06,0.0,0.6666666666666666,0.6666666666666666
bn_wiki_2231_03,True,False,span,PERSON,bn_wiki_2231,bn_wiki_2231,True,সম্পর্কে অবগত,ডেস্ট্রয়ারকে,0.00787791128592037,7.978787744099616e-06,0.0,0.0,0.0
bn_wiki_2231_04,True,False,span,REASON,bn_wiki_2231,bn_wiki_2231,True,যাতে লোকি যুদ্ধে যেতে না পারে,যাতে লোকি যুদ্ধে যেতে না পারে,0.006372009679047575,8.439852127905406e-06,1.0,1.0,1.0
bn_wiki_2231_05,True,False,span,PERSON,nctb_9_10_Higher_math_13_58,bn_wiki_2231,False,ইহার বর্ণনা,,0.010452679181793679,0.0001716209738490751,0.0,0.0,0.0
bn_wiki_2989_01,True,False,span,TIME,bn_wiki_2989,bn_wiki_2989,True,1757,1757,0.0850696646639828,0.0011285241955068942,1.0,1.0,1.0
bn_wiki_2989_02,True,False,polarity,UNKNOWN,bn_wiki_2989,bn_wiki_2989,True,1760,হ্যাঁ,0.007854300152475539,2.9155201546325962e-05,0.0,0.0,0.0
bn_wiki_2989_03,True,False,span,TIME,bn_wiki_2989,bn_wiki_2989,True,1799,1799,0.03854428615498253,0.003007922734258671,1.0,1.0,1.0
bn_wiki_2989_04,True,False,span,REASON,bn_wiki_2989,bn_wiki_2989,True,ইংরেজ কর্তৃপক্ষ ফকির,,0.008497477123829292,0.0004927280038362503,0.0,0.0,0.0
bn_wiki_2989_05,True,False,span,TIME,bn_wiki_2989,bn_wiki_2989,True,1793,1793,0.07763210095068737,0.0006072998138501873,1.0,1.0,1.0
bn_wiki_2992_01,True,False,polarity,UNKNOWN,bn_wiki_2992,bn_wiki_2992,True,প্রবর্তিত,হ্যাঁ,0.004199591595656752,7.04067453735982e-07,0.0,0.0,0.0
bn_wiki_2992_02,True,False,span,REASON,bn_wiki_2992,bn_wiki_2992,True,বিভিন্ন মার্শাল আর্ট এবং বিভিন্ন রেসিং স্পোর্টস অন্তর্ভুক্ত,,0.004975071276581763,4.7592232968636516e-07,0.0,0.0,0.0
bn_wiki_2992_03,True,False,span,NUMBER,bn_wiki_2992,bn_wiki_2992,True,1989,1989,0.02284513261603841,0.00048762544566714056,1.0,1.0,1.0
bn_wiki_2992_04,True,False,span,TIME,bn_wiki_2992,bn_wiki_2992,True,1972,1972,0.08526419937595003,0.0009359194231072232,1.0,1.0,1.0
bn_wiki_2992_05,True,False,span,TIME,bn_wiki_2992,bn_wiki_2992,True,1973,1973,0.042843057277031034,0.00033534486924491347,1.0,1.0,1.0
bn_wiki_0261_01,True,False,polarity,POLARITY,bn_wiki_0261,bn_wiki_0261,True,1946,লাইম্যান স্পিটজার,0.0030159015754934264,1.254984433094906e-05,0.0,0.0,0.0
bn_wiki_0261_02,True,False,polarity,POLARITY,bn_wiki_0261,bn_wiki_0261,True,1968,জ্যোতির্বৈজ্ঞানিক মানমন্দির অর্বিটিং অ্যাস্ট্রোনমিকাল অবজারভেটরি-2,0.0029439387377577435,6.38126354918396e-06,0.0,0.0,0.0
bn_wiki_0261_03,True,False,span,THING,bn_wiki_0261,bn_wiki_0261,True,"চেয়েছিলেন, শেষ",ডিস্কভারি,0.002261094753544057,1.6836449789415023e-07,0.0,0.0,0.0
bn_wiki_0261_04,True,False,span,THING,bn_wiki_0261,bn_wiki_0261,True,1971,সালিউত মহাকাশ বিরোতিস্থলের উপর,0.003132221209519237,2.8381784061143334e-06,0.0,0.0,0.0
bn_wiki_0261_05,True,False,span,THING,bn_wiki_0253,bn_wiki_0261,True,জেমস ওয়েব,,0.0033872831257439244,0.0001331870947538145,0.0,0.0,0.0
bn_wiki_0351_01,True,False,span,PERSON,bn_wiki_0351,bn_wiki_0351,True,কার্ল ভন,জার্মান ব্যারন কার্ল ভন ড্রাইস,0.006142732722718418,5.938068079755845e-07,0.0,0.5714285714285715,0.5714285714285715
bn_wiki_0351_02,True,False,span,TIME,bn_wiki_0351,bn_wiki_0351,True,12,1817 সালের 12 জুন,0.014866551459117926,2.4447455232525644e-05,0.0,0.4,0.4
bn_wiki_0351_03,True,False,list,PERSON,bn_wiki_0350,bn_wiki_0351,False,ফ্রান্সের পিয়ের,,0.003575172883985508,1.8285338676928345e-06,0.0,0.0,0.0
bn_wiki_0351_04,True,False,list,THING,bn_wiki_0351,bn_wiki_0351,True,22,পিতলের গুল্ম; লোহার শড চাকা; একটি পিছন চাকার ব্রেক; 4.152 মি.মি. (6 ইঞ্চি) সামনের চাকার লেজ,0.0025719409887030175,7.38319430070326e-06,0.0,0.0,0.0
bn_wiki_0351_05,True,False,span,REASON,bn_wiki_0351,bn_wiki_0351,True,আংশিক ক্রমবর্ধমান দুর্ঘটনার,আংশিক ক্রমবর্ধমান দুর্ঘটনার কারণে,0.0071102148294663325,0.00013535455140789056,0.0,0.8571428571428571,0.8571428571428571
bn_wiki_0092_01,True,False,span,PERSON,bn_wiki_0092,bn_wiki_0092,True,আই সাবরা,এ.আই সাবরা,0.0014490914844919635,2.5626764858018448e-06,0.0,0.8,0.8
bn_wiki_0092_02,True,False,span,THING,bn_wiki_0092,bn_wiki_0092,True,রিস্টোরড,আলকেমি রিস্টোরড,0.002365400214303108,2.0207762756315958e-07,0.0,0.6666666666666666,0.6666666666666666
bn_wiki_0092_03,True,False,span,THING,nctb_9_10_Accounting_9_64,bn_wiki_0092,False,1,ধাতুকে অন্য পদার্থে রূপান্তরের জন্য অনুসন্ধান ও পরীক্ষা-নিরীক্ষা,0.00867536099912191,2.5672700489370523e-05,0.0,0.0,0.0
bn_wiki_0092_04,True,False,span,THING,bn_wiki_0092,bn_wiki_0092,True,করেছিলেন,আলকেমি এবং প্রথম দিকের রসায়নকে অন্তর্ভুক্ত করে একীভূত বিজ্ঞানকে,0.004612932622747772,5.9013560759655845e-06,0.0,0.0,0.0
bn_wiki_0092_05,True,False,span,PERSON,bn_wiki_0092,bn_wiki_0092,True,একে,ক্রিয়োসোপিয়া,0.006579665339929924,1.1849606647791437e-05,0.0,0.0,0.0
bn_wiki_1823_01,True,False,span,THING,bn_wiki_1823,bn_wiki_1823,True,উপন্যাসে,মহাপুরুষ,0.010620537195460555,1.1722206446913852e-05,0.0,0.0,0.0
bn_wiki_1823_02,True,False,span,PLACE,bn_wiki_1823,bn_wiki_1823,True,এদের,,0.013673589514576758,0.00012460539065441492,0.0,0.0,0.0
bn_wiki_1823_03,True,False,polarity,POLARITY,bn_wiki_1823,bn_wiki_1823,True,রূপা; যাকে,রূপা,0.00835246042895709,3.6751012383555784e-05,0.0,0.6666666666666666,0.6666666666666666
bn_wiki_1823_04,True,False,polarity,THING,bn_wiki_1823,bn_wiki_1823,True,নিরপরাধী হওয়া,না,0.007588106992048096,1.6318873317133428e-05,0.0,0.0,0.0
bn_wiki_1823_05,True,False,span,REASON,bn_wiki_1823,bn_wiki_1823,True,ন্যায় মহত্ব প্রকাশ,যা হিমালয় পর্বতের ন্যায় মহত্ব প্রকাশ করে,0.012805348098629174,5.271609817105935e-05,0.0,0.6,0.6
bn_wiki_1402_01,True,False,span,THING,bn_wiki_1402,bn_wiki_1402,True,স্তন্যপায়ী,স্তন্যপায়ী প্রাণী,0.003491735471497009,9.267968964026506e-07,0.0,0.6666666666666666,0.6666666666666666
bn_wiki_1402_02,True,False,span,UNKNOWN,nctb_9_10_Pali_8_10,bn_wiki_1402,False,উপসর্গের গতি,2,0.010452957417020889,0.00019508163173080455,0.0,0.0,0.0
bn_wiki_1402_03,True,False,polarity,POLARITY,wiki_89068_0,bn_wiki_1402,True,4,চুল অন্তস্ত্বক বা ত্বকের বহিঃস্তরে অবস্থিত ফলিকল থেকে উৎপন্ন চিকন লম্বা সুতার মতোন প্রোটিন তন্তু।,0.001568608308242134,2.4557479355734498e-06,0.0,0.0,0.0
bn_wiki_1402_04,True,False,polarity,POLARITY,bn_wiki_1402,bn_wiki_1402,True,কেরাটিন,কেরাটিন,0.007581972473622288,7.111399078372788e-05,1.0,1.0,1.0
bn_wiki_1402_05,True,False,span,PLACE,bn_wiki_1402,bn_wiki_1402,True,মানুষ ব্যতীত,,0.005632630991324022,8.303925135781653e-06,0.0,0.0,0.0
bn_wiki_0186_01,True,False,span,PERSON,bn_wiki_0186,bn_wiki_0186,True,সমস্যার সমাধানের,সাধারণ গণিতের বাইরে গিয়ে যে সমস্ত গণিতবিদেরা গাণিতিক সমস্যার সমাধানের কাজে নিযুক্ত থাকেন,0.0030324578323317414,1.5945572642739499e-06,0.0,0.2666666666666667,0.2666666666666667
bn_wiki_0186_02,True,False,span,UNKNOWN,bn_wiki_0186,bn_wiki_0186,True,পেশাদারী পদ্ধতির,"যাঁরা তাদের বিশেষ জ্ঞান এবং পেশাদারী পদ্ধতির সঙ্গে, অনেক ভাবগম্ভীর বৈজ্ঞানিক ক্ষেত্রের সমস্যার মধ্যে উপস্থিত হয়ে অগ্রসর হন",0.001754203441141246,4.49561266138189e-07,0.0,0.19999999999999998,0.19999999999999998
bn_wiki_0186_03,True,False,list,THING,bn_wiki_0186,bn_wiki_0186,True,পেশাদারী ভঙ্গিতে,পেশাদারী ভঙ্গিতে বিভিন্ন ধরনের সমস্যা; তাত্ত্বিক পদ্ধতি; স্থানীয় নির্মানের উপর নিয়মিত গবেষণা; গাণিতিক নকশা,0.001333157289208339,4.7444648549146463e-07,0.0,0.14285714285714288,0.14285714285714288
bn_wiki_0186_04,True,False,list,UNKNOWN,nctb_7_Music_2_90,bn_wiki_0186,False,"মোর বাড়া"", ""তোরষা",গণিত সংখ্যা; তথ্য; সংগ্রহ; পরিমাণ; গঠন; স্থান পরিবর্তন,0.00955950551005069,0.0001169964257810071,0.0,0.0,0.0
bn_wiki_0186_05,True,False,span,PERSON,nctb_6_Sanskrit_10_8,bn_wiki_0186,False,পদ,,0.03478491472395267,0.0018941447826834462,0.0,0.0,0.0
bn_wiki_0744_01,True,False,span,THING,bn_wiki_0744,bn_wiki_0744,True,ভুলভাবে,সাধারণত ভুলভাবে ব্যবহার বা ত্রুটিযুক্ত কারণে,0.002780670242696609,2.8241859286706923e-06,0.0,0.2857142857142857,0.2857142857142857
bn_wiki_0744_02,True,False,span,THING,bn_wiki_0744,bn_wiki_0744,True,বিস্ফোরক,হাইড্রোজেন এবং অক্সিজেনের একটি বিস্ফোরক গ্যাস,0.0026023089601700327,3.1141223238175496e-06,0.0,0.2857142857142857,0.2857142857142857
bn_wiki_0744_03,True,False,span,THING,bn_wiki_0744,bn_wiki_0744,True,বদ্ধ কেসটির,বদ্ধ কেসটির মধ্যে,0.005444751261761773,2.2642513470144676e-06,0.0,0.8,0.8
bn_wiki_0744_04,True,False,polarity,POLARITY,bn_wiki_0744,bn_wiki_0744,True,ব্যাটারি,হ্যাঁ,0.005944801017960105,9.16369090567283e-05,0.0,0.0,0.0
bn_wiki_0744_05,True,False,polarity,POLARITY,bn_wiki_0744,bn_wiki_0744,True,উঠেছে,,0.0031677631824061415,1.3760616739435811e-05,0.0,0.0,0.0
bn_wiki_1218_01,True,False,span,PLACE,bn_wiki_1218,bn_wiki_1218,True,রাজধানী,ঢাকা,0.002081333262973729,5.448797240504427e-07,0.0,0.0,0.0
bn_wiki_1218_02,True,False,span,TIME,bn_wiki_1218,bn_wiki_1218,True,1936,1936 সাল,0.06491966162215479,0.010092459968070573,0.0,0.6666666666666666,0.6666666666666666
bn_wiki_1218_03,True,False,span,NUMBER,bn_wiki_1218,bn_wiki_1218,True,1951,1951,0.057077843368332666,0.0030915042465975567,1.0,1.0,1.0
bn_wiki_1218_04,True,False,polarity,UNKNOWN,nctb_7_Bangla_grammar_10_3,bn_wiki_1218,True,3,হ্যাঁ,0.01176708312881295,0.0001576017174884075,0.0,0.0,0.0
bn_wiki_1218_05,True,False,span,NUMBER,nctb_9_10_Geography_10_26,bn_wiki_1218,False,13,,0.06477954361400094,0.0015495127815811222,0.0,0.0,0.0
bn_wiki_0095_01,True,False,polarity,POLARITY,nctb_9_10_chemistry_secondary_4_21,bn_wiki_0095,True,65,আনুভূমিক সারি,0.004627842337671752,9.459711077822348e-06,0.0,0.0,0.0
bn_wiki_0095_02,True,False,polarity,POLARITY,wiki_111465_0,bn_wiki_0095,True,বিশ্বকাপে জি,খাড়া স্তম্ভ,0.003338077187613886,1.5337223495313652e-05,0.0,0.0,0.0
bn_wiki_0095_03,True,False,polarity,POLARITY,bn_wiki_0095,bn_wiki_0095,True,2,গ্রুপ-2 এবং গ্রুপ-3 এর মধ্যবর্তী স্থানে অবস্থানকারী মৌল,0.006682870388029089,2.2174141295944368e-05,0.0,0.18181818181818182,0.18181818181818182
bn_wiki_0095_04,True,False,list,NUMBER,bn_wiki_0095,bn_wiki_0095,True,32,32টি,0.009126539713391156,8.352916226136292e-06,0.0,0.19047619047619044,0.19047619047619044
bn_wiki_0095_05,True,False,list,NUMBER,bn_wiki_0095,bn_wiki_0095,True,7,7টি,0.013117077977134874,2.924164654851888e-05,0.0,0.3809523809523809,0.3809523809523809
bn_wiki_2149_01,True,False,span,UNKNOWN,nctb_8_Physical_education_4_25,bn_wiki_2149,True,প্রথম প্রচলন,গোলাকৃতি,0.00804820860276803,2.5779532345159353e-05,0.0,0.0,0.0
bn_wiki_2149_02,True,False,polarity,POLARITY,bn_wiki_2149,bn_wiki_2149,True,কোর্টে উলম্বভাবে,কোর্টে উলম্বভাবে স্থাপিত একটি বাস্কেট বা ঝুড়িতে বল নিক্ষেপের মাধ্যমে পয়েন্ট সংগ্রহ করা,0.003265835660948347,2.2628165528577188e-07,0.0,0.2666666666666667,0.2666666666666667
bn_wiki_2149_03,True,False,span,NUMBER,bn_wiki_2149,bn_wiki_2149,True,5,5,0.06373470621997801,0.0018949268904540142,1.0,1.0,1.0
bn_wiki_2149_04,True,False,polarity,POLARITY,bn_wiki_2149,bn_wiki_2149,True,চতুর্ভূজ আকৃতির,চতুর্ভূজ আকৃতির বাস্কেটবল কোর্টের উভয় দিকের শেষ প্রান্তে বাস্কেট,0.005051580111684024,8.376176170183085e-05,0.0,0.3636363636363636,0.3636363636363636
bn_wiki_2149_05,True,False,span,PERSON,nctb_8_Physical_education_4_25,bn_wiki_2149,True,পর্যায়ে,,0.012117638345126417,3.789901224017511e-05,0.0,0.0,0.0
bn_wiki_2154_01,True,False,polarity,POLARITY,bn_wiki_2154,bn_wiki_2154,True,ধরনের প্রহসন,এক ধরনের প্রহসন,0.002885047072180742,4.2723628605181516e-07,0.0,0.8,0.8
bn_wiki_2154_02,True,False,span,UNKNOWN,bn_wiki_2154,bn_wiki_2154,True,হাস্যরসাত্মক,হাস্যরসাত্মক,0.007503124920989658,5.9728148079104745e-05,1.0,1.0,1.0
bn_wiki_2154_03,True,False,list,PLACE,bn_wiki_2154,bn_wiki_2154,True,উন্মুক্ত মঞ্চ,উন্মুক্ত মঞ্চ; থিয়েটার; জনসমাগম; ভোজসভা; ক্লাবঘরের ছোট পরিসরে এমনকি কোন খোলা জায়গায়,0.0038277096230500372,1.1007136619563263e-06,0.0,0.16326530612244897,0.16326530612244897
bn_wiki_2154_04,True,False,list,THING,bn_wiki_2154,bn_wiki_2154,True,"বাচনভঙ্গী, অঙ্গভঙ্গী",বাচনভঙ্গী; অঙ্গভঙ্গী; মুখাবয়ব; স্বরের ওঠা নামা; সর্বোপরি লোক হাসানোর দক্ষতা,0.0038560405494577894,2.5264809168164433e-06,0.0,0.19047619047619052,0.19047619047619052
bn_wiki_2154_05,True,False,span,PLACE,bn_wiki_2154,bn_wiki_2154,True,ধরনের প্রহসন,,0.005147266622319674,1.658185601383349e-05,0.0,0.0,0.0
bn_wiki_1030_01,True,False,span,THING,bn_wiki_1030,bn_wiki_1030,True,শিহাব শাহীন,বাংলাদেশী অপরাধ থ্রিলার ওয়েব ধারাবাহিক,0.002280910329880347,3.3251664186516317e-06,0.0,0.0,0.0
bn_wiki_1030_02,True,False,span,PERSON,bn_wiki_1030,bn_wiki_1030,True,রেদওয়ান রনি,রেদওয়ান রনি,0.004089547863835162,0.0005275347782998032,1.0,1.0,1.0
bn_wiki_1030_03,True,False,polarity,POLARITY,bn_wiki_1030,bn_wiki_1030,True,ওয়েব প্ল্যাটফর্মের,মরীচিকা,0.009527439048250637,3.47708746699666e-05,0.0,0.0,0.0
bn_wiki_1030_04,True,False,polarity,POLARITY,wiki_3145_8,bn_wiki_1030,False,সদর দপ্তরের,,0.0020030627459062004,3.0233393858874504e-05,0.0,0.0,0.0
bn_wiki_1030_05,True,False,span,PLACE,bn_wiki_1030,bn_wiki_1030,True,যাওয়া মডেল,,0.0024492225308666337,7.921449908894571e-06,0.0,0.0,0.0
bn_wiki_0009_01,True,False,span,REASON,bn_wiki_0009,bn_wiki_0009,True,মে মাসে স্নায়ুরোগের,স্নায়ুরোগের কারণে,0.009067041375375959,6.526425967061204e-05,0.0,0.4,0.4
bn_wiki_0009_02,True,False,span,TIME,bn_wiki_0009,bn_wiki_0009,True,2013,2013 এর জানুয়ারিতে,0.0750431266930768,0.003989371582888923,0.0,0.5,0.5
bn_wiki_0009_03,True,False,span,UNKNOWN,bn_wiki_0009,bn_wiki_0009,True,16,দ্য ওয়াশিংটন পোস্টের,0.0051572076288836245,1.1909492878327613e-05,0.0,0.0,0.0
bn_wiki_0009_04,True,False,span,THING,bn_wiki_0009,bn_wiki_0009,True,2013,,0.003860365769101807,4.438899068153531e-06,0.0,0.0,0.0
bn_wiki_0009_05,True,False,span,UNKNOWN,bn_wiki_0009,bn_wiki_0009,True,এসমস্ত,,0.005669887606153106,5.902252194965769e-06,0.0,0.0,0.0
bn_wiki_1762_01,True,False,span,TIME,bn_wiki_1759,bn_wiki_1762,False,290,,0.03381062355486188,0.000809524844094453,0.0,0.0,0.0
bn_wiki_1762_02,True,False,list,THING,bn_wiki_1762,bn_wiki_1762,True,এখনও ছাপা,,0.003353349136172166,8.181619383690504e-07,0.0,0.0,0.0
bn_wiki_1762_03,True,False,polarity,POLARITY,bn_wiki_1762,bn_wiki_1762,True,20,,0.005661723205307759,9.501129331701899e-07,0.0,0.0,0.0
bn_wiki_1762_04,True,False,polarity,THING,bn_wiki_1762,bn_wiki_1762,True,এমনকি,হ্যাঁ,0.003804586375737807,3.1482032697587904e-06,0.0,0.0,0.0
bn_wiki_1762_05,True,False,span,PERSON,bn_wiki_1762,bn_wiki_1762,True,ব্রিটিশ সমীক্ষা,,0.0037628533667543925,0.00010432147420591986,0.0,0.0,0.0
bn_wiki_0524_01,True,False,span,UNKNOWN,bn_wiki_0524,bn_wiki_0524,True,লেন্স,লেন্স এবং দর্পণের সাহায্যে,0.0025972237331463826,5.659094725460421e-06,0.0,0.4,0.4
bn_wiki_0524_02,True,False,span,NUMBER,bn_wiki_0524,bn_wiki_0524,True,1609,1609,0.063936899488068,0.0005869395339792721,1.0,1.0,1.0
bn_wiki_0524_03,True,False,list,THING,bn_wiki_0524,bn_wiki_0524,True,বৃহস্পতির উপগ্রহ,বৃহস্পতির উপগ্রহ; শনির বলয়,0.0034544769767704954,1.0346321750874694e-06,0.0,0.3809523809523809,0.3809523809523809
bn_wiki_0524_04,True,False,span,THING,bn_wiki_1677,bn_wiki_0524,False,কপিরাইটের সময়কালে,,0.0030863103475396694,9.200218749752694e-06,0.0,0.0,0.0
bn_wiki_0524_05,True,False,span,NUMBER,bn_wiki_0524,bn_wiki_0524,True,1608,,0.08698228525244887,0.0149900263037656,0.0,0.0,0.0
bn_wiki_2561_01,True,False,span,NUMBER,bn_wiki_2561,bn_wiki_2561,True,3,3য়,0.039445326280550266,5.9570076571945074e-05,0.0,0.6666666666666666,0.6666666666666666
bn_wiki_2561_02,True,False,list,THING,bn_wiki_2561,bn_wiki_2561,True,সদ্যপ্রসূত সন্তানকে,ছুটে এসে সদ্যপ্রসূত সন্তানকে দু'হাতে তুলে তার কানে আযান দিলেন; দৌহিত্র হাসানের মাথা মুড়িয়ে তার চুলের সমপরিমাণ ওজনের রূপা গরীব-মিসকীনদের মধ্যে দান করে দিলেন,0.00247879498024117,3.6631446384454217e-06,0.0,0.08163265306122451,0.08163265306122451
bn_wiki_2561_03,True,False,span,REASON,bn_wiki_2561,bn_wiki_2561,True,মুহাম্মাদ এদেরকে নাতী,খাদিজার পরে তার আর কোন স্ত্রী সন্তান জন্ম দেননি। আর বংশ রক্ষার জন্য কোন পুত্র সন্তান ছিলোও না,0.006874847677366088,0.00036279032076924275,0.0,0.0,0.0
bn_wiki_2561_04,True,False,list,THING,bn_wiki_2561,bn_wiki_2561,True,বিভিন্ন ধরনের,দৌড়াদৌড়ি খেলা খেলতেন; ছোয়াছুয়ি খেলা খেলতেন; জড়িয়ে ধরে চুমো খেতেন; এমনকি হোসাইন মুহাম্মাদের বুকের উপর পা দিয়েও খেলা করতেন,0.003313655299758261,3.0771890257015426e-06,0.0,0.02857142857142857,0.02857142857142857
bn_wiki_2561_05,True,False,span,NUMBER,bn_wiki_2562,bn_wiki_2561,False,19,,0.029597385275398555,0.0006888791520843728,0.0,0.0,0.0
bn_wiki_0182_01,True,False,span,NUMBER,bn_wiki_0182,bn_wiki_0182,True,30,জীবনের বাকি 40,0.00942359478516476,1.39067241088104e-05,0.0,0.0,0.0
bn_wiki_0182_02,True,False,list,PLACE,bn_wiki_0182,bn_wiki_0182,True,এছাড়াও,তোরণ; দানেস্ক; এল্বলাগ; গ্রুদজিয়াজ; মাল্বরক; কনিসবারগ,0.009922710951329041,4.178185220885672e-05,0.0,0.0,0.0
bn_wiki_0182_03,True,False,span,REASON,bn_wiki_0182,bn_wiki_0182,True,দেশে স্বায়ত্তশাসন ভোগ,"কারণ দেশের নিজস্ব খাদ্য, অর্থ, এবং ধন সম্পদ একই ছিল",0.008292698602319843,0.00032028162455003534,0.0,0.0,0.15384615384615383
bn_wiki_0182_04,True,False,span,PERSON,wiki_3220_11,bn_wiki_0182,True,1503- 1510,তার মামার,0.004102285936683982,4.55957684516381e-05,0.0,0.0,0.0
bn_wiki_0182_05,True,False,span,THING,bn_wiki_0182,bn_wiki_0182,True,শুরুর দিকে,,0.004550074828819491,4.06606968375231e-06,0.0,0.0,0.0
bn_wiki_1849_01,True,False,span,PERSON,bn_wiki_1849,bn_wiki_1849,True,পিটার মেইস্টার,পিটার মেইস্টার এবং তার সহযোগীরা,0.012849563918572535,3.463727371800368e-05,0.0,0.5714285714285715,0.5714285714285715
bn_wiki_1849_02,True,False,span,PERSON,bn_wiki_1849,bn_wiki_1849,True,মেইস্টারের,মেইস্টারের,0.016224147790132308,0.00010814153280297445,1.0,1.0,1.0
bn_wiki_1849_03,True,False,span,THING,bn_wiki_1849,bn_wiki_1849,True,পরবর্তী গবেষণায়,ইউক্যারিওটিক,0.0034019868477760807,4.2437177876692746e-06,0.0,0.0,0.0
bn_wiki_0853_01,True,False,span,PLACE,bn_wiki_0853,bn_wiki_0853,True,প্রাসাদ' নামে,পেনসিলভানিয়ার ওয়িলমেরডিং-এ অবস্থিত,0.0018585998211951467,9.27288122560925e-07,0.0,0.0,0.0
bn_wiki_0853_02,True,False,span,THING,bn_wiki_0853,bn_wiki_0853,True,1890,লাইব্রেরি হল' বা 'প্রাসাদ',0.001969683144838967,1.1321955198043826e-06,0.0,0.0,0.0
bn_wiki_0853_03,True,False,span,TIME,wiki_11691_15,bn_wiki_0853,False,1973,1890,0.015204323263089101,0.0002636478188285888,0.0,0.0,0.0
bn_wiki_0853_04,True,False,span,THING,wiki_3838_2,bn_wiki_0853,False,অন্যতম জাহাজ,জর্জ ওয়েস্টিংহাউস জাদুঘর,0.002723470631567379,3.1806439918912605e-07,0.0,0.0,0.0
bn_wiki_0853_05,True,False,span,NUMBER,wiki_3777_2,bn_wiki_0853,False,2,,0.08087633217946474,0.006916483263538303,0.0,0.0,0.0
bn_wiki_2348_01,True,False,span,THING,bn_wiki_2348,bn_wiki_2348,True,সিই ভিত্তিক,এডি/সিই ভিত্তিক বর্ষ সংখ্যা পদ্ধতি,0.002848160162995062,5.938455432804787e-07,0.0,0.5,0.5
bn_wiki_2348_02,True,False,span,REASON,bn_wiki_2348,bn_wiki_2348,True,এডি/সিই ভিত্তিক,,0.00471274481008394,1.9031384353014776e-05,0.0,0.0,0.0
bn_wiki_2348_03,True,False,polarity,POLARITY,bn_wiki_2348,bn_wiki_2348,True,বছরগুলো,হ্যাঁ,0.0023543711029446373,9.400163443864032e-08,0.0,0.0,0.0
bn_wiki_2348_04,True,False,span,THING,bn_wiki_2348,bn_wiki_2348,True,ফ্রেড এসপেনাক,জুলীয়,0.0022580764896423847,6.003114365522345e-07,0.0,0.0,0.0
bn_wiki_2348_05,True,False,span,REASON,bn_wiki_2348,bn_wiki_2348,True,"ক্যাসিনি (1740), সাইমন নিউকম্ব (1898",,0.0030866051171422665,2.493773431558495e-06,0.0,0.0,0.0
bn_wiki_1010_01,True,False,polarity,POLARITY,bn_wiki_1010,bn_wiki_1010,True,মুদ্রা অন্য মুদ্রায়,মুক্ত-চলমান হার; পেগড (স্থির) হার; হাইব্রিড বা সংকর হার,0.002784504054978813,7.428241893118678e-06,0.0,0.0,0.0
bn_wiki_1010_02,True,False,span,PERSON,bn_wiki_1010,bn_wiki_1010,True,দেশই,দেশের সরকার,0.0026991597355433303,2.9462987572986127e-06,0.0,0.0,0.0
bn_wiki_1010_03,True,False,polarity,THING,bn_wiki_1010,bn_wiki_1010,True,প্রয়োজনীয়তা অনুসারে,না,0.003691164385825214,2.1430642974480316e-06,0.0,0.0,0.0
bn_wiki_1010_04,True,False,span,THING,bn_wiki_1010,bn_wiki_1010,True,ব্যবস্থায় মুদ্রা,,0.004494243888430363,1.433545224739912e-05,0.0,0.0,0.0
bn_wiki_1010_05,True,False,span,PROCESS,bn_wiki_1010,bn_wiki_1010,True,বৈদেশিক মুদ্রা বাজারে,মুদ্রার চাহিদা ও যোগানের উপর ভিত্তি করে,0.0036674686320728156,4.191444971037494e-05,0.0,0.0,0.2
bn_wiki_1751_01,True,False,list,PERSON,bn_wiki_1751,bn_wiki_1751,True,জেমস জয়েস,জেমস জয়েস; স্যামুয়েল বেকেট,0.006107550704866892,2.015364046668855e-06,0.0,0.3809523809523809,0.3809523809523809
bn_wiki_1751_02,True,False,span,THING,bn_wiki_1751,bn_wiki_1751,True,20,ইংরেজি,0.003722336807337526,1.5359807799051987e-06,0.0,0.0,0.0
bn_wiki_1751_03,True,False,span,TIME,bn_wiki_1751,bn_wiki_1751,True,20,দ্বিতীয় বিশ্বযুদ্ধ-পরবর্তী,0.28267941159730375,0.11457990480682015,0.0,0.0,0.0
bn_wiki_1751_04,True,False,polarity,POLARITY,bn_wiki_1751,bn_wiki_1751,True,"রুইন, দি ওয়ান্ডারার",বিউলফ; কিনেউলফ; দি রুইন; দি ওয়ান্ডারার; দি সী ফেয়ারার,0.002972576998789593,9.553846135605844e-07,0.0,0.5,0.5
bn_wiki_1751_05,True,False,span,THING,bn_wiki_1751,bn_wiki_1751,True,উল্লেখযোগ্য আধুনিকতাবাদ আন্দোলনের,,0.005427887620162944,2.6633360469905526e-07,0.0,0.0,0.0
bn_wiki_1693_01,True,False,polarity,POLARITY,bn_wiki_1693,bn_wiki_1693,True,পশ্চিমা চারুশিল্পের,জীবিত মানুষের দেহাকৃতি অঙ্কন,0.005228807469604076,2.8476359151263786e-07,0.0,0.0,0.0
bn_wiki_1693_02,True,False,span,PLACE,bn_wiki_1693,bn_wiki_1693,True,"স্কুল, শ্রেণীকক্ষ","আর্ট স্কুল, শ্রেণীকক্ষ প্রভৃতি স্থানে, যেখানে উদ্দেশ্য আকার, বয়স, বর্ণভেদে মানুষের দেহাকৃতি অঙ্কণ শেখানো, সেসকল স্থানে",0.004163342663252861,2.5836321666371925e-06,0.0,0.2222222222222222,0.2222222222222222
bn_wiki_1693_03,True,False,span,REASON,bn_wiki_1693,bn_wiki_1693,True,প্রকার কৃত্রিম বস্তুকে অগ্রাহ্য,দেহাকৃতি অঙ্কনের জন্য,0.004285989058465378,5.749909859656573e-06,0.0,0.0,0.0
bn_wiki_0175_01,True,False,polarity,THING,bn_wiki_0175,bn_wiki_0175,True,বইটির পুরোটাই,না,0.002748855673385178,2.507310285480152e-06,0.0,0.0,0.0
bn_wiki_0175_02,True,False,span,THING,bn_wiki_0175,bn_wiki_0175,True,নয়,ব্রাহ্মস্ফুটসিদ্ধান্ত,0.005865122595190703,1.679333025038452e-05,0.0,0.0,0.0
bn_wiki_0175_03,True,False,polarity,POLARITY,bn_wiki_0175,bn_wiki_0175,True,628,গাণিতিক জ্যোতির্বিজ্ঞানের উপর লিখিত একটি পুস্তক,0.004255442636000864,2.3220280890307553e-05,0.0,0.0,0.0
bn_wiki_0175_04,True,False,span,PERSON,bn_wiki_0175,bn_wiki_0175,True,সময়ের তুলনায়,ব্রহ্মগুপ্ত,0.004573585403181405,3.431114023728747e-06,0.0,0.0,0.0
bn_wiki_0175_05,True,False,span,THING,bn_wiki_0175,bn_wiki_0175,True,পুস্তকটি গুরুত্বপূর্ণ,,0.002390261508236673,3.5828916686874747e-06,0.0,0.0,0.0
bn_wiki_0598_01,True,False,polarity,POLARITY,bn_wiki_0598,bn_wiki_0598,True,রাশিকে অপর,যে কম্পিউটার একটি রাশিকে অপর একটি রাশির সাপেক্ষে পরিমাপ করতে পারে,0.0012792537291006637,2.9818122298749285e-07,0.0,0.3076923076923077,0.3076923076923077
bn_wiki_0598_02,True,False,span,UNKNOWN,bn_wiki_0598,bn_wiki_0598,True,দুই,দুই,0.0032793575091311935,1.7175488062062469e-06,1.0,1.0,1.0
bn_wiki_0598_03,True,False,span,PROCESS,wiki_1215_0,bn_wiki_0598,False,সংক্রান্ত হিসাব-নিকাশ,,0.002344334168842378,1.5173680419444148e-05,0.0,0.0,0.0
bn_wiki_0598_04,True,False,polarity,POLARITY,bn_wiki_0598,bn_wiki_0598,True,সর্বোত্তম বৈশিষ্ট্যগুলোর,এমন একটি কম্পিউটার যা এনালগ ও ডিজিটাল কম্পিউটারের সর্বোত্তম বৈশিষ্ট্যগুলোর সমন্বয়ে গঠিত,0.0020866907136130168,4.4992951446368515e-07,0.0,0.2857142857142857,0.2857142857142857
bn_wiki_0598_05,True,False,span,PLACE,bn_wiki_0598,bn_wiki_0598,True,টার্মিনাল লাগিয়ে,বৈজ্ঞানিক গবেষণায়,0.002353441733039491,9.57985368681179e-06,0.0,0.0,0.0
bn_wiki_1067_01,True,False,polarity,THING,bn_wiki_1067,bn_wiki_1067,True,মিলওয়াউকিতে,না,0.01677482339025608,0.0010738810702546724,0.0,0.0,0.0
bn_wiki_1067_02,True,False,list,PERSON,bn_wiki_1067,bn_wiki_1067,True,দুই বিখ্যাত,হ্যারল্ড ল্যাসওয়েল; চার্লস এডওয়ার্ড মেরিয়ামের,0.006005684056403919,7.914253015552878e-05,0.0,0.08163265306122451,0.08163265306122451
bn_wiki_1067_03,True,False,span,THING,bn_wiki_1105,bn_wiki_1067,True,1971,,0.003566422275143938,2.2177990687313395e-05,0.0,0.0,0.0
bn_wiki_1067_04,True,False,list,PERSON,wiki_4259_2,bn_wiki_1067,False,স্থাপত্য বিভাগ,,0.003025349241629294,2.5234345522088218e-05,0.0,0.0,0.0
bn_wiki_1019_01,True,False,span,REASON,bn_wiki_1019,bn_wiki_1019,True,মোবাইল অ্যাপ বন্ধের ঘোষণা,লোভনীয় অফার দিয়ে ক্রেতা টানার কৌশলের কারণে,0.0018762179420458032,2.3883878976915275e-05,0.0,0.0,0.0
bn_wiki_1019_02,True,False,span,THING,bn_wiki_1019,bn_wiki_1019,True,বাংলাদেশে কার্যক্রম,ইংরেজি ভাষায়,0.006030714786932556,4.859559715636105e-06,0.0,0.0,0.0
bn_wiki_1019_03,True,False,list,THING,bn_wiki_1019,bn_wiki_1019,True,50,"""সাইক্লোন"" (ঘূর্ণিঝড়); আর্থকুয়েক (ভূমিকম্প)",0.003300282416066514,1.091828189566952e-05,0.0,0.0,0.0
bn_wiki_1019_04,True,False,span,REASON,bn_wiki_1019,bn_wiki_1019,True,নতুন গ্রাহকদের অর্থ দিয়ে পুরোনো গ্রাহকদের লোভনীয় অফার,নতুন গ্রাহকদের অর্থ দিয়ে পুরোনো গ্রাহকদের লোভনীয় অফার সম্পন্ন করায়,0.006646081794390928,1.66841998192873e-05,0.0,0.888888888888889,0.888888888888889
bn_wiki_1019_05,True,False,list,THING,bn_wiki_1019,bn_wiki_1019,True,2,,0.0023221118228284854,7.183313140288628e-05,0.0,0.0,0.0
bn_wiki_0045_01,True,False,list,THING,bn_wiki_0044,bn_wiki_0045,True,ইনস্টিটিউট অফ,একজন প্রাঙ্কস্টার; জাগলার; সেফক্রাকার; শখের চিত্রশিল্পী; বঙ্গোবাদক,0.0013702178234614422,2.5371679713659216e-07,0.0,0.0,0.0
bn_wiki_0045_02,True,False,list,UNKNOWN,bn_wiki_0045,bn_wiki_0045,True,অণুজীববিজ্ঞানী এস্থার লিডারবার্গের,পদার্থবিজ্ঞান; জীববিজ্ঞান; চিত্রকলা; মায়ান স্ক্রিপ্ট; সেফক্রাকিং,0.00751606352508886,0.00022138337091755222,0.0,0.0,0.0
bn_wiki_0045_03,True,False,list,UNKNOWN,nctb_7_Music_2_90,bn_wiki_0045,False,আব্বাসউদ্দিন উত্তরাঞ্চলের ভাওয়াইয়া,জিনবিজ্ঞানী; অণুজীববিজ্ঞানী,0.010310078623989099,0.00043381661639850175,0.0,0.0,0.0
bn_wiki_0045_04,True,False,list,NUMBER,bn_wiki_0046,bn_wiki_0045,True,11,,0.031061836539054036,0.003062639965022894,0.0,0.0,0.0
bn_wiki_0045_05,True,False,span,PERSON,bn_wiki_0045,bn_wiki_0045,True,জীববিজ্ঞানে গভীর,এস্থার লিডারবার্গ,0.005547529338482918,1.8241248529900222e-08,0.0,0.0,0.0
bn_wiki_1869_01,True,False,polarity,POLARITY,bn_wiki_1869,bn_wiki_1869,True,অ্যামাইনোগ্লাইকোসাইড,হ্যাঁ,0.005144030901634497,6.974008043662827e-07,0.0,0.0,0.0
bn_wiki_1869_02,True,False,polarity,POLARITY,bn_wiki_1869,bn_wiki_1869,True,প্রবণতা অপেক্ষাকৃত,এদের বিরুদ্ধে রেজিস্টেন্স হওয়ার প্রবণতা অপেক্ষাকৃত কম,0.0035752581818181877,6.86482486207847e-08,0.0,0.4444444444444445,0.4444444444444445
bn_wiki_1869_03,True,False,polarity,POLARITY,wiki_7710_10,bn_wiki_1869,True,প্রথমে রাইবোসোমের,,0.002318651398511046,2.9797590684236142e-05,0.0,0.0,0.0
bn_wiki_1869_04,True,False,span,REASON,bn_wiki_1869,bn_wiki_1869,True,"বিভিন্ন অ্যান্টিবায়োটিক কোষের ডিএনএ, আরএনএ",,0.00543140399387278,2.9075281855160673e-06,0.0,0.0,0.0
bn_wiki_1869_05,True,False,span,THING,bn_wiki_1869,bn_wiki_1869,True,2,টোপোয়াইসোমারেজ-2,0.004140904627576093,1.9113217125180104e-06,0.0,0.6666666666666666,0.6666666666666666
bn_wiki_1818_01,True,False,span,UNKNOWN,bn_wiki_1818,bn_wiki_1818,True,1973,তৃতীয়তম,0.0034146160371439707,4.495112948125872e-06,0.0,0.0,0.0
bn_wiki_1818_02,True,False,polarity,POLARITY,bn_wiki_1818,bn_wiki_1818,True,এবার রুপোলী,টিমোথি ডাল্টন,0.00335527296335732,1.566118611175723e-06,0.0,0.0,0.0
bn_wiki_1818_03,True,False,span,THING,bn_wiki_1818,bn_wiki_1818,True,এবার রুপোলী,,0.004408107325379909,2.5205210630588858e-05,0.0,0.0,0.0
bn_wiki_1818_04,True,False,polarity,THING,bn_wiki_1818,bn_wiki_1818,True,চার বছর,হ্যাঁ,0.005321123699385336,2.288314414287604e-06,0.0,0.0,0.0
bn_wiki_1818_05,True,False,polarity,POLARITY,bn_wiki_1818,bn_wiki_1818,True,চার বছর,,0.004747118283333804,9.983490270877582e-06,0.0,0.0,0.0
bn_wiki_0698_01,True,False,polarity,THING,bn_wiki_0698,bn_wiki_0698,True,86,হ্যাঁ,0.009532790488022226,0.00018125384532364716,0.0,0.0,0.0
bn_wiki_0698_02,True,False,polarity,THING,bn_wiki_0698,bn_wiki_0698,True,অংশগ্রহণ সুযোগ,হ্যাঁ,0.003503068560802188,9.750167111848007e-07,0.0,0.0,0.0
bn_wiki_0698_03,True,False,span,THING,bn_wiki_0698,bn_wiki_0698,True,ম্যানেজার প্যাকম্যান,প্যাকেজ ম্যানেজার প্যাকম্যান,0.0063692416089327014,2.7905297235193e-07,0.0,0.8,0.8
bn_wiki_0698_04,True,False,span,THING,bn_wiki_0698,bn_wiki_0698,True,রোলিং রিলিজ,রোলিং রিলিজ বা চলতি প্রকাশনা নীতি,0.0027151019052244494,3.884327871698547e-06,0.0,0.5,0.5
bn_wiki_0698_05,True,False,span,THING,bn_wiki_0699,bn_wiki_0698,True,4.0.0,,0.009032796889586666,8.670306051137243e-05,0.0,0.0,0.0
bn_wiki_0816_01,True,False,span,THING,bn_wiki_0816,bn_wiki_0816,True,মার্কিন যুক্তরাষ্ট্রের,মার্কিন যুক্তরাষ্ট্রের,0.002063008397009152,1.6523299480107438e-06,1.0,1.0,1.0
bn_wiki_0816_02,True,False,list,THING,bn_wiki_0816,bn_wiki_0816,True,জেনারেল ইলেকট্রিকে,"জেনারেল ইলেকট্রিকে,গণিত,পদার্থবিজ্ঞানের ডিগ্রীধারী মহিলাদের জন্য চাকরির পাশাপাশি প্রকৌশল প্রশিক্ষণ;কার্টিস-রাইট ইঞ্জিনিয়ারিং প্রোগ্রামের কার্টিস-রাইট ক্যাডেটস (উদাহরণস্বরূপ, রোজেলা ফেন্টন)",0.00220609749073809,2.054799669172925e-06,0.0,0.09730848861283643,0.09730848861283643
bn_wiki_0816_03,True,False,span,NUMBER,bn_wiki_0816,bn_wiki_0816,True,600,600 এরও বেশি,0.06433948099782968,0.0012161693910277965,0.0,0.5,0.5
bn_wiki_0816_04,True,False,span,THING,bn_wiki_0816,bn_wiki_0816,True,প্রকৌশল বিভাগের কয়েকটি,প্রকৌশল পাঠ্যক্রম,0.0038328864571836644,2.4872373879259585e-06,0.0,0.4,0.4
bn_wiki_0816_05,True,False,span,THING,bn_wiki_0818,bn_wiki_0816,False,1972,,0.0024945694410459895,5.018228054675614e-05,0.0,0.0,0.0
bn_wiki_1891_01,True,False,polarity,THING,bn_wiki_1891,bn_wiki_1891,True,যাইহোক,হ্যাঁ,0.00229292206908436,5.594871903811562e-07,0.0,0.0,0.0
bn_wiki_1891_02,True,False,polarity,POLARITY,nctb_7_Science_14_46,bn_wiki_1891,False,পরিবর্তন রোধ,,0.0036112330107196107,3.286539304232696e-06,0.0,0.0,0.0
bn_wiki_1891_03,True,False,polarity,POLARITY,bn_wiki_1891,bn_wiki_1891,True,প্রতিক্রিয়াও,হ্যাঁ,0.004496401156622446,3.234732217051971e-05,0.0,0.0,0.0
bn_wiki_1891_04,True,False,span,REASON,bn_wiki_1891,bn_wiki_1891,True,"কঠোরভাবে সিলযুক্ত সমন্বিত, স্বায়ত্তশাসিত 'স্থান খামে' (বাড়ি, শহর",,0.00178341486224643,2.988204616135876e-06,0.0,0.0,0.0
bn_wiki_1891_05,True,False,span,REASON,bn_wiki_1891,bn_wiki_1891,True,গাছটিকে কৃত্রিম হিসাবে,,0.001899942423359509,2.3228320336285413e-07,0.0,0.0,0.0
bn_wiki_1903_01,True,False,polarity,POLARITY,bn_wiki_1903,bn_wiki_1903,True,অন্যান্য,হ্যাঁ,0.005867186853203239,7.161295263294169e-06,0.0,0.0,0.0
bn_wiki_1903_02,True,False,span,NUMBER,bn_wiki_1903,bn_wiki_1903,True,365.26,365.26,0.014051613513564112,2.9334571959527267e-05,1.0,1.0,1.0
bn_wiki_1903_03,True,False,span,NUMBER,bn_wiki_1903,bn_wiki_1903,True,66.1/2,66.1/2,0.023147807220597314,0.0001803124303012757,1.0,1.0,1.0
bn_wiki_1903_04,True,False,span,REASON,bn_wiki_1903,bn_wiki_1903,True,এর ফলে এক,পৃথিবী নিজ অক্ষের 66.1/2 ডিগ্রি কোণে হেলে রয়েছে। এর ফলে এক বিষুবীয় বছর (365.24 সৌরদিন) সময়কালের মধ্যে এই বিশ্বের বুকে ঋতুপরিবর্তন ঘটে থাকে,0.0138396625344116,9.776576243870905e-05,0.0,0.23076923076923078,0.23076923076923078
bn_wiki_1903_05,True,False,span,NUMBER,bn_wiki_1903,bn_wiki_1903,True,4.35,4.35,0.03422440364777751,3.0057276719834547e-05,1.0,1.0,1.0
bn_wiki_0499_01,True,False,span,THING,bn_wiki_0499,bn_wiki_0499,True,রচিত 'পেরিপ্লাস,'পেরিপ্লাস অব দ্য এরিথ্রিয়ান সি',0.0032325302700893,3.65532390192002e-06,0.0,0.28571428571428575,0.28571428571428575
bn_wiki_0499_02,True,False,span,THING,bn_wiki_0499,bn_wiki_0499,True,"মলোচিনা, প্রশস্ত",40 হাত লম্বা ও 2 হাত চাওড়া,0.0033706947634330646,1.4716824497983463e-07,0.0,0.0,0.0
bn_wiki_0499_03,True,False,span,THING,bn_wiki_0499,bn_wiki_0499,True,কিতাবুর রেহালায়,কিতাবুর রেহালায়',0.00485236981044698,2.9222089612023286e-06,1.0,1.0,1.0
bn_wiki_0499_04,True,False,span,TIME,bn_wiki_0499,bn_wiki_0499,True,1757,1757,0.046439616757045984,0.0007634187748823615,1.0,1.0,1.0
bn_wiki_0499_05,True,False,span,THING,bn_wiki_0498,bn_wiki_0499,False,"আরবি, ফার্সি",,0.010185914949639094,8.361622472139937e-05,0.0,0.0,0.0
bn_wiki_0679_01,True,False,span,TIME,bn_wiki_0679,bn_wiki_0679,True,2002,2002 সালের এপ্রিলে,0.09591496203354377,0.007461800724975681,0.0,0.5,0.5
bn_wiki_0679_02,True,False,polarity,THING,bn_wiki_0679,bn_wiki_0679,True,বিভিন্ন মিডিয়া,হ্যাঁ,0.002097479996223792,3.027185022205954e-07,0.0,0.0,0.0
bn_wiki_0679_03,True,False,span,THING,bn_wiki_0679,bn_wiki_0679,True,পাওয়ারপিসি-অনলি,পাওয়ারপিসি-অনলি,0.0032623127773629846,5.303639520307709e-06,1.0,1.0,1.0
bn_wiki_0679_04,True,False,span,UNKNOWN,bn_wiki_0678,bn_wiki_0679,False,নমনীয়তা,,0.0024690568107645283,1.9728691936166456e-06,0.0,0.0,0.0
bn_wiki_0679_05,True,False,span,UNKNOWN,bn_wiki_0678,bn_wiki_0679,False,কম্পিউটারগুলি হার্ডওয়্যারের,,0.003128884055025847,4.710945465187695e-07,0.0,0.0,0.0
bn_wiki_0277_01,True,False,span,NUMBER,bn_wiki_0277,bn_wiki_0277,True,70,70-140,0.028400746997379867,2.8322296741906117e-06,0.0,0.6666666666666666,0.6666666666666666
bn_wiki_0277_02,True,False,span,NUMBER,wiki_62385_3,bn_wiki_0277,False,78.08,0.16%,0.02971413566118099,0.0004391533233076804,0.0,0.0,0.0
bn_wiki_0277_03,True,False,span,THING,bn_wiki_0277,bn_wiki_0277,True,বিজ্ঞানী ধারণা,সায়ানোব্যাকটেরিয়া,0.004492649911501731,2.0772894701115777e-06,0.0,0.0,0.0
bn_wiki_0277_04,True,False,span,THING,bn_wiki_0277,bn_wiki_0277,True,নাসার রোভার,নিম্ন অক্ষাংশ বিশিষ্ট,0.00317173299821524,7.01864890546855e-08,0.0,0.0,0.0
bn_wiki_0277_05,True,False,span,NUMBER,wiki_62385_3,bn_wiki_0277,False,78.08,,0.03046518945358572,0.0003039594559483723,0.0,0.0,0.0
bn_wiki_2938_01,True,False,span,THING,bn_wiki_2938,bn_wiki_2938,True,1950,1950এর,0.00631589053566427,5.894999222349172e-06,0.0,0.6666666666666666,0.6666666666666666
bn_wiki_2938_02,True,False,span,THING,bn_wiki_2938,bn_wiki_2938,True,কোম্পানি চিনামাটির,চিনামাটির বাসন,0.004767531970059111,8.488564881624187e-06,0.0,0.5,0.5
bn_wiki_2938_03,True,False,span,PLACE,bn_wiki_2938,bn_wiki_2938,True,ময়মনসিংহের বিজয়পুরে,ময়মনসিংহের বিজয়পুরে,0.006285021525554258,5.438164512381986e-06,1.0,1.0,1.0
bn_wiki_2938_04,True,False,list,THING,bn_wiki_2938,bn_wiki_2938,True,"ভারত, নিউজিল্যান্ড",চীন; ভারত; নিউজিল্যান্ড; জার্মানি,0.005067608234202028,1.434873914156129e-07,0.0,0.3047619047619048,0.3047619047619048
bn_wiki_2938_05,True,False,span,REASON,bn_wiki_2938,bn_wiki_2938,True,সিরামিক শিল্প খাত,,0.007918822167068695,0.00079615946123969,0.0,0.0,0.0
bn_wiki_1663_01,True,False,span,TIME,bn_wiki_1663,bn_wiki_1663,True,1816,1816,0.05243610503223379,0.0023532007179906875,1.0,1.0,1.0
bn_wiki_1663_02,True,False,span,THING,bn_wiki_1663,bn_wiki_1663,True,স্থানান্তরিত হওয়ার,ফরাসি বিরোধী হিসেবে,0.0019955952256356965,1.0773575745406591e-05,0.0,0.0,0.0
bn_wiki_1663_03,True,False,span,PROCESS,bn_wiki_1663,bn_wiki_1663,True,ড্রেসডেন ভিত্তিক বন্ধু গ্রাফ ভিৎসজিয়াম ভন ইক্সটেট,ড্রেসডেন ভিত্তিক বন্ধু গ্রাফ ভিৎসজিয়াম ভন ইক্সটেট এর সহায়তায়,0.002451363141525032,3.898328272906697e-06,0.0,0.8750000000000001,0.8750000000000001
bn_wiki_1663_04,True,False,span,UNKNOWN,bn_wiki_1663,bn_wiki_1663,True,150,150 থ্যালার,0.003037713761954784,5.191400159666997e-06,0.0,0.6666666666666666,0.6666666666666666
bn_wiki_1663_05,True,False,span,THING,bn_wiki_1663,bn_wiki_1663,True,150,,0.0035834526625202253,1.3167367773844058e-05,0.0,0.0,0.0
bn_wiki_1275_01,True,False,span,THING,bn_wiki_1275,bn_wiki_1275,True,পালামনইডা,পালামনইডা,0.0048636970436356204,1.7673715167039472e-05,1.0,1.0,1.0
bn_wiki_1275_02,True,False,list,NUMBER,nctb_8_Agriculture_5_85,bn_wiki_1275,True,60,,0.37593240952166174,0.030080752572360536,0.0,0.0,0.0
bn_wiki_1275_03,True,False,list,THING,bn_wiki_1275,bn_wiki_1275,True,দক্ষিণ আফ্রিকা,বাগেরহাট; বরিশাল; পটুয়াখালী; সুন্দরবন,0.0060595718904296,2.521224554346245e-05,0.0,0.0,0.0
bn_wiki_1275_04,True,False,span,TIME,nctb_8_Agriculture_5_85,bn_wiki_1275,True,60,রাতে,0.2998223230439121,0.07846834904000652,0.0,0.0,0.0
bn_wiki_1275_05,True,False,polarity,THING,bn_wiki_1275,bn_wiki_1275,True,বেশিরভাগ সময়,হ্যাঁ,0.00380903447808,1.2547342500559937e-05,0.0,0.0,0.0
bn_wiki_0259_01,True,False,span,PERSON,bn_wiki_0259,bn_wiki_0259,True,রবার্ট এইচ,রবার্ট এইচ,0.006213747782870598,8.17659671783523e-06,1.0,1.0,1.0
bn_wiki_0259_02,True,False,list,UNKNOWN,bn_wiki_0259,bn_wiki_0259,True,দ্বিতীয়ত,অবলোহিত; অতিবেগুনী আলো,0.005969585498678554,4.825078968587887e-05,0.0,0.19047619047619044,0.19047619047619044
bn_wiki_0259_03,True,False,span,NUMBER,bn_wiki_0259,bn_wiki_0259,True,0.5,0.5-1.0 টি,0.010469932293968181,3.1615160432062195e-06,0.0,0.5,0.5
bn_wiki_0259_04,True,False,span,REASON,bn_wiki_0257,bn_wiki_0259,False,"গ্রেট মানমন্দিরের এক, কম্পটন গামা রশ্মি মানমন্দির, চন্দ্র",,0.004448363218700792,2.0191097069327535e-05,0.0,0.0,0.0
bn_wiki_0259_05,True,False,span,NUMBER,bn_wiki_0257,bn_wiki_0259,True,1990,,0.06501300642126302,0.02255913290691179,0.0,0.0,0.0
bn_wiki_1467_01,True,False,span,THING,wiki_5125_3,bn_wiki_1467,False,16,পারস্য,0.002332139472155789,8.783643272545095e-06,0.0,0.0,0.0
bn_wiki_1467_02,True,False,span,PROCESS,bn_wiki_1467,bn_wiki_1467,True,প্রাকৃতিক প্রতিবেশ অত্যন্ত সমৃদ্ধশালী,তেলবাহী জাহাজের নিয়মিত চলাচলে প্রায়শঃই তেল নির্গত হয়ে এর জলরাশিকে বিষাক্ত করে তুলছে,0.006395465564119539,0.0002488399980482116,0.0,0.0,0.0
bn_wiki_1467_03,True,False,span,THING,bn_wiki_1467,bn_wiki_1467,True,বিশ্ব রাজনৈতিক,বিশ্ব রাজনৈতিক প্রেক্ষাপটে,0.004427273187590027,3.1217328368858197e-06,0.0,0.8,0.8
bn_wiki_1467_04,True,False,polarity,POLARITY,bn_wiki_1467,bn_wiki_1467,True,এটি ওমান,পারস্য উপসাগর,0.006744220550804675,0.00018314831831044414,0.0,0.0,0.0
bn_wiki_1467_05,True,False,polarity,THING,wiki_4515_0,bn_wiki_1467,True,পশ্চিমে বাব,,0.002445946341418983,5.528592405459193e-07,0.0,0.0,0.0
bn_wiki_2247_01,True,False,span,PLACE,bn_wiki_2247,bn_wiki_2247,True,কাতার ভিত্তিক পরিচালিত,কাতার,0.004066984055889046,2.1406766396491264e-06,0.0,0.5,0.5
bn_wiki_2247_02,True,False,span,PLACE,wiki_105022_16,bn_wiki_2247,True,বৃহৎ সেনাদল,দোহার ওয়াদি আল সাইলের রেডিও এবং টেলিভিশন কর্পোরেশন কমপ্লেক্সে,0.0035545723541535565,3.1428184121875744e-05,0.0,0.0,0.0
bn_wiki_2247_03,True,False,span,THING,bn_wiki_2247,bn_wiki_2247,True,বিশ্বের বিভিন্ন,আরবি,0.0019727136412996636,8.907817951519723e-07,0.0,0.0,0.0
bn_wiki_2247_04,True,False,span,PERSON,bn_wiki_2247,bn_wiki_2247,True,হামাদ বিন,শেখ হামাদ বিন থামির আল থানি,0.004671545553490169,1.8820679285186381e-07,0.0,0.5,0.5
bn_wiki_2247_05,True,False,span,TIME,wiki_71263_54,bn_wiki_2247,True,2008,,0.1394391555369148,0.023252350916931813,0.0,0.0,0.0
bn_wiki_0385_01,True,False,polarity,POLARITY,bn_wiki_0385,bn_wiki_0385,True,দুই চাকাবিশিষ্ট,দুই চাকাবিশিষ্ট গরু বা বলদে টানা একপ্রকার যান বিশেষ,0.002755385480327202,1.0542827980274724e-05,0.0,0.3636363636363636,0.3636363636363636
bn_wiki_0385_02,True,False,span,REASON,bn_wiki_0385,bn_wiki_0385,True,নানাধরনের মোটরচালিত যানের আধিক্যর,"মোটরচালিত যানের আধিক্য, অপেক্ষাকৃত ধীর গতির",0.005321937428046226,1.3332453029169314e-05,0.0,0.4210526315789474,0.6
bn_wiki_0385_03,True,False,span,UNKNOWN,bn_wiki_0385,bn_wiki_0385,True,ফঁতান অঞ্চলে,আল্পস পর্বতের উপত্যকায় একটি গুহায় গরুর গাড়ির যে ছবি পাওয়া যায়,0.0034809464031523873,5.22447131236746e-07,0.0,0.125,0.125
bn_wiki_0385_04,True,False,polarity,POLARITY,bn_wiki_0385,bn_wiki_0385,True,সপক্ষে,হ্যাঁ,0.0032218475064065546,1.6297674876067543e-05,0.0,0.0,0.0
bn_wiki_0385_05,True,False,list,THING,bn_wiki_0386,bn_wiki_0385,True,"এশিয়া, ইউরোপ",,0.003942967561361704,4.912188327315693e-06,0.0,0.0,0.0
bn_wiki_2969_01,True,False,polarity,UNKNOWN,bn_wiki_2969,bn_wiki_2969,True,শব্দটি,হ্যাঁ,0.009287687724066431,3.0362150043710887e-05,0.0,0.0,0.0
bn_wiki_2969_02,True,False,span,NUMBER,nctb_9_10_History_10_155,bn_wiki_2969,False,21,প্রায় 99%,0.07586216004427525,0.019760210298551233,0.0,0.0,0.0
bn_wiki_2969_03,True,False,span,NUMBER,wiki_608_1,bn_wiki_2969,True,1987,1987,0.032591825223934376,0.0009275219955097516,1.0,1.0,1.0
bn_wiki_2969_04,True,False,span,NUMBER,bn_wiki_2969,bn_wiki_2969,True,41,41 ভাষা,0.03469162086126582,0.00027447205114877055,0.0,0.6666666666666666,0.6666666666666666
bn_wiki_2969_05,True,False,list,THING,bn_wiki_2969,bn_wiki_2969,True,চাঁটগাঁইয়া,চাঁটগাঁইয়া ভাষা ও সিলেটি ভাষা (যদি স্বতন্ত্র ভাষা ধরা হয়); চাকমা ভাষা; মারমা ভাষা; রাখাইন ভাষা; বর্মী ভাষা; ওড়াওঁ ভাষা; ককবরক ভাষা (ত্রিপুরাদের ভাষা); মৈতৈ ভাষা; বিহারি ভাষা; হাজং ভাষা; ম্রো ভাষা; বিষ্ণুপ্রিয়া মণিপুরী ভাষা; কোল ভাষা; তঞ্চৈঙ্গা ভাষা; খাসি ভাষা; কুরুক্স ভাষা; রোহিঙ্গা ভাষা; মিজো ভাষা; আটং ভাষা; পাংখো ভাষা,0.0011620346937812746,1.4074228630927763e-07,0.0,0.032552353307070285,0.032552353307070285
bn_wiki_1363_01,True,False,span,UNKNOWN,bn_wiki_1363,bn_wiki_1363,True,ইসলামী শিক্ষা,ইসলামী শিক্ষা ও বৃত্তির,0.0049299795848494025,8.793742789845252e-06,0.0,0.6666666666666666,0.6666666666666666
bn_wiki_1363_02,True,False,span,THING,wiki_35871_12,bn_wiki_1363,False,আসার পর,বাগদাদ,0.0028544597540497273,1.2583864532492509e-06,0.0,0.0,0.0
bn_wiki_1363_03,True,False,span,THING,bn_wiki_1363,bn_wiki_1363,True,একইভাবে,ইরাকের নাজাফ শহরে,0.0023284127842478504,6.58645762635331e-06,0.0,0.0,0.0
bn_wiki_1363_04,True,False,span,PLACE,bn_wiki_1363,bn_wiki_1363,True,কুফা শহরে,ইরাকের কুফা শহরে,0.0029821582128116034,7.346659662960629e-07,0.0,0.8,0.8
bn_wiki_1363_05,True,False,span,PERSON,wiki_112646_3,bn_wiki_1363,False,মোল্লাকে পল্লবী,,0.004754019357975618,3.244887323042636e-05,0.0,0.0,0.0
bn_wiki_0665_01,True,False,span,THING,bn_wiki_0665,bn_wiki_0665,True,ক্রোম ওএস,ক্রোম ওএস,0.001619730697893853,2.044694058334984e-06,1.0,1.0,1.0
bn_wiki_0665_02,True,False,polarity,THING,bn_wiki_0665,bn_wiki_0665,True,ফলাফলস্বরূপ,হ্যাঁ,0.00542592426725708,1.796544852934994e-05,0.0,0.0,0.0
bn_wiki_0665_03,True,False,span,PERSON,bn_wiki_0665,bn_wiki_0665,True,গুগলের প্রস্তুতকারক,গুগলের প্রস্তুতকারক সহযোগীদের,0.008553372533266483,6.688977553809955e-06,0.0,0.8,0.8
bn_wiki_0665_04,True,False,polarity,THING,bn_wiki_0665,bn_wiki_0665,True,স্টোরেই প্রবেশের,হ্যাঁ,0.0051754119706569355,6.813132819869297e-07,0.0,0.0,0.0
bn_wiki_0665_05,True,False,polarity,POLARITY,wiki_72047_0,bn_wiki_0665,False,"ল্যাংগুয়েজ (), সংক্ষেপে এমভিপিএল",,0.00240877917728494,4.582772411606921e-05,0.0,0.0,0.0
bn_wiki_2515_01,True,False,polarity,POLARITY,bn_wiki_2516,bn_wiki_2515,True,যেরকম উচ্চমাত্রায়,ইসলাম ও নারীবাদের একটি সমন্বয়,0.001456644539644784,3.2490303464066846e-07,0.0,0.0,0.0
bn_wiki_2515_02,True,False,polarity,POLARITY,bn_wiki_2585,bn_wiki_2515,False,পরিধান রীতি - নীতি,ইসলাম ও ইসলামের শিক্ষা থেকে তাঁদের মত প্রকাশ করেন; ব্যক্তিগত ও পাবলিক ক্ষেত্রসমূহে নারী ও পুরুষের পূর্ণাঙ্গ সাম্য দাবি করেন; এই আলোচনা ও বিতর্কগুলোতে অমুসলিমদেরকে নিয়ে আসেন,0.0023243865495534088,1.2437576352784634e-06,0.0,0.0,0.0
bn_wiki_2515_03,True,False,polarity,THING,bn_wiki_2516,bn_wiki_2515,True,তুলনায় অধিক,হ্যাঁ,0.002523720373939941,3.5286155558068855e-07,0.0,0.0,0.0
bn_wiki_2515_04,True,False,polarity,POLARITY,wiki_1570_63,bn_wiki_2515,False,তিনটি প্রধান,,0.0007813132710901007,2.6971937701898534e-06,0.0,0.0,0.0
bn_wiki_2515_05,True,False,span,TIME,bn_wiki_2557,bn_wiki_2515,False,উপদ্বীপে,,0.026233470791048707,0.0031087922292642803,0.0,0.0,0.0
bn_wiki_1590_01,True,False,span,PLACE,wiki_6890_2,bn_wiki_1590,False,স্কটল্যান্ডের রাজা,লন্ডনের সেন্ট জনসে,0.005464806890716245,2.3428104473754985e-05,0.0,0.0,0.0
bn_wiki_1590_02,True,False,span,PLACE,bn_wiki_1590,bn_wiki_1590,True,সম্ভ্রান্ত পরিবারে,এসচাম সেন্ট ভিনসেন্ট'স প্রিপ্যাটরি স্কুল ও এটনে,0.004532281077326378,1.4193263757219209e-05,0.0,0.0,0.0
bn_wiki_1590_03,True,False,list,UNKNOWN,nctb_8_BGS_4_32,bn_wiki_1590,False,জনগোষ্ঠীর জীবনযাত্রার মান,সাহসী; অকালপক্ক,0.014449236965304734,0.001472067363145908,0.0,0.0,0.0
bn_wiki_1590_04,True,False,polarity,THING,bn_wiki_1590,bn_wiki_1590,True,দ্বিতীয় বিশ্বযুদ্ধ,হ্যাঁ,0.002949922202745786,1.0456933158408017e-06,0.0,0.0,0.0
bn_wiki_1590_05,True,False,span,TIME,bn_wiki_1589,bn_wiki_1590,False,1951,,0.03847685908240874,9.238524654030245e-06,0.0,0.0,0.0
bn_wiki_0830_01,True,False,span,PERSON,bn_wiki_0830,bn_wiki_0830,True,আইইটিএফ রিকোয়েস্ট,আইইটিএফ রিকোয়েস্ট ফর কমেন্ট;তাদের কাজের দল;বিস্তারিত ভাবে স্টাইল গাইডস দ্বারা,0.006371775940172371,3.407191820841652e-05,0.0,0.2857142857142857,0.2857142857142857
bn_wiki_0830_02,True,False,span,THING,bn_wiki_0830,bn_wiki_0830,True,ইমেইল,ইমেইল,0.007728890682437996,2.1699980035344568e-05,1.0,1.0,1.0
bn_wiki_0830_03,True,False,span,TIME,bn_wiki_0830,bn_wiki_0830,True,1971,1971,0.04576087651749742,0.0007233341350487699,1.0,1.0,1.0
bn_wiki_0830_04,True,False,span,THING,bn_wiki_0830,bn_wiki_0830,True,বিশ শতকের,রোমান্ড স্যামুয়েল টমলিসন,0.003205500550960716,2.4263443823427724e-07,0.0,0.0,0.0
bn_wiki_0830_05,True,False,polarity,POLARITY,bn_wiki_0829,bn_wiki_0830,True,এ পাঠানোর,,0.006675576218326718,2.0137971799237368e-05,0.0,0.0,0.0
bn_wiki_2680_01,True,False,span,PERSON,bn_wiki_0047,bn_wiki_2680,False,তাঁকে,রুডল্ফ লুডভিগ কার্ল ফিরখো,0.003487267706255296,1.6700074341403828e-05,0.0,0.0,0.0
bn_wiki_2680_02,True,False,polarity,THING,bn_wiki_1828,bn_wiki_2680,True,ফিরখো,হ্যাঁ,0.006927382140992347,0.0011659574874520314,0.0,0.0,0.0
bn_wiki_2680_03,True,False,span,PERSON,bn_wiki_1826,bn_wiki_2680,True,ইয়োহানেস পিটার,পিটার মুলারের অধীনে,0.00706726712636845,3.037200679331664e-06,0.0,0.5,0.5
bn_wiki_2680_04,True,False,polarity,POLARITY,bn_wiki_1826,bn_wiki_2680,True,ইয়োহানেস,,0.00912340078319998,0.0002643374742499604,0.0,0.0,0.0
bn_wiki_2680_05,True,False,polarity,POLARITY,wiki_35250_0,bn_wiki_2680,False,শেষ রাজধানী,,0.0030590356233601086,9.324046415071577e-05,0.0,0.0,0.0
bn_wiki_2404_01,True,False,span,THING,bn_wiki_2404,bn_wiki_2404,True,21,"বিংশ শতাব্দীর শেষভাগে এসে (1980-র দশকের শুরুতে এসে) সারা বিশ্বে তথ্য ও যোগাযোগ প্রযুক্তির ক্ষেত্রে বিভিন্ন যন্ত্রপাতি ও সরঞ্জামে যান্ত্রিক ও সদৃশ (অ্যানালগ) ইলেকট্রনীয় প্রযুক্তির (যেখানে ধারাবাহিক রৈখিক সংকেতের মাধ্যমে তথ্যের প্রতিনিধিত্ব করা হয়) পরিবর্তে ডিজিটাল (দ্বি-আঙ্কিক) ইলেকট্রনীয় প্রযুক্তি (যেখানে বিচ্ছিন্ন অঙ্ক, মূলত দুইটি অঙ্ক দিয়ে তথ্যের প্রতিনিধিত্ব করা হয়) ব্যবহৃত হওয়া শুরু হয় এবং 21শ শতকের প্রথম দুই দশকে অব্যাহত থাকে, সেই অসাধারণ রূপান্তরের পর্বটিকে",0.001061016401702333,1.756807422148782e-06,0.0,0.02857142857142857,0.02857142857142857
bn_wiki_2404_02,True,False,span,THING,bn_wiki_2404,bn_wiki_2404,True,21,বিংশ,0.0010262105603837787,1.419380010534441e-06,0.0,0.0,0.0
bn_wiki_2404_03,True,False,span,PROCESS,bn_wiki_2404,bn_wiki_2404,True,অনেকের মতে ডিজিটাল বিপ্লবের,ডিজিটাল বিপ্লবের ফলে,0.0036791185690906573,1.0748715402212825e-06,0.0,0.5714285714285715,0.5714285714285715
bn_wiki_2404_04,True,False,polarity,POLARITY,bn_wiki_2404,bn_wiki_2404,True,যুক্তির বর্তনী,কম্পিউটার; ডিজিটাল মুঠোফোন; বিশ্বব্যাপী কম্পিউটারের আন্তর্জাল বা ইন্টারনেট,0.001522346206028423,2.6157866884731276e-07,0.0,0.0,0.0
bn_wiki_2404_05,True,False,span,UNKNOWN,bn_wiki_2404,bn_wiki_2404,True,মানবজাতির ইতিহাসে,,0.0025564232504254867,1.7801606248367928e-05,0.0,0.0,0.0
bn_wiki_1454_01,True,False,polarity,POLARITY,bn_wiki_1454,bn_wiki_1454,True,650,যিরমিয়,0.004640861647764428,1.4918219632320193e-06,0.0,0.0,0.0
bn_wiki_1454_02,True,False,span,PERSON,bn_wiki_1459,bn_wiki_1454,True,দাবির মান্যতা,হিব্রু বাইবেলের মূখ্য নবীদের অন্যতম একজন নবী।,0.0017974183283233536,1.2783384957422862e-05,0.0,0.0,0.0
bn_wiki_1454_03,True,False,span,PERSON,nctb_6_Christian_religion_1_27,bn_wiki_1454,True,পর্বতে,ইয়াহওয়েহ,0.003577523938558958,9.109731402487994e-05,0.0,0.0,0.0
bn_wiki_1454_04,True,False,span,UNKNOWN,bn_wiki_1454,bn_wiki_1454,True,বাইবেলীয় গ্রন্থাবলির,দ্বিতীয় নবী,0.0056785279450261615,1.3234951714948158e-05,0.0,0.0,0.0
bn_wiki_1454_05,True,False,span,THING,bn_wiki_1454,bn_wiki_1454,True,ইসলামি ঐতিহ্যে,,0.0038032580754392975,1.2038990391274006e-06,0.0,0.0,0.0
bn_wiki_0321_01,True,False,polarity,POLARITY,bn_wiki_0321,bn_wiki_0321,True,তিনটি প্যাসেজের সমন্বয়ে,পাতাল রেল সুড়ঙ্গ যা সাগরের তলদেশ দিয়ে বিস্তৃত,0.0028594494951488456,6.675835594240759e-07,0.0,0.0,0.0
bn_wiki_0321_02,True,False,polarity,THING,bn_wiki_0321,bn_wiki_0321,True,50.5,হ্যাঁ,0.0050051111442008574,6.379591786407138e-06,0.0,0.0,0.0
bn_wiki_0321_03,True,False,span,PROCESS,bn_wiki_0321,bn_wiki_0321,True,এটি যুক্তরাজ্যের ফোকস্টোনকে,সাগরের তলদেশ দিয়ে বিস্তৃত হয়ে,0.00983484329216065,0.0002838994405085886,0.0,0.0,0.0
bn_wiki_0321_04,True,False,span,NUMBER,bn_wiki_0321,bn_wiki_0321,True,4.650,,0.02476396508660753,0.0010679623380320455,0.0,0.0,0.0
bn_wiki_0321_05,True,False,span,NUMBER,bn_wiki_0321,bn_wiki_0321,True,1988,1994,0.025308631530220588,8.566125403390579e-05,0.0,0.0,0.0
bn_wiki_0809_01,True,False,span,NUMBER,bn_wiki_0809,bn_wiki_0809,True,16,প্রায় 16 লক্ষ প্রকৌশলী,0.019253709475664862,7.891202805544034e-05,0.0,0.4,0.4
bn_wiki_0809_02,True,False,span,NUMBER,bn_wiki_0809,bn_wiki_0809,True,16,15%,0.025170493069591876,0.0011791903417753269,0.0,0.0,0.0
bn_wiki_0809_03,True,False,span,NUMBER,bn_wiki_0809,bn_wiki_0809,True,"74,000","58,800 মার্কিন ডলার",0.0058894864465891626,1.516190194783551e-06,0.0,0.0,0.0
bn_wiki_0809_04,True,False,polarity,POLARITY,bn_wiki_0809,bn_wiki_0809,True,কম্পিউটার নিয়ন্ত্রিত,কম্পিউটার নিয়ন্ত্রিত প্রকৌশল ব্যবস্থা ব্যবহার করে,0.0025010897868961144,1.9290270681076443e-07,0.0,0.5,0.5
bn_wiki_0809_05,True,False,list,THING,bn_wiki_0807,bn_wiki_0809,False,শক্তিশালী গণিত,,0.004202221541737424,5.282240230103721e-06,0.0,0.0,0.0
bn_wiki_1018_01,True,False,span,THING,bn_wiki_1018,bn_wiki_1018,True,আমেরিকান মাল্টিন্যাশনাল,ইন্টারনেটের মাধ্যমে ভোক্তা থেকে ভোক্তা এবং ব্যবসায়ী থেকে ভোক্তাকে বিক্রয় সেবা,0.0027770083877597797,2.530533563571951e-06,0.0,0.0,0.0
bn_wiki_1018_02,True,False,span,THING,bn_wiki_1018,bn_wiki_1018,True,1995,ইবে,0.004221690776366681,4.320228105651573e-05,0.0,0.0,0.0
bn_wiki_1018_03,True,False,list,NUMBER,bn_wiki_1338,bn_wiki_1018,True,11,30টিরও বেশি দেশে,0.04334531461615932,0.0031707121123495316,0.0,0.11428571428571428,0.11428571428571428
bn_wiki_1018_04,True,False,polarity,THING,bn_wiki_1018,bn_wiki_1018,True,আমেরিকান মাল্টিন্যাশনাল,হ্যাঁ,0.003712081734388572,7.63036624201914e-07,0.0,0.0,0.0
bn_wiki_1018_05,True,False,span,UNKNOWN,bn_wiki_1018,bn_wiki_1018,True,30,,0.004572392991500175,0.00010601421497886867,0.0,0.0,0.0
bn_wiki_0278_01,True,False,span,THING,nctb_7_ICT_2_69,bn_wiki_0278,True,তরল কালি,বায়ুচাপ ও ধূলা বাবস্থাপনার জন্য,0.0046366541169883145,2.8463962297124203e-05,0.0,0.0,0.0
bn_wiki_0278_02,True,False,polarity,POLARITY,bn_wiki_0278,bn_wiki_0278,True,মানুষকে প্রত্যক্ষভাবে পরিষেবা,"অক্সিজেন, বিদ্যুৎ; স্থানীয় যোগাযোগ; বর্জ্য নিষ্কাশন; স্বাস্থ্যব্যবস্থা; পুনঃব্যবহারযোগ্য পানি",0.0017645886752846029,2.5261201569664986e-06,0.0,0.0,0.0
bn_wiki_0278_03,True,False,span,THING,bn_wiki_0278,bn_wiki_0278,True,প্রপেল্যান্ট উৎপাদন সামগ্রী,অক্সিজেন,0.0033128718183624926,4.068870265022673e-09,0.0,0.0,0.0
bn_wiki_0278_04,True,False,span,THING,bn_wiki_0225,bn_wiki_0278,False,নীতি এরকমঃ,,0.004409641772460222,0.00018996827693676995,0.0,0.0,0.0
bn_wiki_0278_05,True,False,polarity,POLARITY,bn_wiki_0278,bn_wiki_0278,True,সামগ্রী,,0.00277457397259474,1.2959284088796211e-05,0.0,0.0,0.0
bn_wiki_0589_01,True,False,span,NUMBER,bn_wiki_0589,bn_wiki_0589,True,40,40 ডেসিবেল,0.053803483957180216,0.0026780031732506968,0.0,0.6666666666666666,0.6666666666666666
bn_wiki_0589_02,True,False,list,THING,bn_wiki_0589,bn_wiki_0589,True,40,পথচারীকে চমকে দিতে পারে; তার মনে বিরক্তির উদ্রেক করতে পারে; তার মানসিক চাপ বৃদ্ধি করতে পারে,0.00174757690242925,1.9523535469345103e-06,0.0,0.0,0.0
bn_wiki_0589_03,True,False,polarity,POLARITY,bn_wiki_0589,bn_wiki_0589,True,130,,0.0018145731533680467,2.9463988531033044e-06,0.0,0.0,0.0
bn_wiki_0589_04,True,False,span,NUMBER,bn_wiki_0589,bn_wiki_0589,True,75,75 ডেসিবেলের,0.04039569198903425,0.001488193694274123,0.0,0.6666666666666666,0.6666666666666666
bn_wiki_0589_05,True,False,span,THING,bn_wiki_0589,bn_wiki_0589,True,যাতে বিদ্যুৎচুম্বকীয়,সরল বিদ্যুৎচালিত যন্ত্র,0.002559051484343308,3.9075790503892774e-07,0.0,0.0,0.0
bn_wiki_1421_01,True,False,polarity,POLARITY,bn_wiki_1422,bn_wiki_1421,True,অন্য প্রকারের,রাজনীতি হলো দলীয় বা নির্দিষ্ট ব্যক্তিবর্গের মধ্যে ক্ষমতার সম্পর্কের ক্ষেত্রে সিদ্ধান্ত গ্রহণ বিষয়ক কর্মকাণ্ডের সমষ্টি,0.0014211544156065847,5.311503908717518e-06,0.0,0.0,0.0
bn_wiki_1421_02,True,False,polarity,THING,bn_wiki_1421,bn_wiki_1421,True,নির্দিষ্ট ব্যক্তিবর্গের,হ্যাঁ,0.0023932547587895672,1.0726302962417271e-05,0.0,0.0,0.0
bn_wiki_1421_03,True,False,span,THING,bn_wiki_1421,bn_wiki_1421,True,রাষ্ট্রবিজ্ঞান,রাজনীতিবিজ্ঞান বা রাষ্ট্রবিজ্ঞান,0.009914725552240026,1.8949570803582227e-06,0.0,0.5,0.5
bn_wiki_1421_04,True,False,polarity,POLARITY,bn_wiki_1421,bn_wiki_1421,True,গবেষণা,রাজনীতি নিয়ে গবেষণা করা,0.004275918483050189,1.309425781575481e-06,0.0,0.4,0.4
bn_wiki_1421_05,True,False,span,REASON,bn_wiki_1421,bn_wiki_1421,True,সরকার বিষয়ক বিজ্ঞান বা কলা হিসেবে বিশদভাবে ব্যবহৃত,,0.005210331532765034,5.105289280495431e-06,0.0,0.0,0.0
bn_wiki_0030_01,True,False,span,REASON,bn_wiki_0030,bn_wiki_0030,True,সালের এপ্রিলে মহাকর্ষীয়,,0.006019369313596173,0.0005411082840058755,0.0,0.0,0.0
bn_wiki_0030_02,True,False,span,THING,bn_wiki_0030,bn_wiki_0030,True,এপ্রিলে,পটসডামের গোলম,0.00523400207833473,7.556668967288391e-06,0.0,0.0,0.0
bn_wiki_0030_03,True,False,span,NUMBER,bn_wiki_0030,bn_wiki_0030,True,2002,2002,0.0994381470960786,0.0024777405955313803,1.0,1.0,1.0
bn_wiki_0030_04,True,False,span,REASON,bn_wiki_0030,bn_wiki_0030,True,মাক্স প্লাংক মহাকর্ষীয়,,0.005561413198221317,0.00015235681084283144,0.0,0.0,0.0
bn_wiki_0030_05,True,False,span,THING,bn_wiki_0030,bn_wiki_0030,True,এএমপির,এএমপির,0.007319287648172266,1.9949500634126177e-05,1.0,1.0,1.0
bn_wiki_0273_01,True,False,polarity,POLARITY,bn_wiki_0273,bn_wiki_0273,True,অর্থায়ন,অর্থায়ন,0.004770380704009201,2.401685295107866e-05,1.0,1.0,1.0
bn_wiki_0273_02,True,False,span,NUMBER,bn_wiki_0273,bn_wiki_0273,True,500,$500 বিলিয়ন,0.08667047490491665,0.03105796018898993,0.0,0.6666666666666666,0.6666666666666666
bn_wiki_0273_03,True,False,span,THING,bn_wiki_0273,bn_wiki_0273,True,মহাকাশ পর্যটন,মহাকাশ পর্যটন,0.0030411057641091506,2.5356689099926243e-06,1.0,1.0,1.0
bn_wiki_0273_04,True,False,span,UNKNOWN,bn_wiki_0273,bn_wiki_0273,True,মহাকাশ পর্যটনের,মহাকাশ পর্যটনের,0.0035117351356914297,2.3587985023189144e-05,1.0,1.0,1.0
bn_wiki_0273_05,True,False,polarity,POLARITY,bn_wiki_0273,bn_wiki_0273,True,সমালোচকরা যুক্তি,,0.001910128844322228,3.919301406253052e-07,0.0,0.0,0.0
bn_wiki_1923_01,True,False,polarity,THING,bn_wiki_1923,bn_wiki_1923,True,আস্তরণ,হ্যাঁ,0.006545386906415547,0.00023735126394107842,0.0,0.0,0.0
bn_wiki_1923_02,True,False,span,REASON,bn_wiki_1923,bn_wiki_1923,True,বস্তুটির অভিকর্ষের কারণে,বস্তুটির অভিকর্ষের কারণে,0.011769279014899813,6.034172853780842e-05,1.0,1.0,1.0
bn_wiki_1923_03,True,False,span,REASON,bn_wiki_1923,bn_wiki_1923,True,গ্যাস জড়ো হতে,,0.0037341593044410153,2.3965370304896046e-05,0.0,0.0,0.0
bn_wiki_1923_04,True,False,span,THING,bn_wiki_1923,bn_wiki_1923,True,আবহমণ্ডল বলে,মধ্যাকর্ষণ শক্তি দ্বারা,0.002612748848859577,7.120258678308157e-07,0.0,0.0,0.0
bn_wiki_1923_05,True,False,span,NUMBER,bn_wiki_1923,bn_wiki_1923,True,8.5,101.325,0.03399922689163614,3.8289470043716134e-05,0.0,0.0,0.0
bn_wiki_2849_01,True,False,span,PERSON,bn_wiki_2849,bn_wiki_2849,True,শেখ মুজিবুর,পূর্ব পাকিস্তানের বৃহত্তম রাজনৈতিক দল আওয়ামী লীগ,0.0012948933372361365,1.1497012587274175e-05,0.0,0.0,0.0
bn_wiki_2849_02,True,False,list,NUMBER,bn_wiki_2780,bn_wiki_2849,False,169,167টি,0.022154954556956864,0.0006380159188285779,0.0,0.19047619047619044,0.19047619047619044
bn_wiki_2849_03,True,False,span,THING,wiki_15252_0,bn_wiki_2849,False,বাবা,পাকিস্তান পিপলস পার্টি,0.0035580347562917587,2.700293059854043e-05,0.0,0.0,0.0
bn_wiki_2849_04,True,False,polarity,POLARITY,wiki_2526_1,bn_wiki_2849,False,7,অবিলম্বে সামরিক আইন প্রত্যাহার করতে হবে; অবিলম্বে সেনাবাহিনীকে ব্যারাকে ফিরিয়ে নিতে হবে; গণহত্যার তদন্ত করতে হবে; নির্বাচিত জনপ্রতিনিধিদের কাছে অবিলম্বে ক্ষমতা হস্তান্তর করতে হবে,0.0029370979993456592,1.965979358461989e-05,0.0,0.0,0.0
bn_wiki_2849_05,True,False,span,TIME,wiki_15252_0,bn_wiki_2849,False,37,,0.038520657080884695,0.0017686204056983276,0.0,0.0,0.0
bn_wiki_2226_01,True,False,polarity,POLARITY,bn_wiki_2226,bn_wiki_2226,True,ক্রোধ,,0.004369020226843568,2.082713604536178e-05,0.0,0.0,0.0
bn_wiki_2226_02,True,False,span,THING,bn_wiki_2226,bn_wiki_2226,True,"রুশম্যান"" এজেন্ট","যে ""রুশম্যান"" এজেন্ট নাতাশা রোমানফ এবং হাওয়ার্ড স্টার্ক একজন এস.এইচ.আই.ই.এল.ডি. প্রতিষ্ঠাতা যাকে ফিউরি ব্যক্তিগতভাবে জানতেন",0.003215367534261713,3.1799655952798045e-06,0.0,0.18181818181818182,0.18181818181818182
bn_wiki_2226_03,True,False,span,PERSON,bn_wiki_2226,bn_wiki_2226,True,ফিউরি ব্যাখ্যা,ভানকোর বাবা এবং স্টার্ক,0.004042568029225967,4.6195587161323645e-06,0.0,0.0,0.0
bn_wiki_2226_04,True,False,span,PLACE,bn_wiki_2226,bn_wiki_2226,True,আন্তনকে গুলাগে,গুলাগে,0.005437420389726588,3.8375854891330684e-05,0.0,0.6666666666666666,0.6666666666666666
bn_wiki_2226_05,True,False,list,PERSON,nctb_9_10_Bangla_22_12,bn_wiki_2226,False,নাম ভাঙিয়ে,,0.009198402546970793,0.0006227254505427292,0.0,0.0,0.0
bn_wiki_1070_01,True,False,span,PLACE,bn_wiki_1070,bn_wiki_1070,True,মার্কিন,মার্কিন,0.009399913493881088,0.0003276524838952289,1.0,1.0,1.0
bn_wiki_1070_02,True,False,span,TIME,bn_wiki_1070,bn_wiki_1070,True,2006,2006,0.048461900358693175,0.007721981754011217,1.0,1.0,1.0
bn_wiki_1070_03,True,False,span,THING,bn_wiki_1070,bn_wiki_1070,True,মার্কিন অর্থনীতিবিদ,অর্থনীতিতে,0.0074213107963077745,0.0002636155321322159,0.0,0.0,0.0
bn_wiki_1070_04,True,False,list,THING,bn_wiki_1070,bn_wiki_1070,True,মার্কিন অর্থনীতিবিদ,কলাম্বিয়া বিশ্ববিদ্যালয়; পেন্সিলভেনিয়া বিশ্ববিদ্যালয়,0.005957090751963413,0.0002197343824844964,0.0,0.0,0.0
bn_wiki_1789_01,True,False,span,NUMBER,wiki_113919_4,bn_wiki_1789,True,2004,,0.0732055108435308,0.004657066442057239,0.0,0.0,0.0
bn_wiki_1789_02,True,False,span,PLACE,wiki_113919_2,bn_wiki_1789,True,কুকুরটি আসলে,আজকাবান থেকে,0.004098669219533589,2.141905513599121e-05,0.0,0.0,0.0
bn_wiki_1789_03,True,False,span,PERSON,bn_wiki_1789,bn_wiki_1789,True,ধৃত সিরিয়াস,ডিমেন্টরদের,0.0035347262720254557,5.230810961351189e-07,0.0,0.0,0.0
bn_wiki_1789_04,True,False,span,NUMBER,wiki_89504_15,bn_wiki_1789,False,24,,0.03041077426464137,0.004422435443062384,0.0,0.0,0.0
bn_wiki_1789_05,True,False,span,PROCESS,bn_wiki_1789,bn_wiki_1789,True,মন্ত্রক-অনুমোদিত টাইম-টার্নারটি,তার মন্ত্রক-অনুমোদিত টাইম-টার্নারটি ব্যবহার করে তিন ঘণ্টা সময় পিছিয়ে গিয়ে,0.004421247121493538,4.855244692113583e-06,0.0,0.5,0.5
bn_wiki_0201_01,True,False,span,THING,bn_wiki_0201,bn_wiki_0201,True,শহরাঞ্চলে প্রচলিত উচ্চক্ষমতাসম্পন্ন,শহরাঞ্চলে প্রচলিত উচ্চক্ষমতাসম্পন্ন ও দ্রুতগামী বৈদ্যুতিক যাত্রীবাহী রেলব্যবস্থাকে বোঝায়,0.0028232155089911344,6.504459390617619e-07,0.0,0.5,0.5
bn_wiki_0201_02,True,False,span,THING,bn_wiki_0201,bn_wiki_0201,True,স্তর-পৃথকীকৃত,স্তর-পৃথকীকৃত ভূসমতলস্থিত,0.003531943521698984,8.728972828086698e-07,0.0,0.8,0.8
bn_wiki_0201_03,True,False,list,THING,bn_wiki_0201,bn_wiki_0201,True,"বাস, ট্রাম",সাধারণ রেলগাড়ি; গাড়ি; বাস; ট্রাম,0.004245031212853636,1.4799845210106133e-05,0.0,0.2585034013605443,0.2585034013605443
bn_wiki_0201_04,True,False,span,PLACE,bn_wiki_0201,bn_wiki_0201,True,সড়কপথের সমতলে,শহরের বাইরে,0.0022635536990316357,4.784439169385184e-06,0.0,0.0,0.0
bn_wiki_0201_05,True,False,span,NUMBER,nctb_7_Agriculture_6_54,bn_wiki_0201,True,3,,0.36204941177887134,0.2504161504823049,0.0,0.0,0.0
bn_wiki_2414_01,True,False,span,THING,bn_wiki_2414,bn_wiki_2414,True,উত্তরের রহস্যময়,শেষ তুষারযুগে বিভিন্ন শীতসহিষ্ণু উদ্ভিদ এবং প্রাণী প্রজাতি (যেমন নরওয়ে স্প্রুস এবং নরওয়েজিয়ান লেমিংস) ইউরোপের আল্পসের উত্তরে বরফ-মুক্ত মাইক্রোরেফুজিয়াতে উপস্থিত ছিল,0.0017396307130447385,5.522932644395082e-06,0.0,0.0,0.08333333333333334
bn_wiki_2414_02,True,False,polarity,PERSON,bn_wiki_2414,bn_wiki_2414,True,বিভিন্ন,হ্যাঁ,0.0060191977909776415,0.00035955198308801426,0.0,0.0,0.0
bn_wiki_2414_03,True,False,polarity,POLARITY,bn_wiki_2414,bn_wiki_2414,True,বলা,তুষারাবৃত অঞ্চলগুলোতে সব প্রজাতি বিলুপ্ত হয়েছিলো এবং দক্ষিণে সীমান্তবর্তী রেফুজিয়াতে যারা বেচে ছিলো যারা তুষার যুগের পর খালি অঞ্চলগুলোতে স্থানান্তরিত হয়েছিলো,0.001790805970147897,1.2820094039408397e-05,0.0,0.0,0.0
bn_wiki_2414_04,True,False,span,NUMBER,wiki_81910_4,bn_wiki_2414,False,"12,000",,0.027074807221032702,0.0002710122086240774,0.0,0.0,0.0
bn_wiki_2414_05,True,False,span,PLACE,wiki_82989_0,bn_wiki_2414,False,আসাম রাজ্য,,0.003254680050348729,1.0657673915183928e-05,0.0,0.0,0.0
bn_wiki_0740_01,True,False,span,THING,bn_wiki_0740,bn_wiki_0740,True,1.5,1.5 ভোল্টের নামমাত্র ভোল্টেজ,0.0028609765974359058,1.0968401888381604e-05,0.0,0.4,0.4
bn_wiki_0740_02,True,False,span,THING,bn_wiki_0740,bn_wiki_0740,True,অ্যামোনিয়াম ক্লোরাইড,অ্যামোনিয়াম ক্লোরাইড; ম্যাঙ্গানিজ ডাই অক্সাইড সমন্বিত অন্য একটি পেস্ট,0.0022052990331303327,6.039503317981261e-07,0.0,0.3636363636363636,0.3636363636363636
bn_wiki_0740_03,True,False,span,THING,bn_wiki_0740,bn_wiki_0740,True,পাত্রের আকারের,সাধারণত নলাকার পাত্রের আকারের একটি দস্তা অ্যানোড; একটি কেন্দ্রীয় দণ্ড আকারের কার্বন ক্যাথোড,0.003634344828428007,6.553632869183562e-06,0.0,0.2666666666666667,0.2666666666666667
bn_wiki_0740_04,True,False,span,REASON,bn_wiki_0740,bn_wiki_0740,True,ব্যাটারি তত বেশি,,0.003050284229675431,4.9731022652870806e-06,0.0,0.0,0.0
bn_wiki_0740_05,True,False,span,REASON,bn_wiki_0740,bn_wiki_0740,True,তড়িৎবিশ্লেষ্য পদার্থ হিসাবে,,0.005019240550859584,5.8703800060405306e-05,0.0,0.0,0.0
bn_wiki_1016_01,True,False,list,THING,bn_wiki_1016,bn_wiki_1016,True,গেলেও বর্তমানে,বই; ডিভিডি; ভিডিও টিউটোরিয়াল; ক্রীড়া সামগ্রী; অন্য রকম বিজ্ঞান বাক্স (বিজ্ঞান পরীক্ষণের কিট); ক্যালকুলেটর; ঘড়ি; পেনড্রাইভ; কম্পিউটারের নানাবিধ যন্ত্রাংশসহ বিভিন্ন পণ্য,0.002444565036519693,1.8298078249291087e-05,0.0,0.04968944099378881,0.04968944099378881
bn_wiki_1016_02,True,False,list,PERSON,bn_wiki_1016,bn_wiki_1016,True,শুধুমাত্র বইমেলা,আবুল হাসান লিটন; এহতেশামুল শামস রাকিব; জুবায়ের বিন আমিন; মোঃ খায়রুল আনাম,0.003742025411543699,0.00012912630036690954,0.0,0.0,0.0
bn_wiki_1016_03,True,False,span,THING,bn_wiki_1016,bn_wiki_1016,True,পাশাপাশি মোবাইল,ই-বাণিজ্য সাইট,0.0038872318066955056,3.5635062692189554e-05,0.0,0.0,0.0
bn_wiki_1016_04,True,False,list,NUMBER,bn_wiki_1016,bn_wiki_1016,True,3,,0.04089928365078243,0.0031379356385176707,0.0,0.0,0.0
bn_wiki_1016_05,True,False,span,UNKNOWN,bn_wiki_1016,bn_wiki_1016,True,2012,2012,0.003562765281935064,7.479043737998459e-05,1.0,1.0,1.0
bn_wiki_1262_01,True,False,span,PERSON,bn_wiki_1262,bn_wiki_1262,True,সিংহাসন ফিরে,মুঘল সম্রাট হুমায়ুন,0.005849275163929991,7.554556083835991e-06,0.0,0.0,0.0
bn_wiki_1262_02,True,False,span,PERSON,bn_wiki_1262,bn_wiki_1262,True,সাল পর্যন্ত,মুঘলদের,0.006096128962065958,2.627826208267438e-06,0.0,0.0,0.0
bn_wiki_1262_03,True,False,list,NUMBER,bn_wiki_1268,bn_wiki_1262,True,14,চারটি,0.08782285189359476,0.008987835453303492,0.0,0.0,0.0
bn_wiki_1262_04,True,False,span,PROCESS,bn_wiki_1262,bn_wiki_1262,True,নেওয়ার অনুমতি পান,আবদুল গফুর জনসাধারণের সাথে তার খাবার ভাগ করে নেওয়ার অনুমতি পান,0.005900739580169357,3.3563929548412544e-05,0.0,0.5,0.5
bn_wiki_1262_05,True,False,polarity,THING,bn_wiki_1262,bn_wiki_1262,True,হালুয়া বেকারি,,0.005839089667324861,2.8666550733399965e-06,0.0,0.0,0.0
bn_wiki_0397_01,True,False,span,TIME,bn_wiki_0397,bn_wiki_0397,True,8,8ই মার্চ,0.01543789659834215,4.215708176942556e-06,0.0,0.5,0.5
bn_wiki_0397_02,True,False,polarity,THING,bn_wiki_0397,bn_wiki_0397,True,80,না,0.0031242569600205914,5.233020033584921e-06,0.0,0.0,0.0
bn_wiki_0397_03,True,False,list,THING,bn_wiki_0397,bn_wiki_0397,True,ছাড়াও অস্ট্রেলিয়া,"মালয়েশিয়া; অস্ট্রেলিয়া; বাংলাদেশ; ব্রুনাই,; চীন; ভারত; ইন্দোনেশিয়া; জাপান; নিউজিল্যান্ড; ফিলিপাইন; সিঙ্গাপুর; দক্ষিণ কোরিয়া; তাইওয়ান; থাইল্যান্ড; যুক্তরাষ্ট্র; ভিয়েতনাম",0.0022322775219510765,1.1142520675376088e-05,0.0,0.11578947368421054,0.11578947368421054
bn_wiki_0397_04,True,False,span,NUMBER,bn_wiki_0394,bn_wiki_0397,True,15,,0.025757913512838446,0.00019918105685317114,0.0,0.0,0.0
bn_wiki_0397_05,True,False,span,REASON,bn_wiki_0397,bn_wiki_0397,True,পরবর্তীতে রয়াল থাই নৌবাহিনী মালয়েশিয়ার,রয়াল থাই নৌবাহিনী মালয়েশিয়ার পক্ষ থেকে অনুরোধ পেয়ে,0.004066999638310493,6.174553100930791e-08,0.0,0.6153846153846154,0.6153846153846154
bn_wiki_2549_01,True,False,span,UNKNOWN,bn_wiki_2549,bn_wiki_2549,True,1977,1977,0.002001582348444528,1.3130926013984329e-05,1.0,1.0,1.0
bn_wiki_2549_02,True,False,span,REASON,bn_wiki_2549,bn_wiki_2549,True,সংরক্ষণশীল দলগুলোর সমালোচনা,সংরক্ষণশীল দলগুলোর সমালোচনা এবং শিক্ষা প্রতিষ্ঠানগুলোতে থাকা নারীদের মধ্যে বিদ্যমান সাদা বর্ণের অস্তিত্ববাদী এবং বিপরীত লিঙ্গের জন্য ভিন্ন ভিন্ন সূবিধার বিষয়গুলো নিয়ে নারী আন্দোলনের সাথে জড়িত নারীদের উদ্বিগ্নতার কারণে,0.0016482624053866465,5.970807341712037e-06,0.0,0.1875,0.1875
bn_wiki_2549_03,True,False,span,PROCESS,bn_wiki_2549,bn_wiki_2549,True,"ধারণা বর্ধিত হতে থাকায়, লিঙ্গের সামাজিক গঠন আবিষ্কারের","""নারী"" -এর ধারণা বর্ধিত হতে থাকায়, লিঙ্গের সামাজিক গঠন আবিষ্কারের ফলে",0.003409771366876472,4.334085207108665e-06,0.0,0.8421052631578948,0.8421052631578948
bn_wiki_2549_04,True,False,polarity,POLARITY,bn_wiki_2548,bn_wiki_2549,True,"পৃথকীকরণ, বহুসংস্কৃতিবাদ, বহুজাতিক",,0.0015614952944127494,1.0822196836401086e-07,0.0,0.0,0.0
bn_wiki_2549_05,True,False,polarity,THING,bn_wiki_2548,bn_wiki_2549,True,700,,0.0019975103096765224,1.373148507759301e-06,0.0,0.0,0.0
bn_wiki_2552_01,True,False,span,THING,bn_wiki_2552,bn_wiki_2552,True,বিকেন্দ্রীকরণ প্রায়শই,অধ্যাপকের বিকেন্দ্রীকরণ,0.005786950716593289,9.464312695941016e-06,0.0,0.5,0.5
bn_wiki_2552_02,True,False,list,THING,bn_wiki_2552,bn_wiki_2552,True,মিডিয়া সাক্ষরতা,"মিডিয়া সাক্ষরতা; যৌনতা, জাতি এবং জাতিগত বিষয়; মহিলাদের জড়িত ইতিহাস; কৌতুক তত্ত্ব; বহুসংস্কৃতিবাদ",0.002402071714831696,9.184852824842618e-07,0.0,0.15238095238095242,0.15238095238095242
bn_wiki_2552_03,True,False,span,THING,bn_wiki_2552,bn_wiki_2552,True,সামাজিক পরিবর্তন,সামাজিক পরিবর্তন আনার এবং সমাজে বিদ্যুতের বৈষম্য সম্পর্কে কিছু করার জন্য,0.002579569169801416,5.542058630712138e-07,0.0,0.3076923076923077,0.3076923076923077
bn_wiki_2552_04,True,False,list,PERSON,bn_wiki_2549,bn_wiki_2552,False,মার্কিন যুক্তরাষ্ট্রে,,0.002403645661783554,1.7347690922962962e-05,0.0,0.0,0.0
bn_wiki_2552_05,True,False,polarity,THING,bn_wiki_2548,bn_wiki_2552,False,40,,0.0018191042035629191,1.7337385251202549e-06,0.0,0.0,0.0
bn_wiki_1251_01,True,False,polarity,POLARITY,bn_wiki_1285,bn_wiki_1251,False,19,কোকো,0.004042333005236814,0.0001412099936516295,0.0,0.0,0.0
bn_wiki_1251_02,True,False,span,TIME,bn_wiki_1251,bn_wiki_1251,True,2001,সেপ্টেম্বর 2001,0.14540242325795663,0.04363143816176235,0.0,0.6666666666666666,0.6666666666666666
bn_wiki_1251_03,True,False,polarity,THING,bn_wiki_1251,bn_wiki_1251,True,70,না,0.005535015026278425,2.281448642713589e-05,0.0,0.0,0.0
bn_wiki_1251_04,True,False,span,THING,bn_wiki_1251,bn_wiki_1251,True,মার্কিন সিনেটর,,0.0034055918777535095,4.2764423466476985e-06,0.0,0.0,0.0
bn_wiki_1251_05,True,False,span,TIME,bn_wiki_1225,bn_wiki_1251,True,10,,0.08302485986426147,0.003185303561815331,0.0,0.0,0.0
bn_wiki_2963_01,True,False,polarity,UNKNOWN,bn_wiki_2963,bn_wiki_2963,True,28,হ্যাঁ,0.006894619168247155,6.730128242802419e-05,0.0,0.0,0.0
bn_wiki_2963_02,True,False,polarity,POLARITY,bn_wiki_2963,bn_wiki_2963,True,আমেরিকার,ঢাকা মেট্রোপলিটন পুলিশ স্পেশাল উইপন্স অ্যান্ড ট্যাকটিক্স টিম,0.010659579782148558,7.58793647653716e-05,0.0,0.0,0.0
bn_wiki_2963_03,True,False,polarity,UNKNOWN,bn_wiki_2963,bn_wiki_2963,True,দল,হ্যাঁ,0.013810006817272649,0.0003409221907353342,0.0,0.0,0.0
bn_wiki_2963_04,True,False,list,UNKNOWN,bn_wiki_2963,bn_wiki_2963,True,"দক্ষিণ কোরিয়া, ইরাকেও",আমেরিকা; দক্ষিণ কোরিয়া; ইরাক,0.007482805766748382,0.0004392538117099134,0.0,0.16326530612244902,0.16326530612244902
bn_wiki_2963_05,True,False,span,REASON,wiki_6386_46,bn_wiki_2963,True,ইথিওপিয়ান ন্যাশনাল ডিফেন্স ফোর্স আফ্রিকার বৃহত্তম সামরিক বাহিনী,,0.0017900951671869182,8.795964550298643e-05,0.0,0.0,0.0
bn_wiki_1526_01,True,False,list,THING,bn_wiki_1526,bn_wiki_1526,True,দরভঙ্গা রাজ,ওইনিবার রাজবংশ; দরভঙ্গা রাজ (খণ্ডবাল),0.004375859526268246,1.8679355230965047e-06,0.0,0.16326530612244902,0.16326530612244902
bn_wiki_1526_02,True,False,span,TIME,bn_wiki_1526,bn_wiki_1526,True,1960,1960 এবং 1970 এর দশকে,0.048569142885822654,4.436603403677741e-06,0.0,0.33333333333333337,0.33333333333333337
bn_wiki_1526_03,True,False,span,PLACE,bn_wiki_1526,bn_wiki_1526,True,দশকে,বিহারে,0.004741218811287896,2.535197204752218e-06,0.0,0.0,0.0
bn_wiki_1526_04,True,False,list,PERSON,bn_wiki_1526,bn_wiki_1526,True,পিন্টু বিনোয়ানন্দ,পিন্টু বিনোয়ানন্দ ঝা; ললিত নারায়ণ,0.004775918760154822,6.833992841877648e-07,0.0,0.32653061224489804,0.32653061224489804
bn_wiki_1526_05,True,False,span,PERSON,bn_wiki_1526,bn_wiki_1526,True,জগন্নাথ মিশ্রের,ডঃ জগন্নাথ মিশ্র,0.006499172865534799,7.337096154013192e-07,0.0,0.4,0.8
bn_wiki_2713_01,True,False,span,PERSON,bn_wiki_2713,bn_wiki_2713,True,ভারতীয় পন্ডিতরা,ভারতীয় পন্ডিতরা,0.00817583640040517,1.8795143761948796e-05,1.0,1.0,1.0
bn_wiki_2713_02,True,False,polarity,POLARITY,bn_wiki_2713,bn_wiki_2713,True,অণুরক্ত,কানুন মাসুউদী,0.004015762162260484,4.6570157475906565e-07,0.0,0.0,0.0
bn_wiki_2713_03,True,False,span,UNKNOWN,bn_wiki_2713,bn_wiki_2713,True,বিষয়,11,0.009702845617776752,0.0008922833431597825,0.0,0.0,0.0
bn_wiki_2713_04,True,False,span,PERSON,bn_wiki_2712,bn_wiki_2713,False,আ (জ্যোতির্বিদ্যার চাবিকাঠি,,0.00537860312399981,3.447500170879192e-05,0.0,0.0,0.0
bn_wiki_2713_05,True,False,list,NUMBER,bn_wiki_2714,bn_wiki_2713,False,11,,0.05096616876785186,0.01612366910403292,0.0,0.0,0.0
bn_wiki_0702_01,True,False,span,THING,bn_wiki_0702,bn_wiki_0702,True,সিস্টেমটিকে হালনাগাদ,সিস্টেমটিকে হালনাগাদ রাখতে ব্যবহারকারীকে পুরো সিস্টেমটি পুনরায় ইন্সটল করতে হয় না,0.0048365928201752765,5.455308829917932e-06,0.0,0.3076923076923077,0.3076923076923077
bn_wiki_0702_02,True,False,span,THING,bn_wiki_0702,bn_wiki_0702,True,বক্সিট নামে,বক্সিট,0.0035631045920435493,1.708578562056775e-06,0.0,0.6666666666666666,0.6666666666666666
bn_wiki_0702_03,True,False,span,NUMBER,bn_wiki_0702,bn_wiki_0702,True,2017,2017,0.03758682469138362,0.00014701296442771322,1.0,1.0,1.0
bn_wiki_0702_04,True,False,polarity,POLARITY,bn_wiki_0702,bn_wiki_0702,True,ব্যবহারকারীকে ইন্সটলের,"একটি কমান্ড-লাইন নেট ইন্সটলার যা ব্যবহারকারীকে ইন্সটলের সময় নিজস্ব কার্নেল সংস্করণ, ড্রাইভার এবং ডেস্কটপ পরিবেশ নির্বাচনের সুযোগ প্রদান করে",0.002686041628119089,3.594397651809911e-07,0.0,0.18181818181818182,0.18181818181818182
bn_wiki_0702_05,True,False,span,NUMBER,bn_wiki_0701,bn_wiki_0702,True,2012,,0.03386329092876044,0.000623838364806395,0.0,0.0,0.0
bn_wiki_2795_01,True,False,polarity,POLARITY,bn_wiki_2795,bn_wiki_2795,True,খানম পুতুল,খালেদা খানম পুতুল,0.00364707984040837,2.4763228662497486e-06,0.0,0.8,0.8
bn_wiki_2795_02,True,False,polarity,POLARITY,bn_wiki_2795,bn_wiki_2795,True,দিনাজপুরে,হ্যাঁ,0.0054323779128478975,0.00019888847965794567,0.0,0.0,0.0
bn_wiki_2795_03,True,False,span,TIME,bn_wiki_2795,bn_wiki_2795,True,1960,1960,0.03444087636498028,0.011617382924599493,1.0,1.0,1.0
bn_wiki_2795_04,True,False,list,UNKNOWN,bn_wiki_2795,bn_wiki_2795,True,বাংলাদেশ ক্রিকেট বোর্ড,বাংলাদেশ ক্রিকেট বোর্ড; সিটি ক্লাব,0.00409330956270326,1.9667052264422946e-06,0.0,0.29591836734693877,0.29591836734693877
bn_wiki_2795_05,True,False,span,TIME,bn_wiki_2958,bn_wiki_2795,False,30,,0.024527253683018783,0.000323962502033974,0.0,0.0,0.0
bn_wiki_2700_01,True,False,span,THING,bn_wiki_2700,bn_wiki_2700,True,নিজ শহর,তার নিজ শহর সিরাকিউজের প্রয়োজন মেটানোর জন্য,0.0033815381838484516,5.2448078517781764e-05,0.0,0.4444444444444445,0.4444444444444445
bn_wiki_2700_02,True,False,span,THING,bn_wiki_2700,bn_wiki_2700,True,পানি নির্গমণের,সিরাকিউসা,0.0046728528087515995,6.226062036233503e-05,0.0,0.0,0.0
bn_wiki_2700_03,True,False,span,PERSON,bn_wiki_2700,bn_wiki_2700,True,ভিট্রুভিয়াসের বিবরণ,রাজা দ্বিতীয় হিয়েরোর জন্য,0.011260385111383943,2.051116759493876e-06,0.0,0.0,0.0
bn_wiki_2700_04,True,False,span,PERSON,bn_wiki_2699,bn_wiki_2700,True,বছর পর,,0.0031783237690069847,1.0153200516419165e-06,0.0,0.0,0.0
bn_wiki_2700_05,True,False,span,PERSON,bn_wiki_2698,bn_wiki_2700,True,আলেকজান্দ্রিয়ার গণিতবিদরা,,0.004580576984396493,2.000184213832301e-05,0.0,0.0,0.0
bn_wiki_2173_01,True,False,span,PERSON,bn_wiki_2173,bn_wiki_2173,True,লি ফক,লি ফক,0.0038489871235645183,0.0001187360027674186,1.0,1.0,1.0
bn_wiki_2173_02,True,False,span,TIME,wiki_108248_0,bn_wiki_2173,True,1998,1934,0.07077354068671089,0.001625126507813976,0.0,0.0,0.0
bn_wiki_2173_03,True,False,span,PERSON,bn_wiki_2173,bn_wiki_2173,True,বিশ্বজুড়ে ঘটে,বিখ্যাত জাদুকর লিওন ম্যানড্রেক,0.004356156164456463,1.0792813171482327e-05,0.0,0.0,0.0
bn_wiki_2173_04,True,False,list,NUMBER,bn_wiki_2173,bn_wiki_2173,True,11,দুটি,0.05619549556478357,0.0070406854832780474,0.0,0.0,0.0
bn_wiki_2173_05,True,False,span,UNKNOWN,bn_wiki_2173,bn_wiki_2173,True,আদলে তৈরি,,0.002927407992637598,1.405595164969721e-05,0.0,0.0,0.0
bn_wiki_2142_01,True,False,span,PERSON,bn_wiki_2142,bn_wiki_2142,True,খ্রিষ্টাব্দে জিম,জিম উইন্সলো,0.0076504324797767075,1.4308604124211796e-05,0.0,0.5,0.5
bn_wiki_2142_02,True,False,polarity,POLARITY,bn_wiki_2142,bn_wiki_2142,True,খেলা সাধারণ,খেলা শুরু হওয়ার আগে প্রতি খেলোয়াড় গোপণে তার ভাগের রাজা বাদে যে কোন একটি গুটিতে একটি লাল বিন্দু আটকে দেন,0.009869966332858252,0.00015691469919736425,0.0,0.09090909090909091,0.09090909090909091
bn_wiki_2142_03,True,False,polarity,POLARITY,bn_wiki_2142,bn_wiki_2142,True,সাধারণ,প্রতিপক্ষকে কিস্তিমাত করা; প্রতিপক্ষের রাজাকে বোমা বাহক দ্বারা বোমা মেরে উড়িয়ে দেওয়া,0.005021448664407419,0.00019010374461261425,0.0,0.0,0.0
bn_wiki_2142_04,True,False,span,THING,bn_wiki_2142,bn_wiki_2142,True,সাধারণ,রাজা বাদে যে একটি গুটিতে একটি লাল বিন্দু আটকানো,0.00830520842828614,0.0004539970348460681,0.0,0.0,0.0
bn_wiki_2142_05,True,False,polarity,THING,bn_wiki_2142,bn_wiki_2142,True,বেইরুট,,0.008951784888804678,1.3176996062057647e-05,0.0,0.0,0.0
bn_wiki_2136_01,True,False,span,PROCESS,bn_wiki_2136,bn_wiki_2136,True,বিভিন্ন উচু পর্বতের শিখরে,বিভিন্ন উচু পর্বতের শিখরে আরোহণের চেষ্টা থেকে,0.008821265056103127,1.6134701793719605e-05,0.0,0.7272727272727273,0.7272727272727273
bn_wiki_2136_02,True,False,polarity,POLARITY,bn_wiki_2136,bn_wiki_2136,True,"অভিজ্ঞতা, শারীরিক সক্ষমতা",রক-ক্রাফট; স্নো ক্র্যাফট; স্কিয়িং,0.0074218324668021045,0.00020822111886478843,0.0,0.0,0.0
bn_wiki_2136_03,True,False,span,UNKNOWN,bn_wiki_2136,bn_wiki_2136,True,পৃষ্ঠের,পর্বতের পৃষ্ঠের উপর,0.003012626161073692,0.00011760622507518432,0.0,0.5,0.5
bn_wiki_2136_04,True,False,span,THING,bn_wiki_2136,bn_wiki_2136,True,ঊনবিংশ,ঊনবিংশ,0.012599145696347028,1.1049502112038534e-05,1.0,1.0,1.0
bn_wiki_2136_05,True,False,span,REASON,wiki_8870_22,bn_wiki_2136,False,"প্রথম দিকে, টিভোলি পুকুর",,0.0031094635400018265,2.0634933459300585e-05,0.0,0.0,0.0
bn_wiki_1328_01,True,False,span,PLACE,bn_wiki_1328,bn_wiki_1328,True,সালের,আর্জেন্টিনা,0.00485732470442521,9.631530367209748e-07,0.0,0.0,0.0
bn_wiki_1328_02,True,False,polarity,POLARITY,bn_wiki_1328,bn_wiki_1328,True,পাঁচ,হ্যাঁ,0.005742805886114321,0.00017738596246576113,0.0,0.0,0.0
bn_wiki_1328_03,True,False,polarity,POLARITY,bn_wiki_1328,bn_wiki_1328,True,চে,হ্যাঁ,0.006529603648898328,0.00012326884681032775,0.0,0.0,0.0
bn_wiki_1328_04,True,False,span,REASON,bn_wiki_1328,bn_wiki_1328,True,রাগবি খেলার ক্ষিপ্রতার,রাগবি খেলার ক্ষিপ্রতার জন্য,0.01686146487758271,0.000483543525840905,0.0,0.8571428571428571,0.8571428571428571
bn_wiki_1328_05,True,False,span,TIME,wiki_2855_37,bn_wiki_1328,False,29,,0.0695629384806534,0.004622750400797321,0.0,0.0,0.0
bn_wiki_0687_01,True,False,span,PERSON,bn_wiki_0687,bn_wiki_0687,True,উৎসাহী ব্যক্তিই,কেবল কিছু উৎসাহী ব্যক্তিই,0.004560917543582057,7.248609917914414e-07,0.0,0.6666666666666666,0.6666666666666666
bn_wiki_0687_02,True,False,polarity,POLARITY,bn_wiki_0687,bn_wiki_0687,True,"সস্তা, নিরাপদ, নির্ভরযোগ্য","সস্তা;নিরাপদ;নির্ভরযোগ্য;এটি কোনো নির্দিষ্ট বিক্রেতার কাছ থেকে কিনতে হয় না, অর্থাৎ এটি বিক্রেতা-অধীন নয়",0.004354966885568807,1.3498961692007955e-05,0.0,0.3,0.3
bn_wiki_0687_03,True,False,span,THING,bn_wiki_0687,bn_wiki_0687,True,386,ইন্টেল 386,0.0023680445852776316,6.64411311513324e-06,0.0,0.6666666666666666,0.6666666666666666
bn_wiki_0687_04,True,False,span,TIME,bn_wiki_0685,bn_wiki_0687,False,24,,0.0253832884493984,0.00018351432898170567,0.0,0.0,0.0
bn_wiki_0687_05,True,False,span,THING,bn_wiki_0685,bn_wiki_0687,False,9,,0.003146373287984237,4.481405385960667e-07,0.0,0.0,0.0
bn_wiki_2607_01,True,False,span,THING,bn_wiki_2597,bn_wiki_2607,False,অন্যান্য লেখকরা,প্রাণনাশক ভ্রূণের অস্বাভাবিকতার ক্ষেত্রে গর্ভ সমাপ্তি,0.003926196476117254,1.3072973112994955e-05,0.0,0.0,0.0
bn_wiki_2607_02,True,False,span,PLACE,nctb_9_10_Science_4_32,bn_wiki_2607,False,অত্যন্ত ঝুকিপূর্ণভাবে,,0.006127858262594203,0.0004426494277918391,0.0,0.0,0.0
bn_wiki_2607_03,True,False,span,REASON,bn_wiki_2607,bn_wiki_2607,True,গর্ভপাত আইন নিয়ে আলোচনা,গর্ভপাত আইন নিয়ে আলোচনা করার জন্য,0.005615019729247544,5.9794914235127006e-06,0.0,0.8,0.8
bn_wiki_2607_04,True,False,polarity,POLARITY,bn_wiki_2607,bn_wiki_2607,True,প্রাণনাশক অস্বাভাবিক,প্রাণনাশক অস্বাভাবিক ভ্রূণ নির্ণয় করা গেছে এমন শিশুদের পিতামাতার জন্য একটি অনুরূপ সমর্থন / প্রচারণা গোষ্ঠী,0.004100502130362992,2.156262969049867e-06,0.0,0.23529411764705882,0.23529411764705882
bn_wiki_2607_05,True,False,polarity,THING,bn_wiki_2607,bn_wiki_2607,True,টিএফএমআর,হ্যাঁ,0.00623766995565192,0.00018434478172898137,0.0,0.0,0.0
bn_wiki_1641_01,True,False,polarity,POLARITY,bn_wiki_1641,bn_wiki_1641,True,সুবাদে তিউনিসিয়ায়,ডেফার্ট,0.0067700717217415995,1.9536762082202584e-05,0.0,0.0,0.0
bn_wiki_1641_02,True,False,span,TIME,bn_wiki_1641,bn_wiki_1641,True,1965,1965,0.09349043299046235,0.0023171763279214858,1.0,1.0,1.0
bn_wiki_1641_03,True,False,span,TIME,bn_wiki_1641,bn_wiki_1641,True,1966,1966,0.20750277123059427,0.05100471118474262,1.0,1.0,1.0
bn_wiki_1641_04,True,False,span,TIME,bn_wiki_1641,bn_wiki_1641,True,1968,1968,0.07631809507772674,0.0014069898751580961,1.0,1.0,1.0
bn_wiki_1641_05,True,False,span,UNKNOWN,bn_wiki_1640,bn_wiki_1641,False,নন-মনোগ্যামাস,,0.011437443550703119,9.583149342821257e-05,0.0,0.0,0.0
bn_wiki_2834_01,True,False,span,THING,nctb_9_10_Geography_10_20,bn_wiki_2834,False,189,ডাক আদান-প্রদানভিত্তিক,0.0019779009392377565,5.865159938192805e-05,0.0,0.0,0.0
bn_wiki_2834_02,True,False,span,NUMBER,bn_wiki_2834,bn_wiki_2834,True,"10,000","10,000 কিলোমিটার",0.009504301997041307,1.5304570919779173e-05,0.0,0.6666666666666666,0.6666666666666666
bn_wiki_2834_03,True,False,span,NUMBER,bn_wiki_2835,bn_wiki_2834,False,2835,"2,891 কিলোমিটার রেলপথ",0.008580350869536643,9.786883692023546e-07,0.0,0.0,0.0
bn_wiki_2834_04,True,False,span,NUMBER,bn_wiki_2834,bn_wiki_2834,True,"10,000","8,900 কিলোমিটার নৌপথ",0.010332022006058506,7.262023853467012e-06,0.0,0.0,0.0
bn_wiki_2834_05,True,False,polarity,POLARITY,nctb_9_10_History_5_10,bn_wiki_2834,False,প্রাচীন বাংলার,,0.007248433366444486,5.3409913217529296e-05,0.0,0.0,0.0
bn_wiki_2023_01,True,False,span,NUMBER,bn_wiki_2007,bn_wiki_2023,True,3,তিন,0.10607992058798207,0.01779489877809319,0.0,0.0,0.0
bn_wiki_2023_02,True,False,span,THING,bn_wiki_2023,bn_wiki_2023,True,40,আইন 40-এর,0.004010967957567432,0.00013393581159226904,0.0,0.5,0.5
bn_wiki_2023_03,True,False,polarity,POLARITY,bn_wiki_2023,bn_wiki_2023,True,জাতীয়,না,0.008247885441468348,9.236861763350923e-06,0.0,0.0,0.0
bn_wiki_2023_04,True,False,span,THING,nctb_9_10_Arabic_9_7,bn_wiki_2023,False,22,,0.009626029964572359,0.00026919643395752896,0.0,0.0,0.0
bn_wiki_2023_05,True,False,span,PERSON,bn_wiki_2023,bn_wiki_2023,True,পরবর্তী ব্যাটসম্যানটির,সবচেয়ে খারাপ ব্যাটসম্যানটিকে,0.009341625237116017,0.0002187946538471583,0.0,0.0,0.4
bn_wiki_1331_01,True,False,span,TIME,bn_wiki_1331,bn_wiki_1331,True,1986,1986,0.0188420881933101,0.0010652964195496245,1.0,1.0,1.0
bn_wiki_1331_02,True,False,span,PERSON,bn_wiki_1331,bn_wiki_1331,True,পরিত্যক্ত প্রিপিয়াত,চেরনোবিল বিদ্যুৎ কেন্দ্র পরিদর্শনকারী অতিথিদের জন্য,0.004084931835313394,6.856749123200327e-05,0.0,0.0,0.0
bn_wiki_1331_03,True,False,span,THING,bn_wiki_1331,bn_wiki_1331,True,4,কল অব ডিউটি 4: মডার্ন ওয়ারফেয়ার,0.004523358793556959,3.6160027240318e-05,0.0,0.2857142857142857,0.2857142857142857
bn_wiki_1331_04,True,False,polarity,POLARITY,bn_wiki_1331,bn_wiki_1331,True,তা,হ্যাঁ,0.006436241009379933,1.1601967514918848e-07,0.0,0.0,0.0
bn_wiki_1331_05,True,False,span,PERSON,bn_wiki_1331,bn_wiki_1331,True,অন্যতম উঁচু,,0.003978533514518499,3.3975975552185365e-05,0.0,0.0,0.0
bn_wiki_0138_01,True,False,polarity,POLARITY,bn_wiki_0138,bn_wiki_0138,True,বিপরীত ঘটনা,কৃষ্ণ বিবরের বিপরীত ঘটনা,0.018537451387857257,8.856890247311427e-06,0.0,0.6666666666666666,0.6666666666666666
bn_wiki_0138_02,True,False,span,THING,bn_wiki_0138,bn_wiki_0138,True,প্রক্রিয়াটিকে,সময়কে বিপরীত দিকে চালালে কৃষ্ণ বিবরকে শ্বেত বিবর বলে মনে হবে,0.009335639199120357,4.862035275639276e-05,0.0,0.0,0.0
bn_wiki_0138_03,True,False,span,THING,bn_wiki_0138,bn_wiki_0138,True,এসে পতিত,যখন একটি ব্লাক হোল নিষ্পন্ন হয় তখন সব কিছু এর মধ্যে এসে পতিত হয়,0.005025979551308545,3.5562719137923957e-05,0.0,0.25,0.25
bn_wiki_0138_04,True,False,span,THING,wiki_35674_8,bn_wiki_0138,True,70,তাহলে বস্তুর মধ্যে সংরক্ষিত শক্তি অন্য মহাবিশ্বের গেলে ঐ মহাবিশ্বের মোট শক্তির পরিমাণ বৃদ্ধি পাবে এবং আমাদের মহাবিশ্বের মোট শক্তির পরিমাণ কমে যাবে,0.002095235285311547,1.1840758527590072e-05,0.0,0.0,0.0
bn_wiki_0138_05,True,False,polarity,POLARITY,wiki_1276_1,bn_wiki_0138,True,নিত্যতা সূত্র,,0.00222626574935842,1.4992942162415056e-06,0.0,0.0,0.0
bn_wiki_1135_01,True,False,span,PERSON,bn_wiki_1135,bn_wiki_1135,True,চীনা সাম্রাজ্যিক,চীনা সাম্রাজ্যিক প্রাসাদকে যা মিং রাজবংশ থেকে চিং রাজবংশের শেষ পর্যন্ত ছিল,0.004441781721384675,9.26574466413553e-06,0.0,0.2857142857142857,0.2857142857142857
bn_wiki_1135_02,True,False,span,PLACE,bn_wiki_1135,bn_wiki_1135,True,চীনা সাম্রাজ্যিক,চীনের বেইজিং শহরের মাঝে,0.0024876362600108684,2.7768452809579826e-06,0.0,0.0,0.0
bn_wiki_1135_03,True,False,polarity,THING,bn_wiki_1135,bn_wiki_1135,True,হস্তনির্মিত বিশাল,হ্যাঁ,0.003818874698320678,2.6799281290187417e-06,0.0,0.0,0.0
bn_wiki_1135_04,True,False,polarity,THING,bn_wiki_1505,bn_wiki_1135,False,অস্ট্রেলিয়ায় আইনজীবী,,0.008028364315360997,0.0002184157327154877,0.0,0.0,0.0
bn_wiki_1135_05,True,False,polarity,POLARITY,wiki_3849_5,bn_wiki_1135,False,সরকার ছয়,,0.0032380549884049787,6.866164761437686e-05,0.0,0.0,0.0
bn_wiki_0753_01,True,False,polarity,POLARITY,bn_wiki_0753,bn_wiki_0753,True,স্পর্শ,"এক ধরনের সুবেদী (উচ্চমাত্রায় সংবেদনশীল) যান্ত্রিক, রাসায়নিক বা ইলেকট্রনীয় কলকৌশল বা ব্যবস্থা যা পরিবেশের কোনো উপাদানের (শব্দ, তাপ, আলো ইত্যাদি) উপস্থিতি শনাক্ত করতে পারে, এগুলির মাত্রা পরিমাপ করতে পারে ও এগুলির প্রতি সাড়া দিতে পারে",0.000828596538288888,3.418965455055027e-06,0.0,0.0,0.0
bn_wiki_0753_02,True,False,list,THING,bn_wiki_0753,bn_wiki_0753,True,বর্তমানে বেশ,সংস্পর্শ-সুবেদী গ্রাহক (কন্টাক্ট সেন্সর); তাপমাত্রা-সুবেদী গ্রাহক (টেম্পারেচার সেন্সর);দূরত্ব-সুবেদী গ্রাহক (ডিসটেন্স সেন্সর);নৈকট্য-সুবেদী;গ্রাহক (প্রক্সিমিটি সেন্সর);স্পর্শ-সুবেদী গ্রাহক (টাচ সেন্সর);অবলোহিত সুবেদী গ্রাহক (ইনফ্রারেড সেন্সর);আলোক ট্রানজিস্টর (ফটো ট্রানজিস্টর);আলোক ডায়োড (ফটো ডায়োড);অবস্থান-সুবেদী গ্রাহক (পজিশন সেন্সর),0.002064606824491919,1.5138783942326463e-06,0.0,0.012698412698412697,0.012698412698412697
bn_wiki_0753_03,True,False,span,THING,bn_wiki_0753,bn_wiki_0753,True,ক্যানারি পাখি,ক্যানারি পাখি,0.002733944215182424,1.8509065026236886e-06,1.0,1.0,1.0
bn_wiki_0753_04,True,False,list,NUMBER,nctb_9_10_Finance_8_22,bn_wiki_0753,True,6,,0.3008869436684886,0.015851989677862055,0.0,0.0,0.0
bn_wiki_0753_05,True,False,polarity,POLARITY,nctb_9_10_Finance_10_29,bn_wiki_0753,True,অবর্তমানে নমিনি,,0.0029237643149216314,1.889113772664047e-05,0.0,0.0,0.0
bn_wiki_2579_01,True,False,polarity,POLARITY,bn_wiki_2579,bn_wiki_2579,True,সেসব শিশুদের,"এমন একটি পরিষেবা যা নার্সিং মায়েদের দ্বারা দান করা মানব দুধ সংগ্রহ, প্রক্রিয়াকরন এবং সংরক্ষনের পর তা সরবরাহকারীর সাথে জৈবিকভাবে সম্পর্কিত নয় এমন নবজাতক শিশুকে সরবরাহ করে",0.0016141648657735555,2.3205642400521333e-06,0.0,0.0,0.06896551724137931
bn_wiki_2579_02,True,False,span,THING,bn_wiki_2579,bn_wiki_2579,True,হ'ল,প্রথম বছর স্তন্যপান করা,0.004499873124261543,2.3107873992084943e-06,0.0,0.0,0.0
bn_wiki_2579_03,True,False,polarity,POLARITY,bn_wiki_2579,bn_wiki_2579,True,ক্ষেত্রে কিছু উদ্বেগের,খরচ; প্রাপ্যতা; স্বাস্থ্যসেবা প্রদানকারীর আগ্রহের অভাব; যারা দান করতে পারে এমন মহিলাদের ধরন সম্পর্কে উদ্বেগ,0.006049417343031812,4.41933938875004e-06,0.0,0.0,0.1111111111111111
bn_wiki_2579_04,True,False,span,TIME,bn_wiki_2579,bn_wiki_2579,True,1,1 ডিসেম্বর 2019,0.03433683754808739,2.3569381361318587e-05,0.0,0.5,0.5
bn_wiki_2579_05,True,False,span,TIME,bn_wiki_2579,bn_wiki_2579,True,1,,0.15894682146714584,0.023707640183682044,0.0,0.0,0.0
bn_wiki_2641_01,True,False,polarity,POLARITY,bn_wiki_2641,bn_wiki_2641,True,অপরাধগুলো যেগুলো,সহিংস অপরাধগুলো যেগুলো প্রধাণত বা কেবলই নারী বা বালিকাদের উপরেই করা হয়,0.0009069708742517999,9.167390438182248e-07,0.0,0.2857142857142857,0.2857142857142857
bn_wiki_2641_02,True,False,polarity,POLARITY,bn_wiki_2498,bn_wiki_2641,True,এরকম,হ্যাঁ,0.0018638068166307031,1.1626509290800328e-07,0.0,0.0,0.0
bn_wiki_2641_03,True,False,list,REASON,bn_wiki_2498,bn_wiki_2641,True,"বোধ, উচ্চস্থানের বোধ","ব্যক্তি তার অধিকারপ্রাপ্তির বোধ; উচ্চস্থানের বোধ; নারীবিদ্বেষ, বা নিজের সহিংস প্রকৃতির জন্য",0.0038597770024428805,2.110544311728548e-06,0.0,0.22857142857142856,0.22857142857142856
bn_wiki_2641_04,True,False,list,THING,bn_wiki_2641,bn_wiki_2641,True,"হয়রানি, প্রজননগত",ধর্ষণ; গৃহ নির্যাতন; যৌন হয়রানি; প্রজননগত জোর-জবরদস্তি; কণ্যা শিশুহত্যা; লিঙ্গভিত্তিক গর্ভপাত; প্রসবকালীন সহিংসতা; উচ্ছৃঙ্খলা জনতার দ্বারা সহিংসতা বা দাঙ্গা; রীতি বা আচারগত চর্চা যেমন সম্মান রক্ষার্থে হত্যা বা অনর কিলিং; যৌতুক সহিংসতা বা পণ মৃত্যু; নারী খৎনা; অপহরণপূর্বক বিবাহ বা জোরপূর্বক বিবাহ,0.001337301133023624,1.6047423786861876e-06,0.0,0.05079365079365079,0.05079365079365079
bn_wiki_2641_05,True,False,polarity,POLARITY,nctb_9_10_BGS_14_22,bn_wiki_2641,True,কারণ,,0.004582130007022715,1.5052144950833228e-05,0.0,0.0,0.0
bn_wiki_2707_01,True,False,span,TIME,wiki_1215_6,bn_wiki_2707,True,0,খ্রিষ্টীয় ষষ্ঠ,0.058371656899130014,0.024500626651183563,0.0,0.0,0.0
bn_wiki_2707_02,True,False,span,PERSON,bn_wiki_2707,bn_wiki_2707,True,ভারতীয়রাই,ভারতীয়রা,0.0030408807009926595,8.537922195394135e-07,0.0,0.0,0.0
bn_wiki_2707_03,True,False,polarity,THING,bn_wiki_2707,bn_wiki_2707,True,বীজগণিত হল,হ্যাঁ,0.009133053280788363,0.00013709501933175695,0.0,0.0,0.0
